event_id,event_date,event_month,day_type,category,category_group,performer_name,market_id,market_name,is_fee_pilot_market,venue_name,capacity,is_cancelled,home_team_last10_win_pct,listings,tickets_listed,tickets_sold,sell_through_rate,median_list_price,orders,fee_pilot_orders,gmv,net_revenue,take_rate,sessions,checkout_starts,session_to_checkout_rate,checkout_to_order_rate
1,2025-01-01,2025-01-01,weeknight,concert,concerts,The Wild Harbors,2,Phoenix,true,Phoenix Arena,19646,false,,216,756,368,0.4868,94.05,100,0,38549.84,8380.41,0.25,3023,239,0.0791,0.4184
2,2025-01-01,2025-01-01,weeknight,concert,concerts,Omar Adler,4,Portland,false,Portland Arena,19339,false,,282,906,529,0.5839,153.37,163,0,89425.64,19440.38,0.25,4641,371,0.0799,0.4394
3,2025-01-01,2025-01-01,weeknight,theater,theater & comedy,The Last Ferry,4,Portland,false,Portland Playhouse,2637,false,,38,131,65,0.4962,72.19,18,0,5412.55,1176.63,0.25,617,44,0.0713,0.4091
4,2025-01-01,2025-01-01,weeknight,concert,concerts,Ben Whitaker,7,Columbus,true,Columbus Arena,17956,false,,164,580,253,0.4362,56.81,67,0,15365.96,3340.45,0.25,1886,153,0.0811,0.4379
5,2025-01-02,2025-01-01,weeknight,theater,theater & comedy,Harbor Lights,1,Denver,false,Denver Playhouse,2520,false,,54,199,109,0.5477,106.3,31,0,12700.12,2760.91,0.25,1069,73,0.0683,0.4247
6,2025-01-02,2025-01-01,weeknight,hockey,sports,Phoenix Dust Devils,2,Phoenix,true,Phoenix Arena,19646,false,0.5,192,700,446,0.6371,102.41,120,0,55083.67,11974.7,0.25,3359,268,0.0798,0.4478
7,2025-01-02,2025-01-01,weeknight,theater,theater & comedy,A Winter Almanac,3,Charlotte,false,Charlotte Playhouse,1903,false,,29,103,47,0.4563,77.99,13,0,3264.51,709.69,0.25,458,30,0.0655,0.4333
8,2025-01-02,2025-01-01,weeknight,basketball,sports,Portland Timber Wolves,4,Portland,false,Portland Arena,19339,false,0.5,240,826,469,0.5678,103.12,143,0,58435.22,12703.33,0.25,3917,310,0.0791,0.4613
9,2025-01-02,2025-01-01,weeknight,hockey,sports,Austin Longhorns HC,6,Austin,false,Austin Arena,18625,false,0.5,210,718,418,0.5822,104.93,121,0,48473.94,10537.85,0.25,3461,279,0.0806,0.4337
10,2025-01-02,2025-01-01,weeknight,basketball,sports,Sacramento Monarchs,8,Sacramento,false,Sacramento Arena,19109,false,0.5,255,862,555,0.6439,113.49,160,0,73987.43,16084.21,0.25,4300,350,0.0814,0.4571
11,2025-01-03,2025-01-01,weekend,basketball,sports,Charlotte Hornbills,3,Charlotte,false,Charlotte Arena,18003,false,0.0,178,635,310,0.4882,91.54,89,0,32356.74,7034.09,0.25,2344,190,0.0811,0.4684
12,2025-01-03,2025-01-01,weekend,theater,theater & comedy,The Clockmaker,3,Charlotte,false,Charlotte Playhouse,1903,false,,41,125,85,0.68,129.0,25,0,11228.68,2441.0,0.25,870,55,0.0632,0.4545
13,2025-01-03,2025-01-01,weekend,theater,theater & comedy,A Winter Almanac,5,Nashville,true,Nashville Playhouse,2364,false,,24,103,65,0.6311,82.87,14,0,6174.04,1342.17,0.25,564,35,0.0621,0.4
14,2025-01-03,2025-01-01,weekend,concert,concerts,The Velvet Satellites,6,Austin,false,Austin Arena,18625,false,,264,898,521,0.5802,111.07,151,0,64217.9,13960.42,0.25,4497,365,0.0812,0.4137
15,2025-01-03,2025-01-01,weekend,theater,theater & comedy,Dust Bowl Ballads,8,Sacramento,false,Sacramento Playhouse,2242,false,,39,137,94,0.6861,129.04,22,0,13039.25,2834.63,0.25,800,51,0.0638,0.4314
16,2025-01-04,2025-01-01,weekend,basketball,sports,Denver Altitude,1,Denver,false,Denver Arena,19434,false,0.0,212,722,355,0.4917,86.7,113,0,39611.35,8611.2,0.25,3096,249,0.0804,0.4538
17,2025-01-04,2025-01-01,weekend,theater,theater & comedy,Northbound,3,Charlotte,false,Charlotte Playhouse,1903,false,,43,149,107,0.7181,151.05,30,0,17060.65,3708.82,0.25,1178,67,0.0569,0.4478
18,2025-01-04,2025-01-01,weekend,basketball,sports,Portland Timber Wolves,4,Portland,false,Portland Arena,19339,false,1.0,338,1160,763,0.6578,152.76,230,0,141250.08,30706.52,0.25,6800,535,0.0787,0.4299
19,2025-01-04,2025-01-01,weekend,hockey,sports,Nashville Steel,5,Nashville,true,Nashville Arena,19465,false,0.0,180,641,384,0.5991,83.94,106,0,39319.78,8547.81,0.25,2922,236,0.0808,0.4492
20,2025-01-04,2025-01-01,weekend,comedy,theater & comedy,Omar Sato,5,Nashville,true,Nashville Playhouse,2364,false,,62,234,125,0.5342,69.61,36,0,11190.7,2432.77,0.25,1289,94,0.0729,0.383
21,2025-01-04,2025-01-01,weekend,theater,theater & comedy,The Clockmaker,6,Austin,false,Austin Playhouse,2350,false,,36,124,82,0.6613,127.6,25,0,13106.18,2849.15,0.25,898,54,0.0601,0.463
22,2025-01-04,2025-01-01,weekend,comedy,theater & comedy,Nina Castillo,7,Columbus,true,Columbus Playhouse,2819,false,,58,208,104,0.5,61.16,32,0,7298.41,1586.64,0.25,851,58,0.0682,0.5517
23,2025-01-04,2025-01-01,weekend,concert,concerts,Diego Lindqvist,8,Sacramento,false,Sacramento Arena,19109,false,,425,1458,1126,0.7723,255.95,330,0,364905.93,79327.28,0.25,9103,719,0.079,0.459
24,2025-01-04,2025-01-01,weekend,comedy,theater & comedy,Marcus Fontaine,8,Sacramento,false,Sacramento Playhouse,2242,false,,44,155,116,0.7484,55.92,31,0,7801.34,1695.93,0.25,1058,76,0.0718,0.4079
25,2025-01-05,2025-01-01,weekend,football,sports,Denver Summit,1,Denver,false,Denver Stadium,67072,false,0.5,476,1669,926,0.5548,170.04,282,0,186110.15,40458.64,0.25,7382,613,0.083,0.46
26,2025-01-05,2025-01-01,weekend,hockey,sports,Phoenix Dust Devils,2,Phoenix,true,Phoenix Arena,19646,false,0.5,207,683,385,0.5637,103.4,122,0,50193.87,10911.72,0.25,3632,294,0.0809,0.415
27,2025-01-05,2025-01-01,weekend,comedy,theater & comedy,Sam Ibarra,2,Phoenix,true,Phoenix Playhouse,1894,false,,28,81,50,0.6173,34.02,18,0,2694.64,585.79,0.25,599,39,0.0651,0.4615
28,2025-01-05,2025-01-01,weekend,football,sports,Charlotte Ironclads,3,Charlotte,false,Charlotte Stadium,67685,false,0.5,496,1740,1138,0.654,174.36,321,0,242715.0,52764.15,0.25,9140,734,0.0803,0.4373
29,2025-01-05,2025-01-01,weekend,comedy,theater & comedy,Hana Fontaine,5,Nashville,true,Nashville Playhouse,2364,false,,48,169,102,0.6036,85.8,30,0,9547.93,2075.64,0.25,1180,67,0.0568,0.4478
30,2025-01-05,2025-01-01,weekend,football,sports,Nashville Outlaws,5,Nashville,true,Nashville Stadium,64896,false,0.5,558,1867,1173,0.6283,193.17,356,0,287571.19,62515.49,0.25,9713,791,0.0814,0.4501
31,2025-01-05,2025-01-01,weekend,hockey,sports,Columbus Navigators,7,Columbus,true,Columbus Arena,17956,false,1.0,258,895,691,0.7721,141.07,192,0,132065.22,28709.82,0.25,5458,422,0.0773,0.455
32,2025-01-06,2025-01-01,weeknight,concert,concerts,The Lunar Hearts,3,Charlotte,false,Charlotte Arena,18003,false,,194,680,251,0.3691,76.41,73,0,19702.7,4283.21,0.25,2052,171,0.0833,0.4269
33,2025-01-06,2025-01-01,weeknight,hockey,sports,Austin Longhorns HC,6,Austin,false,Austin Arena,18625,false,0.5,198,706,405,0.5737,76.66,114,0,39925.29,8679.39,0.25,3097,246,0.0794,0.4634
34,2025-01-06,2025-01-01,weeknight,theater,theater & comedy,Dust Bowl Ballads,7,Columbus,true,Columbus Playhouse,2819,false,,55,189,61,0.3228,99.06,19,0,5392.18,1172.21,0.25,573,41,0.0716,0.4634
35,2025-01-07,2025-01-01,weeknight,concert,concerts,The Neon Rivers,1,Denver,false,Denver Arena,19434,false,,239,883,448,0.5074,112.76,121,0,56425.61,12266.47,0.25,3248,268,0.0825,0.4515
36,2025-01-07,2025-01-01,weeknight,theater,theater & comedy,Harbor Lights,3,Charlotte,false,Charlotte Playhouse,1903,false,,26,98,61,0.6224,118.24,15,0,9153.58,1989.9,0.25,653,40,0.0613,0.375
37,2025-01-07,2025-01-01,weeknight,basketball,sports,Portland Timber Wolves,4,Portland,false,Portland Arena,19339,false,1.0,236,763,453,0.5937,108.02,147,0,56831.76,12354.73,0.25,3684,307,0.0833,0.4788
38,2025-01-07,2025-01-01,weeknight,concert,concerts,Priya Brennan,7,Columbus,true,Columbus Arena,17956,false,,313,1102,709,0.6434,184.46,196,0,163288.46,35497.5,0.25,5781,453,0.0784,0.4327
39,2025-01-08,2025-01-01,weeknight,basketball,sports,Denver Altitude,1,Denver,false,Denver Arena,19434,false,0.333,205,673,275,0.4086,90.96,82,0,29174.14,6342.23,0.25,2148,178,0.0829,0.4607
40,2025-01-08,2025-01-01,weeknight,hockey,sports,Nashville Steel,5,Nashville,true,Nashville Arena,19465,false,0.5,186,653,385,0.5896,85.79,115,0,39113.14,8502.81,0.25,3326,266,0.08,0.4323
41,2025-01-08,2025-01-01,weeknight,hockey,sports,Columbus Navigators,7,Columbus,true,Columbus Arena,17956,false,0.333,207,756,412,0.545,115.38,114,0,61285.76,13323.01,0.25,3239,257,0.0793,0.4436
42,2025-01-08,2025-01-01,weeknight,theater,theater & comedy,The Clockmaker,8,Sacramento,false,Sacramento Playhouse,2242,false,,31,95,50,0.5263,124.08,15,0,7224.77,1570.61,0.25,536,31,0.0578,0.4839
43,2025-01-09,2025-01-01,weeknight,concert,concerts,Priya Brennan,2,Phoenix,true,Phoenix Arena,19646,false,,331,1176,841,0.7151,192.29,239,0,196509.53,42719.44,0.25,6543,525,0.0802,0.4552
44,2025-01-09,2025-01-01,weeknight,hockey,sports,Austin Longhorns HC,6,Austin,false,Austin Arena,18625,false,0.667,186,686,418,0.6093,107.52,114,0,55278.66,12017.05,0.25,3383,261,0.0772,0.4368
45,2025-01-10,2025-01-01,weekend,theater,theater & comedy,A Winter Almanac,3,Charlotte,false,Charlotte Playhouse,1903,false,,33,125,84,0.672,83.16,20,0,8883.86,1931.29,0.25,763,50,0.0655,0.4
46,2025-01-10,2025-01-01,weekend,concert,concerts,Iris Ibarra,5,Nashville,true,Nashville Arena,19465,false,,297,1007,638,0.6336,142.69,192,0,111393.82,24216.01,0.25,5521,439,0.0795,0.4374
47,2025-01-10,2025-01-01,weekend,concert,concerts,Priya Adler,6,Austin,false,Austin Arena,18625,false,,338,1184,857,0.7238,167.05,236,0,178038.35,38703.95,0.25,6418,509,0.0793,0.4637
48,2025-01-10,2025-01-01,weekend,basketball,sports,Sacramento Monarchs,8,Sacramento,false,Sacramento Arena,19109,false,0.5,233,761,488,0.6413,117.95,150,0,64893.12,14107.22,0.25,4110,329,0.08,0.4559
49,2025-01-10,2025-01-01,weekend,theater,theater & comedy,Harbor Lights,8,Sacramento,false,Sacramento Playhouse,2242,false,,56,196,136,0.6939,149.48,42,0,24239.03,5269.37,0.25,1447,90,0.0622,0.4667
50,2025-01-11,2025-01-01,weekend,comedy,theater & comedy,Aisha Reyes,1,Denver,false,Denver Playhouse,2520,false,,44,158,108,0.6835,71.52,27,0,8235.5,1790.33,0.25,786,49,0.0623,0.551
51,2025-01-11,2025-01-01,weekend,concert,concerts,Priya Ibarra,2,Phoenix,true,Phoenix Arena,19646,false,,245,810,478,0.5901,93.45,139,0,53227.37,11571.16,0.25,3950,318,0.0805,0.4371
52,2025-01-11,2025-01-01,weekend,concert,concerts,Priya Brennan,3,Charlotte,false,Charlotte Arena,18003,false,,393,1360,1031,0.7581,244.48,298,0,302240.34,65704.39,0.25,8411,664,0.0789,0.4488
53,2025-01-11,2025-01-01,weekend,concert,concerts,The Lunar Harbors,4,Portland,false,Portland Arena,19339,false,,470,1681,1289,0.7668,274.58,357,0,444048.34,96532.18,0.25,10266,795,0.0774,0.4491
54,2025-01-11,2025-01-01,weekend,theater,theater & comedy,Copper & Coal,5,Nashville,true,Nashville Playhouse,2364,false,,30,89,47,0.5281,116.06,16,0,5732.98,1246.29,0.25,720,45,0.0625,0.3556
55,2025-01-11,2025-01-01,weekend,comedy,theater & comedy,Omar Sato,6,Austin,false,Austin Playhouse,2350,false,,51,174,114,0.6552,75.89,34,0,11505.14,2501.13,0.25,1195,74,0.0619,0.4595
56,2025-01-11,2025-01-01,weekend,concert,concerts,The Static Tides,8,Sacramento,false,Sacramento Arena,19109,false,,289,1028,718,0.6984,141.66,197,0,128605.87,27957.79,0.25,5495,440,0.0801,0.4477
57,2025-01-12,2025-01-01,weekend,basketball,sports,Denver Altitude,1,Denver,false,Denver Arena,19434,false,0.2,205,748,398,0.5321,92.28,111,0,41734.55,9072.71,0.25,2980,245,0.0822,0.4531
58,2025-01-12,2025-01-01,weekend,hockey,sports,Nashville Steel,5,Nashville,true,Nashville Arena,19465,false,0.429,186,667,342,0.5127,98.44,99,0,35665.26,7753.35,0.25,2810,223,0.0794,0.4439
59,2025-01-12,2025-01-01,weekend,theater,theater & comedy,Northbound,5,Nashville,true,Nashville Playhouse,2364,false,,55,194,152,0.7835,151.97,42,0,29057.14,6316.76,0.25,1549,100,0.0646,0.42
60,2025-01-13,2025-01-01,weeknight,basketball,sports,Denver Altitude,1,Denver,false,Denver Arena,19434,false,0.167,178,632,294,0.4652,74.57,79,0,26381.69,5735.18,0.25,2134,176,0.0825,0.4489
61,2025-01-13,2025-01-01,weeknight,theater,theater & comedy,The Lighthouse Keeper,1,Denver,false,Denver Playhouse,2520,false,,29,98,47,0.4796,107.98,14,0,5860.24,1273.97,0.25,478,33,0.069,0.4242
62,2025-01-13,2025-01-01,weeknight,theater,theater & comedy,The Understudy,2,Phoenix,true,Phoenix Playhouse,1894,false,,30,97,42,0.433,80.99,14,0,3892.57,846.22,0.25,538,33,0.0613,0.4242
63,2025-01-13,2025-01-01,weeknight,concert,concerts,The Paper Pilots,4,Portland,false,Portland Arena,19339,false,,233,774,394,0.509,120.39,123,0,55093.61,11976.87,0.25,3856,310,0.0804,0.3968
64,2025-01-13,2025-01-01,weeknight,theater,theater & comedy,The Understudy,4,Portland,false,Portland Playhouse,2637,false,,46,146,68,0.4658,118.96,21,0,8290.81,1802.34,0.25,745,47,0.0631,0.4468
65,2025-01-14,2025-01-01,weeknight,hockey,sports,Phoenix Dust Devils,2,Phoenix,true,Phoenix Arena,19646,false,0.333,203,703,345,0.4908,85.99,97,0,35227.94,7658.23,0.25,2574,207,0.0804,0.4686
66,2025-01-14,2025-01-01,weeknight,hockey,sports,Nashville Steel,5,Nashville,true,Nashville Arena,19465,false,0.375,178,612,276,0.451,76.9,86,0,24622.06,5352.59,0.25,2457,193,0.0786,0.4456
67,2025-01-14,2025-01-01,weeknight,hockey,sports,Austin Longhorns HC,6,Austin,false,Austin Arena,18625,false,0.4,190,702,366,0.5214,85.25,104,0,33868.24,7362.59,0.25,2790,231,0.0828,0.4502
68,2025-01-14,2025-01-01,weeknight,theater,theater & comedy,Starlight Express Line,8,Sacramento,false,Sacramento Playhouse,2242,false,,40,147,99,0.6735,112.71,26,0,11496.28,2499.2,0.25,924,61,0.066,0.4262
69,2025-01-15,2025-01-01,weeknight,theater,theater & comedy,Northbound,4,Portland,false,Portland Playhouse,2637,false,,39,134,78,0.5821,141.25,26,0,12343.67,2683.4,0.25,958,58,0.0605,0.4483
70,2025-01-15,2025-01-01,weeknight,theater,theater & comedy,Harbor Lights,6,Austin,false,Austin Playhouse,2350,false,,42,153,87,0.5686,114.65,24,0,11413.07,2481.1,0.25,880,57,0.0648,0.4211
71,2025-01-16,2025-01-01,weeknight,concert,concerts,The Hollow Hearts,2,Phoenix,true,Phoenix Arena,19646,false,,304,1092,730,0.6685,184.13,202,0,165454.09,35968.26,0.25,5893,463,0.0786,0.4363
72,2025-01-16,2025-01-01,weeknight,theater,theater & comedy,The Clockmaker,3,Charlotte,false,Charlotte Playhouse,1903,false,,37,136,83,0.6103,107.13,24,0,12546.96,2727.61,0.25,908,58,0.0639,0.4138
73,2025-01-16,2025-01-01,weeknight,concert,concerts,Hana Whitaker,4,Portland,false,Portland Arena,19339,false,,261,841,497,0.591,153.57,157,0,92430.0,20093.5,0.25,4541,363,0.0799,0.4325
74,2025-01-16,2025-01-01,weeknight,concert,concerts,Omar Fontaine,6,Austin,false,Austin Arena,18625,false,,234,819,531,0.6484,115.45,148,0,70349.58,15293.39,0.25,4545,361,0.0794,0.41
75,2025-01-16,2025-01-01,weeknight,theater,theater & comedy,Glass Menagerie Revue,6,Austin,false,Austin Playhouse,2350,false,,39,163,78,0.4785,112.94,18,0,10798.83,2347.59,0.25,642,41,0.0639,0.439
76,2025-01-16,2025-01-01,weeknight,theater,theater & comedy,Glass Menagerie Revue,8,Sacramento,false,Sacramento Playhouse,2242,false,,36,115,64,0.5565,123.02,23,0,9714.17,2111.77,0.25,839,55,0.0656,0.4182
77,2025-01-17,2025-01-01,weekend,basketball,sports,Denver Altitude,1,Denver,false,Denver Arena,19434,false,0.125,190,637,331,0.5196,85.85,100,0,30360.91,6600.16,0.25,2698,214,0.0793,0.4673
78,2025-01-17,2025-01-01,weekend,theater,theater & comedy,The Understudy,1,Denver,false,Denver Playhouse,2520,false,,60,200,123,0.615,117.42,35,0,17005.85,3696.91,0.25,1055,70,0.0664,0.5
79,2025-01-17,2025-01-01,weekend,hockey,sports,Phoenix Dust Devils,2,Phoenix,true,Phoenix Arena,19646,false,0.375,202,698,379,0.543,101.13,104,0,40073.78,8711.62,0.25,3021,247,0.0818,0.4211
80,2025-01-17,2025-01-01,weekend,theater,theater & comedy,Copper & Coal,2,Phoenix,true,Phoenix Playhouse,1894,false,,29,95,52,0.5474,94.1,18,0,5819.46,1265.1,0.25,635,39,0.0614,0.4615
81,2025-01-17,2025-01-01,weekend,basketball,sports,Charlotte Hornbills,3,Charlotte,false,Charlotte Arena,18003,false,0.286,196,711,359,0.5049,117.03,105,0,48688.45,10584.45,0.25,3160,254,0.0804,0.4134
82,2025-01-17,2025-01-01,weekend,basketball,sports,Portland Timber Wolves,4,Portland,false,Portland Arena,19339,false,0.75,258,979,651,0.665,133.54,174,0,104567.54,22732.05,0.25,5252,410,0.0781,0.4244
83,2025-01-17,2025-01-01,weekend,comedy,theater & comedy,Ravi Castillo,4,Portland,false,Portland Playhouse,2637,false,,72,235,148,0.6298,110.66,45,0,19722.02,4287.41,0.25,1650,106,0.0642,0.4245
84,2025-01-17,2025-01-01,weekend,theater,theater & comedy,Glass Menagerie Revue,5,Nashville,true,Nashville Playhouse,2364,false,,35,122,80,0.6557,123.77,22,0,12135.47,2638.15,0.25,900,58,0.0644,0.3793
85,2025-01-17,2025-01-01,weekend,hockey,sports,Austin Longhorns HC,6,Austin,false,Austin Arena,18625,false,0.286,156,520,246,0.4731,95.53,77,0,30997.75,6738.64,0.25,2188,170,0.0777,0.4529
86,2025-01-17,2025-01-01,weekend,basketball,sports,Sacramento Monarchs,8,Sacramento,false,Sacramento Arena,19109,false,0.429,264,890,512,0.5753,119.33,159,0,72492.95,15759.33,0.25,4434,355,0.0801,0.4479
87,2025-01-17,2025-01-01,weekend,theater,theater & comedy,Harbor Lights,8,Sacramento,false,Sacramento Playhouse,2242,false,,27,83,64,0.7711,131.84,21,0,12195.4,2651.16,0.25,813,45,0.0554,0.4667
88,2025-01-18,2025-01-01,weekend,hockey,sports,Nashville Steel,5,Nashville,true,Nashville Arena,19465,false,0.5,211,737,369,0.5007,101.09,114,0,45027.89,9788.67,0.25,3283,263,0.0801,0.4335
89,2025-01-18,2025-01-01,weekend,hockey,sports,Columbus Navigators,7,Columbus,true,Columbus Arena,17956,false,0.5,221,765,509,0.6654,136.23,151,0,87839.62,19095.6,0.25,4412,343,0.0777,0.4402
90,2025-01-18,2025-01-01,weekend,comedy,theater & comedy,Hana Fontaine,7,Columbus,true,Columbus Playhouse,2819,false,,67,224,144,0.6429,85.95,42,0,14387.39,3127.69,0.25,1280,85,0.0664,0.4941
91,2025-01-18,2025-01-01,weekend,basketball,sports,Sacramento Monarchs,8,Sacramento,false,Sacramento Arena,19109,false,0.5,310,1079,813,0.7535,141.05,233,0,139323.89,30287.84,0.25,6942,554,0.0798,0.4206
92,2025-01-19,2025-01-01,weekend,theater,theater & comedy,Harbor Lights,1,Denver,false,Denver Playhouse,2520,false,,50,188,105,0.5585,139.09,28,0,20531.68,4463.41,0.25,1073,73,0.068,0.3836
93,2025-01-19,2025-01-01,weekend,hockey,sports,Phoenix Dust Devils,2,Phoenix,true,Phoenix Arena,19646,false,0.444,230,853,508,0.5955,119.8,138,0,65303.36,14196.35,0.25,4168,340,0.0816,0.4059
94,2025-01-19,2025-01-01,weekend,basketball,sports,Charlotte Hornbills,3,Charlotte,false,Charlotte Arena,18003,false,0.25,181,625,337,0.5392,97.14,97,0,39578.48,8603.99,0.25,2766,224,0.081,0.433
95,2025-01-19,2025-01-01,weekend,comedy,theater & comedy,Diego Sato,4,Portland,false,Portland Playhouse,2637,false,,65,252,151,0.5992,88.26,42,0,15874.54,3451.0,0.25,1322,86,0.0651,0.4884
96,2025-01-19,2025-01-01,weekend,theater,theater & comedy,The Last Ferry,5,Nashville,true,Nashville Playhouse,2364,false,,28,94,66,0.7021,105.77,18,0,7470.91,1624.1,0.25,768,45,0.0586,0.4
97,2025-01-19,2025-01-01,weekend,hockey,sports,Austin Longhorns HC,6,Austin,false,Austin Arena,18625,false,0.375,153,557,334,0.5996,95.04,94,0,38311.24,8328.52,0.25,2710,211,0.0779,0.4455
98,2025-01-19,2025-01-01,weekend,hockey,sports,Columbus Navigators,7,Columbus,true,Columbus Arena,17956,false,0.444,217,708,433,0.6116,125.22,125,0,64374.45,13994.42,0.25,3644,286,0.0785,0.4371
99,2025-01-19,2025-01-01,weekend,concert,concerts,Kofi Okafor,8,Sacramento,false,Sacramento Arena,19109,false,,237,854,368,0.4309,101.34,101,0,39220.77,8526.27,0.25,3026,244,0.0806,0.4139
100,2025-01-20,2025-01-01,weeknight,theater,theater & comedy,Harbor Lights,1,Denver,false,Denver Playhouse,2520,false,,37,136,71,0.5221,136.93,20,0,10535.62,2290.34,0.25,659,42,0.0637,0.4762
101,2025-01-20,2025-01-01,weeknight,comedy,theater & comedy,Ravi Adler,2,Phoenix,true,Phoenix Playhouse,1894,false,,54,167,94,0.5629,123.07,31,0,12184.06,2648.72,0.25,1135,72,0.0634,0.4306
102,2025-01-20,2025-01-01,weeknight,basketball,sports,Portland Timber Wolves,4,Portland,false,Portland Arena,19339,false,0.6,232,796,367,0.4611,104.06,108,0,46277.29,10060.26,0.25,3175,256,0.0806,0.4219
103,2025-01-20,2025-01-01,weeknight,theater,theater & comedy,Copper & Coal,5,Nashville,true,Nashville Playhouse,2364,false,,35,115,54,0.4696,78.04,15,0,5279.26,1147.67,0.25,470,33,0.0702,0.4545
104,2025-01-20,2025-01-01,weeknight,comedy,theater & comedy,Marcus Brennan,7,Columbus,true,Columbus Playhouse,2819,false,,74,240,188,0.7833,80.81,56,0,17195.53,3738.19,0.25,1646,115,0.0699,0.487
105,2025-01-21,2025-01-01,weeknight,basketball,sports,Denver Altitude,1,Denver,false,Denver Arena,19434,false,0.2,197,664,269,0.4051,74.84,78,0,21321.9,4635.22,0.25,2282,191,0.0837,0.4084
106,2025-01-21,2025-01-01,weeknight,theater,theater & comedy,Copper & Coal,1,Denver,false,Denver Playhouse,2520,false,,47,175,101,0.5771,89.33,24,0,9612.5,2089.67,0.25,714,53,0.0742,0.4528
107,2025-01-21,2025-01-01,weeknight,basketball,sports,Charlotte Hornbills,3,Charlotte,false,Charlotte Arena,18003,false,0.333,220,746,425,0.5697,102.67,129,0,50672.74,11015.78,0.25,3229,264,0.0818,0.4886
108,2025-01-21,2025-01-01,weeknight,basketball,sports,Portland Timber Wolves,4,Portland,false,Portland Arena,19339,false,0.5,213,786,460,0.5852,108.74,119,0,58421.98,12700.48,0.25,3155,252,0.0799,0.4722
109,2025-01-21,2025-01-01,weeknight,basketball,sports,Sacramento Monarchs,8,Sacramento,false,Sacramento Arena,19109,false,0.6,215,726,345,0.4752,95.63,102,0,38212.62,8307.07,0.25,2900,233,0.0803,0.4378
110,2025-01-22,2025-01-01,weeknight,concert,concerts,The Lucky Wolves,1,Denver,false,Denver Arena,19434,false,,211,702,275,0.3917,74.18,85,0,24754.56,5381.44,0.25,2137,173,0.081,0.4913
111,2025-01-22,2025-01-01,weeknight,theater,theater & comedy,Northbound,3,Charlotte,false,Charlotte Playhouse,1903,false,,25,90,46,0.5111,136.75,14,0,7979.86,1734.76,0.25,512,30,0.0586,0.4667
112,2025-01-22,2025-01-01,weeknight,theater,theater & comedy,The Clockmaker,7,Columbus,true,Columbus Playhouse,2819,false,,51,195,106,0.5436,114.56,29,0,15249.76,3315.14,0.25,1077,75,0.0696,0.3867
113,2025-01-22,2025-01-01,weeknight,comedy,theater & comedy,Theo Moreno,8,Sacramento,false,Sacramento Playhouse,2242,false,,35,117,59,0.5043,40.66,17,0,2671.74,580.81,0.25,544,39,0.0717,0.4359
114,2025-01-23,2025-01-01,weeknight,theater,theater & comedy,The Clockmaker,1,Denver,false,Denver Playhouse,2520,false,,52,178,120,0.6742,149.79,33,0,21152.39,4598.34,0.25,964,69,0.0716,0.4783
115,2025-01-23,2025-01-01,weeknight,basketball,sports,Charlotte Hornbills,3,Charlotte,false,Charlotte Arena,18003,false,0.4,187,631,294,0.4659,104.93,87,0,33563.4,7296.38,0.25,2426,197,0.0812,0.4416
116,2025-01-23,2025-01-01,weeknight,theater,theater & comedy,The Understudy,3,Charlotte,false,Charlotte Playhouse,1903,false,,37,127,69,0.5433,96.24,23,0,8911.0,1937.16,0.25,792,57,0.072,0.4035
117,2025-01-23,2025-01-01,weeknight,basketball,sports,Portland Timber Wolves,4,Portland,false,Portland Arena,19339,false,0.4,193,674,324,0.4807,95.06,93,0,35077.76,7625.59,0.25,2677,209,0.0781,0.445
118,2025-01-23,2025-01-01,weeknight,concert,concerts,Jordan Nguyen,6,Austin,false,Austin Arena,18625,false,,230,842,530,0.6295,121.56,141,0,74596.01,16216.52,0.25,3870,319,0.0824,0.442
119,2025-01-23,2025-01-01,weeknight,hockey,sports,Columbus Navigators,7,Columbus,true,Columbus Arena,17956,false,0.4,209,726,495,0.6818,123.1,140,0,70552.94,15337.57,0.25,4357,347,0.0796,0.4035
120,2025-01-23,2025-01-01,weeknight,theater,theater & comedy,The Clockmaker,8,Sacramento,false,Sacramento Playhouse,2242,false,,41,126,83,0.6587,131.86,30,0,13865.15,3014.15,0.25,1068,67,0.0627,0.4478
121,2025-01-24,2025-01-01,weekend,basketball,sports,Denver Altitude,1,Denver,false,Denver Arena,19434,false,0.2,208,699,343,0.4907,91.79,104,0,33372.94,7254.98,0.25,2832,228,0.0805,0.4561
122,2025-01-24,2025-01-01,weekend,theater,theater & comedy,Northbound,3,Charlotte,false,Charlotte Playhouse,1903,false,,36,114,91,0.7982,140.92,28,0,15746.27,3423.1,0.25,1067,64,0.06,0.4375
123,2025-01-24,2025-01-01,weekend,concert,concerts,The Hollow Harbors,4,Portland,false,Portland Arena,19339,false,,303,1036,670,0.6467,142.12,201,0,112933.21,24550.7,0.25,5883,468,0.0796,0.4295
124,2025-01-24,2025-01-01,weekend,hockey,sports,Columbus Navigators,7,Columbus,true,Columbus Arena,17956,false,0.5,219,760,498,0.6553,139.07,144,0,85009.45,18480.29,0.25,4098,321,0.0783,0.4486
125,2025-01-24,2025-01-01,weekend,comedy,theater & comedy,Marcus Brennan,7,Columbus,true,Columbus Playhouse,2819,false,,72,263,151,0.5741,78.84,45,0,14552.88,3163.68,0.25,1674,115,0.0687,0.3913
126,2025-01-24,2025-01-01,weekend,concert,concerts,Iris Whitaker,8,Sacramento,false,Sacramento Arena,19109,false,,262,891,533,0.5982,92.66,156,0,58588.83,12736.73,0.25,4262,348,0.0817,0.4483
127,2025-01-25,2025-01-01,weekend,hockey,sports,Phoenix Dust Devils,2,Phoenix,true,Phoenix Arena,19646,false,0.4,218,746,415,0.5563,99.79,130,0,52041.24,11313.27,0.25,3508,285,0.0812,0.4561
128,2025-01-25,2025-01-01,weekend,theater,theater & comedy,Starlight Express Line,2,Phoenix,true,Phoenix Playhouse,1894,false,,35,109,76,0.6972,94.78,23,0,8688.79,1888.86,0.25,886,52,0.0587,0.4423
129,2025-01-25,2025-01-01,weekend,concert,concerts,The Quiet Harbors,3,Charlotte,false,Charlotte Arena,18003,false,,232,828,524,0.6329,126.66,145,0,75738.53,16464.87,0.25,4122,328,0.0796,0.4421
130,2025-01-25,2025-01-01,weekend,comedy,theater & comedy,Kofi Moreno,3,Charlotte,false,Charlotte Playhouse,1903,false,,46,153,88,0.5752,76.57,27,0,8690.53,1889.25,0.25,1034,64,0.0619,0.4219
131,2025-01-25,2025-01-01,weekend,basketball,sports,Portland Timber Wolves,4,Portland,false,Portland Arena,19339,false,0.3,232,826,453,0.5484,106.27,128,0,58949.52,12815.09,0.25,3466,277,0.0799,0.4621
132,2025-01-25,2025-01-01,weekend,hockey,sports,Nashville Steel,5,Nashville,true,Nashville Arena,19465,false,0.5,211,723,451,0.6238,98.91,137,0,59813.96,13003.01,0.25,3915,306,0.0782,0.4477
133,2025-01-25,2025-01-01,weekend,hockey,sports,Austin Longhorns HC,6,Austin,false,Austin Arena,18625,false,0.4,219,756,467,0.6177,115.94,136,0,62313.4,13546.44,0.25,4011,311,0.0775,0.4373
134,2025-01-25,2025-01-01,weekend,theater,theater & comedy,Dust Bowl Ballads,6,Austin,false,Austin Playhouse,2350,false,,34,96,62,0.6458,115.9,23,0,7316.18,1590.48,0.25,828,49,0.0592,0.4694
135,2025-01-25,2025-01-01,weekend,comedy,theater & comedy,Maya Sato,7,Columbus,true,Columbus Playhouse,2819,false,,48,159,74,0.4654,37.85,25,0,3752.75,815.79,0.25,715,52,0.0727,0.4808
136,2025-01-26,2025-01-01,weekend,theater,theater & comedy,Dust Bowl Ballads,2,Phoenix,true,Phoenix Playhouse,1894,false,,39,124,74,0.5968,106.92,24,0,12795.16,2781.56,0.25,848,53,0.0625,0.4528
137,2025-01-26,2025-01-01,weekend,theater,theater & comedy,The Last Ferry,3,Charlotte,false,Charlotte Playhouse,1903,false,,35,125,77,0.616,121.71,22,0,11980.63,2604.5,0.25,820,50,0.061,0.44
138,2025-01-26,2025-01-01,weekend,hockey,sports,Nashville Steel,5,Nashville,true,Nashville Arena,19465,false,0.4,174,593,369,0.6223,93.08,104,0,41232.2,8963.54,0.25,3185,246,0.0772,0.4228
139,2025-01-26,2025-01-01,weekend,comedy,theater & comedy,Nina Kowalski,5,Nashville,true,Nashville Playhouse,2364,false,,67,205,142,0.6927,62.81,45,0,10379.92,2256.49,0.25,1358,98,0.0722,0.4592
140,2025-01-26,2025-01-01,weekend,hockey,sports,Columbus Navigators,7,Columbus,true,Columbus Arena,17956,false,0.6,245,870,596,0.6851,133.34,172,0,97868.54,21275.8,0.25,5001,407,0.0814,0.4226
141,2025-01-26,2025-01-01,weekend,theater,theater & comedy,Glass Menagerie Revue,7,Columbus,true,Columbus Playhouse,2819,false,,57,192,110,0.5729,136.82,35,0,16876.61,3668.85,0.25,1231,84,0.0682,0.4167
142,2025-01-26,2025-01-01,weekend,concert,concerts,The Golden Hearts,8,Sacramento,false,Sacramento Arena,19109,false,,220,785,386,0.4917,74.13,102,0,32061.62,6969.87,0.25,2871,233,0.0812,0.4378
143,2025-01-27,2025-01-01,weeknight,comedy,theater & comedy,Marcus Fontaine,2,Phoenix,true,Phoenix Playhouse,1894,false,,28,136,55,0.4044,57.76,13,0,3845.57,835.99,0.25,502,32,0.0637,0.4063
144,2025-01-27,2025-01-01,weeknight,hockey,sports,Austin Longhorns HC,6,Austin,false,Austin Arena,18625,false,0.3,184,633,357,0.564,88.43,99,0,37092.57,8063.62,0.25,2730,220,0.0806,0.45
145,2025-01-27,2025-01-01,weeknight,comedy,theater & comedy,Luis Hale,7,Columbus,true,Columbus Playhouse,2819,false,,45,165,96,0.5818,57.13,23,0,5422.5,1178.79,0.25,677,49,0.0724,0.4694
146,2025-01-27,2025-01-01,weeknight,basketball,sports,Sacramento Monarchs,8,Sacramento,false,Sacramento Arena,19109,false,0.7,221,761,428,0.5624,112.02,125,0,49757.82,10816.89,0.25,3556,289,0.0813,0.4325
147,2025-01-28,2025-01-01,weeknight,comedy,theater & comedy,Iris Reyes,2,Phoenix,true,Phoenix Playhouse,1894,false,,47,162,91,0.5617,44.19,26,0,5258.71,1143.19,0.25,802,56,0.0698,0.4643
148,2025-01-28,2025-01-01,weeknight,concert,concerts,The Velvet Tides,3,Charlotte,false,Charlotte Arena,18003,false,,229,790,352,0.4456,89.22,110,0,35691.7,7759.04,0.25,3122,256,0.082,0.4297
149,2025-01-28,2025-01-01,weeknight,theater,theater & comedy,The Lighthouse Keeper,3,Charlotte,false,Charlotte Playhouse,1903,false,,32,126,81,0.6429,110.41,18,0,11417.18,2481.99,0.25,654,41,0.0627,0.439
150,2025-01-28,2025-01-01,weeknight,hockey,sports,Nashville Steel,5,Nashville,true,Nashville Arena,19465,false,0.5,161,583,315,0.5403,79.2,84,0,29317.02,6373.29,0.25,2130,178,0.0836,0.4719
151,2025-01-28,2025-01-01,weeknight,concert,concerts,The Glass Lanterns,7,Columbus,true,Columbus Arena,17956,false,,233,790,483,0.6114,129.46,144,0,76810.76,16698.0,0.25,4130,331,0.0801,0.435
152,2025-01-28,2025-01-01,weeknight,comedy,theater & comedy,Nina Castillo,7,Columbus,true,Columbus Playhouse,2819,false,,53,155,86,0.5548,74.03,28,0,6806.79,1479.71,0.25,916,62,0.0677,0.4516
153,2025-01-29,2025-01-01,weeknight,basketball,sports,Denver Altitude,1,Denver,false,Denver Arena,19434,false,0.2,203,752,337,0.4481,90.83,92,0,35372.92,7689.81,0.25,2475,206,0.0832,0.4466
154,2025-01-29,2025-01-01,weeknight,concert,concerts,Kofi Adler,3,Charlotte,false,Charlotte Arena,18003,false,,214,755,476,0.6305,106.48,135,0,65382.73,14213.62,0.25,3791,312,0.0823,0.4327
155,2025-01-29,2025-01-01,weeknight,basketball,sports,Portland Timber Wolves,4,Portland,false,Portland Arena,19339,false,0.3,218,690,362,0.5246,96.7,115,0,44241.26,9617.69,0.25,3285,267,0.0813,0.4307
156,2025-01-29,2025-01-01,weeknight,comedy,theater & comedy,Marcus Whitaker,4,Portland,false,Portland Playhouse,2637,false,,52,178,105,0.5899,70.12,31,0,9469.93,2058.7,0.25,1042,75,0.072,0.4133
157,2025-01-29,2025-01-01,weeknight,hockey,sports,Austin Longhorns HC,6,Austin,false,Austin Arena,18625,false,0.4,213,737,449,0.6092,97.34,130,0,51408.97,11175.89,0.25,3624,284,0.0784,0.4577
158,2025-01-29,2025-01-01,weeknight,theater,theater & comedy,Paper Moons,6,Austin,false,Austin Playhouse,2350,false,,33,118,46,0.3898,127.82,13,0,8471.46,1841.61,0.25,463,25,0.054,0.52
159,2025-01-30,2025-01-01,weeknight,hockey,sports,Phoenix Dust Devils,2,Phoenix,true,Phoenix Arena,19646,false,0.3,199,687,366,0.5328,82.24,100,0,37125.0,8070.69,0.25,2845,233,0.0819,0.4292
160,2025-01-30,2025-01-01,weeknight,theater,theater & comedy,The Lighthouse Keeper,2,Phoenix,true,Phoenix Playhouse,1894,false,,19,78,36,0.4615,128.82,10,0,5709.81,1241.27,0.25,323,18,0.0557,0.5556
161,2025-01-30,2025-01-01,weeknight,basketball,sports,Charlotte Hornbills,3,Charlotte,false,Charlotte Arena,18003,false,0.4,220,787,466,0.5921,99.33,128,0,53112.64,11546.19,0.25,3580,294,0.0821,0.4354
162,2025-01-30,2025-01-01,weeknight,basketball,sports,Sacramento Monarchs,8,Sacramento,false,Sacramento Arena,19109,false,0.6,244,826,529,0.6404,108.39,149,0,71419.99,15526.09,0.25,4267,346,0.0811,0.4306
163,2025-01-31,2025-01-01,weekend,theater,theater & comedy,Starlight Express Line,1,Denver,false,Denver Playhouse,2520,false,,51,169,125,0.7396,141.34,36,0,19723.88,4287.79,0.25,1177,79,0.0671,0.4557
164,2025-01-31,2025-01-01,weekend,theater,theater & comedy,Starlight Express Line,3,Charlotte,false,Charlotte Playhouse,1903,false,,44,157,104,0.6624,121.07,31,0,15816.52,3438.36,0.25,1282,84,0.0655,0.369
165,2025-01-31,2025-01-01,weekend,basketball,sports,Portland Timber Wolves,4,Portland,false,Portland Arena,19339,false,0.2,220,717,341,0.4756,112.72,112,0,40328.36,8767.06,0.25,3234,258,0.0798,0.4341
166,2025-01-31,2025-01-01,weekend,theater,theater & comedy,Northbound,4,Portland,false,Portland Playhouse,2637,false,,51,173,115,0.6647,185.92,34,0,24443.24,5313.74,0.25,1262,72,0.0571,0.4722
167,2025-01-31,2025-01-01,weekend,hockey,sports,Nashville Steel,5,Nashville,true,Nashville Arena,19465,false,0.5,226,745,420,0.5638,98.2,138,0,53488.58,11627.93,0.25,4230,342,0.0809,0.4035
168,2025-01-31,2025-01-01,weekend,concert,concerts,The Paper Gardens,6,Austin,false,Austin Arena,18625,false,,284,979,547,0.5587,149.99,169,0,93914.31,20416.13,0.25,4643,377,0.0812,0.4483
169,2025-01-31,2025-01-01,weekend,comedy,theater & comedy,Iris Reyes,7,Columbus,true,Columbus Playhouse,2819,false,,64,215,129,0.6,59.64,40,0,7789.86,1693.48,0.25,1366,94,0.0688,0.4255
170,2025-02-01,2025-02-01,weekend,comedy,theater & comedy,Rosa Adler,1,Denver,false,Denver Playhouse,2520,false,,45,135,73,0.5407,31.04,25,0,2457.65,534.26,0.25,797,64,0.0803,0.3906
171,2025-02-01,2025-02-01,weekend,theater,theater & comedy,The Lighthouse Keeper,2,Phoenix,true,Phoenix Playhouse,1894,false,,31,111,36,0.3243,121.34,10,0,4330.05,941.32,0.25,474,19,0.0401,0.5263
172,2025-02-01,2025-02-01,weekend,concert,concerts,Sam Kowalski,3,Charlotte,false,Charlotte Arena,18003,false,,276,1002,656,0.6547,143.07,181,0,114997.88,24999.45,0.25,5157,408,0.0791,0.4436
173,2025-02-01,2025-02-01,weekend,concert,concerts,The Paper Rivers,6,Austin,false,Austin Arena,18625,false,,383,1315,1009,0.7673,231.66,291,0,290951.31,63250.27,0.25,8441,653,0.0774,0.4456
174,2025-02-01,2025-02-01,weekend,theater,theater & comedy,Paper Moons,6,Austin,false,Austin Playhouse,2350,false,,49,141,84,0.5957,114.05,28,0,12255.15,2664.15,0.25,912,60,0.0658,0.4667
175,2025-02-02,2025-02-01,weekend,concert,concerts,Omar Sato,2,Phoenix,true,Phoenix Arena,19646,false,,280,955,604,0.6325,117.84,181,0,88921.17,19330.71,0.25,4836,379,0.0784,0.4776
176,2025-02-02,2025-02-01,weekend,theater,theater & comedy,Paper Moons,2,Phoenix,true,Phoenix Playhouse,1894,false,,32,105,77,0.7333,116.9,23,0,11641.44,2530.76,0.25,763,41,0.0537,0.561
177,2025-02-02,2025-02-01,weekend,basketball,sports,Sacramento Monarchs,8,Sacramento,false,Sacramento Arena,19109,false,0.7,238,841,436,0.5184,110.68,133,0,58925.49,12809.86,0.25,3821,314,0.0822,0.4236
178,2025-02-03,2025-02-01,weeknight,hockey,sports,Phoenix Dust Devils,2,Phoenix,true,Phoenix Arena,19646,false,0.4,166,596,276,0.4631,87.93,80,0,28260.11,6143.54,0.25,2099,171,0.0815,0.4678
179,2025-02-03,2025-02-01,weeknight,comedy,theater & comedy,June Ibarra,2,Phoenix,true,Phoenix Playhouse,1894,false,,25,83,28,0.3373,51.51,8,0,1229.68,267.33,0.25,370,22,0.0595,0.3636
180,2025-02-03,2025-02-01,weeknight,concert,concerts,The Northern Ghosts,4,Portland,false,Portland Arena,19339,false,,283,999,615,0.6156,164.31,176,0,120795.58,26259.93,0.25,5078,412,0.0811,0.4272
181,2025-02-03,2025-02-01,weeknight,theater,theater & comedy,The Last Ferry,6,Austin,false,Austin Playhouse,2350,false,,29,109,41,0.3761,105.94,12,0,5415.32,1177.24,0.25,427,25,0.0585,0.48
182,2025-02-03,2025-02-01,weeknight,hockey,sports,Columbus Navigators,7,Columbus,true,Columbus Arena,17956,false,0.6,196,673,389,0.578,121.78,119,0,57788.68,12562.72,0.25,3510,286,0.0815,0.4161
183,2025-02-04,2025-02-01,weeknight,comedy,theater & comedy,Nina Kowalski,2,Phoenix,true,Phoenix Playhouse,1894,false,,44,141,93,0.6596,50.89,28,0,6695.59,1455.56,0.25,957,72,0.0752,0.3889
184,2025-02-05,2025-02-01,weeknight,theater,theater & comedy,The Understudy,1,Denver,false,Denver Playhouse,2520,false,,40,134,80,0.597,101.27,25,0,8260.66,1795.81,0.25,936,62,0.0662,0.4032
185,2025-02-05,2025-02-01,weeknight,hockey,sports,Phoenix Dust Devils,2,Phoenix,true,Phoenix Arena,19646,false,0.5,211,688,406,0.5901,98.91,125,0,48516.58,10547.08,0.25,3813,307,0.0805,0.4072
186,2025-02-05,2025-02-01,weeknight,basketball,sports,Charlotte Hornbills,3,Charlotte,false,Charlotte Arena,18003,false,0.5,234,785,431,0.549,109.29,127,0,57065.17,12405.49,0.25,3651,291,0.0797,0.4364
187,2025-02-05,2025-02-01,weeknight,basketball,sports,Portland Timber Wolves,4,Portland,false,Portland Arena,19339,false,0.1,197,677,272,0.4018,87.42,82,0,27976.92,6081.92,0.25,2059,174,0.0845,0.4713
188,2025-02-05,2025-02-01,weeknight,hockey,sports,Columbus Navigators,7,Columbus,true,Columbus Arena,17956,false,0.6,189,662,392,0.5921,124.49,117,0,52617.58,11438.62,0.25,3622,285,0.0787,0.4105
189,2025-02-05,2025-02-01,weeknight,theater,theater & comedy,Glass Menagerie Revue,7,Columbus,true,Columbus Playhouse,2819,false,,48,212,114,0.5377,97.51,27,0,12296.64,2673.17,0.25,933,60,0.0643,0.45
190,2025-02-05,2025-02-01,weeknight,theater,theater & comedy,Dust Bowl Ballads,8,Sacramento,false,Sacramento Playhouse,2242,false,,32,106,73,0.6887,103.83,22,0,9358.57,2034.5,0.25,715,45,0.0629,0.4889
191,2025-02-06,2025-02-01,weeknight,comedy,theater & comedy,Ben Park,1,Denver,false,Denver Playhouse,2520,false,,52,171,117,0.6842,61.99,35,0,7949.24,1728.11,0.25,1139,77,0.0676,0.4545
192,2025-02-06,2025-02-01,weeknight,concert,concerts,The Lunar Comets,8,Sacramento,false,Sacramento Arena,19109,false,,257,911,550,0.6037,112.67,151,0,72820.84,15830.63,0.25,3957,325,0.0821,0.4646
193,2025-02-07,2025-02-01,weekend,basketball,sports,Denver Altitude,1,Denver,false,Denver Arena,19434,false,0.4,236,787,512,0.6506,97.33,146,0,60314.71,13111.9,0.25,4124,334,0.081,0.4371
194,2025-02-07,2025-02-01,weekend,comedy,theater & comedy,Kofi Moreno,3,Charlotte,false,Charlotte Playhouse,1903,false,,43,125,78,0.624,57.75,28,0,4851.42,1054.65,0.25,1046,69,0.066,0.4058
195,2025-02-07,2025-02-01,weekend,hockey,sports,Nashville Steel,5,Nashville,true,Nashville Arena,19465,true,0.5,227,763,459,0.6016,100.77,136,0,0.0,0.0,,3715,289,0.0778,0.4706
196,2025-02-07,2025-02-01,weekend,theater,theater & comedy,A Winter Almanac,5,Nashville,true,Nashville Playhouse,2364,false,,35,124,74,0.5968,94.37,21,0,8638.41,1877.93,0.25,609,42,0.069,0.5
197,2025-02-08,2025-02-01,weekend,comedy,theater & comedy,Diego Sato,1,Denver,false,Denver Playhouse,2520,false,,58,208,114,0.5481,80.1,36,0,11214.46,2437.9,0.25,1233,84,0.0681,0.4286
198,2025-02-08,2025-02-01,weekend,theater,theater & comedy,Paper Moons,2,Phoenix,true,Phoenix Playhouse,1894,false,,32,105,65,0.619,111.82,19,0,7716.6,1677.51,0.25,755,47,0.0623,0.4043
199,2025-02-08,2025-02-01,weekend,basketball,sports,Charlotte Hornbills,3,Charlotte,false,Charlotte Arena,18003,false,0.5,215,717,457,0.6374,114.86,131,0,65377.47,14212.5,0.25,3946,310,0.0786,0.4226
200,2025-02-08,2025-02-01,weekend,theater,theater & comedy,Harbor Lights,4,Portland,false,Portland Playhouse,2637,false,,66,232,147,0.6336,159.26,42,0,29164.03,6340.04,0.25,1429,88,0.0616,0.4773
201,2025-02-08,2025-02-01,weekend,concert,concerts,The Quiet Gardens,5,Nashville,true,Nashville Arena,19465,false,,367,1324,1007,0.7606,224.28,282,0,278785.32,60605.49,0.25,7942,625,0.0787,0.4512
202,2025-02-08,2025-02-01,weekend,theater,theater & comedy,The Clockmaker,7,Columbus,true,Columbus Playhouse,2819,false,,64,201,127,0.6318,155.44,41,0,21804.67,4740.13,0.25,1360,93,0.0684,0.4409
203,2025-02-08,2025-02-01,weekend,theater,theater & comedy,The Clockmaker,8,Sacramento,false,Sacramento Playhouse,2242,false,,61,193,114,0.5907,141.43,38,0,18160.33,3947.92,0.25,1293,86,0.0665,0.4419
204,2025-02-09,2025-02-01,weekend,hockey,sports,Phoenix Dust Devils,2,Phoenix,true,Phoenix Arena,19646,false,0.4,191,629,373,0.593,102.15,111,0,44499.38,9673.78,0.25,3092,247,0.0799,0.4494
205,2025-02-09,2025-02-01,weekend,theater,theater & comedy,Starlight Express Line,4,Portland,false,Portland Playhouse,2637,false,,66,211,126,0.5972,145.95,39,0,20650.97,4489.37,0.25,1541,106,0.0688,0.3679
206,2025-02-09,2025-02-01,weekend,hockey,sports,Nashville Steel,5,Nashville,true,Nashville Arena,19465,false,0.5,218,757,401,0.5297,89.68,117,0,40497.79,8803.85,0.25,3056,248,0.0812,0.4718
207,2025-02-09,2025-02-01,weekend,comedy,theater & comedy,Marcus Whitaker,7,Columbus,true,Columbus Playhouse,2819,false,,58,192,121,0.6302,73.6,35,0,12322.18,2678.7,0.25,1327,97,0.0731,0.3608
208,2025-02-10,2025-02-01,weeknight,concert,concerts,Luis Castillo,4,Portland,false,Portland Arena,19339,false,,271,930,492,0.529,113.71,142,0,65476.58,14234.06,0.25,4014,335,0.0835,0.4239
209,2025-02-10,2025-02-01,weeknight,theater,theater & comedy,The Lighthouse Keeper,4,Portland,false,Portland Playhouse,2637,false,,43,156,85,0.5449,113.56,24,0,11012.64,2394.04,0.25,792,55,0.0694,0.4364
210,2025-02-10,2025-02-01,weeknight,concert,concerts,Ben Fontaine,6,Austin,false,Austin Arena,18625,false,,271,964,536,0.556,134.11,143,0,89031.13,19354.59,0.25,3801,307,0.0808,0.4658
211,2025-02-10,2025-02-01,weeknight,theater,theater & comedy,Northbound,6,Austin,false,Austin Playhouse,2350,false,,49,164,75,0.4573,145.79,24,0,12439.2,2704.18,0.25,786,50,0.0636,0.48
212,2025-02-10,2025-02-01,weeknight,hockey,sports,Columbus Navigators,7,Columbus,true,Columbus Arena,17956,false,0.7,221,760,497,0.6539,127.74,146,0,78185.6,16996.86,0.25,4335,338,0.078,0.432
213,2025-02-10,2025-02-01,weeknight,theater,theater & comedy,The Last Ferry,7,Columbus,true,Columbus Playhouse,2819,false,,46,163,93,0.5706,92.02,26,0,10103.13,2196.35,0.25,763,51,0.0668,0.5098
214,2025-02-11,2025-02-01,weeknight,concert,concerts,The Lucky Foxes,3,Charlotte,false,Charlotte Arena,18003,false,,217,736,343,0.466,119.64,98,0,46930.48,10202.3,0.25,2730,217,0.0795,0.4516
215,2025-02-11,2025-02-01,weeknight,hockey,sports,Nashville Steel,5,Nashville,true,Nashville Arena,19465,false,0.6,163,591,316,0.5347,79.36,90,0,26180.17,5691.32,0.25,2676,212,0.0792,0.4245
216,2025-02-11,2025-02-01,weeknight,hockey,sports,Austin Longhorns HC,6,Austin,false,Austin Arena,18625,false,0.7,222,818,523,0.6394,106.13,143,0,64524.16,14026.97,0.25,4011,312,0.0778,0.4583
217,2025-02-11,2025-02-01,weeknight,concert,concerts,The Silver Gardens,7,Columbus,true,Columbus Arena,17956,false,,262,888,541,0.6092,127.05,163,0,81764.8,17775.0,0.25,4520,380,0.0841,0.4289
218,2025-02-11,2025-02-01,weeknight,theater,theater & comedy,Paper Moons,7,Columbus,true,Columbus Playhouse,2819,false,,52,193,104,0.5389,96.33,26,0,11253.79,2446.46,0.25,779,55,0.0706,0.4727
219,2025-02-12,2025-02-01,weeknight,hockey,sports,Phoenix Dust Devils,2,Phoenix,true,Phoenix Arena,19646,false,0.4,199,642,379,0.5903,98.58,116,0,43565.44,9470.78,0.25,3388,274,0.0809,0.4234
220,2025-02-12,2025-02-01,weeknight,concert,concerts,Kofi Nguyen,3,Charlotte,false,Charlotte Arena,18003,false,,217,713,349,0.4895,90.22,109,0,34087.07,7410.24,0.25,2890,237,0.082,0.4599
221,2025-02-12,2025-02-01,weeknight,hockey,sports,Nashville Steel,5,Nashville,true,Nashville Arena,19465,false,0.6,191,613,276,0.4502,82.85,87,0,28638.87,6225.83,0.25,2349,187,0.0796,0.4652
222,2025-02-12,2025-02-01,weeknight,concert,concerts,The Quiet Pilots,6,Austin,false,Austin Arena,18625,false,,250,860,522,0.607,136.95,156,0,80351.33,17467.66,0.25,4302,344,0.08,0.4535
223,2025-02-12,2025-02-01,weeknight,comedy,theater & comedy,Ravi Adler,7,Columbus,true,Columbus Playhouse,2819,false,,74,262,182,0.6947,101.06,51,0,19750.75,4293.66,0.25,1600,111,0.0694,0.4595
224,2025-02-12,2025-02-01,weeknight,theater,theater & comedy,The Clockmaker,8,Sacramento,false,Sacramento Playhouse,2242,false,,48,160,89,0.5563,129.82,27,0,15551.45,3380.75,0.25,810,52,0.0642,0.5192
225,2025-02-13,2025-02-01,weeknight,concert,concerts,Omar Adler,6,Austin,false,Austin Arena,18625,false,,262,912,551,0.6042,134.12,157,0,89756.98,19512.38,0.25,4667,381,0.0816,0.4121
226,2025-02-13,2025-02-01,weeknight,hockey,sports,Columbus Navigators,7,Columbus,true,Columbus Arena,17956,false,0.7,258,886,601,0.6783,143.57,180,0,104778.43,22777.9,0.25,5574,439,0.0788,0.41
227,2025-02-13,2025-02-01,weeknight,concert,concerts,The Neon Rivers,8,Sacramento,false,Sacramento Arena,19109,false,,232,798,443,0.5551,117.25,127,0,56828.08,12353.94,0.25,3250,260,0.08,0.4885
228,2025-02-13,2025-02-01,weeknight,theater,theater & comedy,A Winter Almanac,8,Sacramento,false,Sacramento Playhouse,2242,false,,29,112,79,0.7054,61.64,18,0,5988.1,1301.77,0.25,690,45,0.0652,0.4
229,2025-02-14,2025-02-01,weekend,concert,concerts,Kofi Adler,1,Denver,false,Denver Arena,19434,false,,299,1027,593,0.5774,125.52,175,0,91346.98,19858.08,0.25,4919,392,0.0797,0.4464
230,2025-02-14,2025-02-01,weekend,concert,concerts,The Paper Foxes,3,Charlotte,false,Charlotte Arena,18003,false,,248,860,496,0.5767,107.49,142,0,61280.29,13321.8,0.25,4213,328,0.0779,0.4329
231,2025-02-14,2025-02-01,weekend,basketball,sports,Portland Timber Wolves,4,Portland,false,Portland Arena,19339,false,0.4,231,807,513,0.6357,125.49,148,0,75048.53,16314.91,0.25,4066,340,0.0836,0.4353
232,2025-02-14,2025-02-01,weekend,hockey,sports,Austin Longhorns HC,6,Austin,false,Austin Arena,18625,false,0.8,233,820,490,0.5976,119.56,152,0,69515.5,15112.0,0.25,4313,333,0.0772,0.4565
233,2025-02-14,2025-02-01,weekend,theater,theater & comedy,A Winter Almanac,8,Sacramento,false,Sacramento Playhouse,2242,false,,33,127,65,0.5118,90.9,18,0,7014.38,1524.87,0.25,678,42,0.0619,0.4286
234,2025-02-15,2025-02-01,weekend,basketball,sports,Denver Altitude,1,Denver,false,Denver Arena,19434,false,0.5,245,805,519,0.6447,117.78,155,0,70458.74,15317.12,0.25,4747,383,0.0807,0.4047
235,2025-02-15,2025-02-01,weekend,concert,concerts,Omar Fontaine,2,Phoenix,true,Phoenix Arena,19646,false,,311,1092,629,0.576,125.83,181,0,91867.94,19971.24,0.25,4827,393,0.0814,0.4606
236,2025-02-15,2025-02-01,weekend,concert,concerts,Marcus Moreno,3,Charlotte,false,Charlotte Arena,18003,false,,343,1171,869,0.7421,216.17,257,0,223009.92,48480.36,0.25,7444,592,0.0795,0.4341
237,2025-02-15,2025-02-01,weekend,theater,theater & comedy,A Winter Almanac,3,Charlotte,false,Charlotte Playhouse,1903,false,,35,139,85,0.6115,104.93,22,0,10626.64,2310.14,0.25,857,53,0.0618,0.4151
238,2025-02-15,2025-02-01,weekend,theater,theater & comedy,A Winter Almanac,4,Portland,false,Portland Playhouse,2637,false,,52,188,112,0.5957,92.9,32,0,11692.07,2541.75,0.25,1068,75,0.0702,0.4267
239,2025-02-15,2025-02-01,weekend,concert,concerts,The Glass Rivers,6,Austin,false,Austin Arena,18625,false,,239,887,537,0.6054,121.44,137,0,79559.2,17295.49,0.25,4151,326,0.0785,0.4202
240,2025-02-15,2025-02-01,weekend,theater,theater & comedy,Starlight Express Line,7,Columbus,true,Columbus Playhouse,2819,false,,52,163,89,0.546,153.86,29,0,15678.8,3408.44,0.25,1049,64,0.061,0.4531
241,2025-02-15,2025-02-01,weekend,basketball,sports,Sacramento Monarchs,8,Sacramento,false,Sacramento Arena,19109,false,0.5,253,857,488,0.5694,112.57,147,0,64660.4,14056.62,0.25,4371,349,0.0798,0.4212
242,2025-02-15,2025-02-01,weekend,theater,theater & comedy,Paper Moons,8,Sacramento,false,Sacramento Playhouse,2242,false,,43,138,82,0.5942,112.27,28,0,12826.64,2788.4,0.25,1017,61,0.06,0.459
243,2025-02-16,2025-02-01,weekend,concert,concerts,The Glass Lanterns,1,Denver,false,Denver Arena,19434,false,,269,926,561,0.6058,151.91,170,0,104030.81,22615.45,0.25,4820,394,0.0817,0.4315
244,2025-02-16,2025-02-01,weekend,comedy,theater & comedy,Jordan Hale,1,Denver,false,Denver Playhouse,2520,false,,43,144,83,0.5764,53.11,22,0,4753.19,1033.29,0.25,600,41,0.0683,0.5366
245,2025-02-16,2025-02-01,weekend,hockey,sports,Phoenix Dust Devils,2,Phoenix,true,Phoenix Arena,19646,false,0.6,231,820,449,0.5476,108.51,129,0,60811.17,13219.78,0.25,3956,311,0.0786,0.4148
246,2025-02-16,2025-02-01,weekend,comedy,theater & comedy,Maya Adler,2,Phoenix,true,Phoenix Playhouse,1894,false,,41,152,112,0.7368,88.96,29,0,8701.96,1891.75,0.25,845,57,0.0675,0.5088
247,2025-02-16,2025-02-01,weekend,basketball,sports,Charlotte Hornbills,3,Charlotte,false,Charlotte Arena,18003,false,0.5,186,623,394,0.6324,107.9,109,0,52274.94,11364.16,0.25,3161,257,0.0813,0.4241
248,2025-02-16,2025-02-01,weekend,theater,theater & comedy,The Lighthouse Keeper,3,Charlotte,false,Charlotte Playhouse,1903,false,,28,94,74,0.7872,129.54,22,0,14119.84,3069.52,0.25,868,49,0.0565,0.449
249,2025-02-17,2025-02-01,weeknight,concert,concerts,The Northern Ghosts,1,Denver,false,Denver Arena,19434,false,,328,1126,689,0.6119,172.1,210,0,141010.79,30654.53,0.25,5768,469,0.0813,0.4478
250,2025-02-17,2025-02-01,weeknight,comedy,theater & comedy,Kofi Moreno,1,Denver,false,Denver Playhouse,2520,false,,37,150,61,0.4067,48.95,17,0,3917.72,851.66,0.25,533,36,0.0675,0.4722
251,2025-02-17,2025-02-01,weeknight,basketball,sports,Charlotte Hornbills,3,Charlotte,false,Charlotte Arena,18003,false,0.4,179,589,303,0.5144,81.73,91,0,28970.15,6297.84,0.25,2344,195,0.0832,0.4667
252,2025-02-17,2025-02-01,weeknight,hockey,sports,Columbus Navigators,7,Columbus,true,Columbus Arena,17956,false,0.9,209,758,444,0.5858,121.31,130,0,58613.55,12742.1,0.25,3684,288,0.0782,0.4514
253,2025-02-17,2025-02-01,weeknight,theater,theater & comedy,Copper & Coal,7,Columbus,true,Columbus Playhouse,2819,false,,32,116,60,0.5172,75.44,16,0,4797.3,1042.88,0.25,509,34,0.0668,0.4706
254,2025-02-18,2025-02-01,weeknight,basketball,sports,Charlotte Hornbills,3,Charlotte,false,Charlotte Arena,18003,false,0.4,198,728,348,0.478,90.06,94,0,34729.3,7549.85,0.25,2848,234,0.0822,0.4017
255,2025-02-18,2025-02-01,weeknight,theater,theater & comedy,Harbor Lights,4,Portland,false,Portland Playhouse,2637,false,,45,145,74,0.5103,105.58,26,0,9472.41,2059.22,0.25,928,63,0.0679,0.4127
256,2025-02-18,2025-02-01,weeknight,concert,concerts,The Glass Harbors,5,Nashville,true,Nashville Arena,19465,false,,212,774,305,0.3941,85.25,85,0,28068.32,6101.78,0.25,2182,178,0.0816,0.4775
257,2025-02-18,2025-02-01,weeknight,theater,theater & comedy,A Winter Almanac,7,Columbus,true,Columbus Playhouse,2819,false,,47,137,74,0.5401,61.29,23,0,6761.95,1469.98,0.25,740,53,0.0716,0.434
258,2025-02-18,2025-02-01,weeknight,basketball,sports,Sacramento Monarchs,8,Sacramento,false,Sacramento Arena,19109,false,0.5,187,641,339,0.5289,94.51,107,0,38399.4,8347.69,0.25,3265,262,0.0802,0.4084
259,2025-02-18,2025-02-01,weeknight,theater,theater & comedy,The Clockmaker,8,Sacramento,false,Sacramento Playhouse,2242,false,,36,111,87,0.7838,134.17,25,0,12864.22,2796.57,0.25,937,58,0.0619,0.431
260,2025-02-19,2025-02-01,weeknight,basketball,sports,Denver Altitude,1,Denver,false,Denver Arena,19434,false,0.4,199,654,327,0.5,72.46,100,0,30215.93,6568.69,0.25,2863,229,0.08,0.4367
261,2025-02-19,2025-02-01,weeknight,concert,concerts,Iris Ibarra,2,Phoenix,true,Phoenix Arena,19646,false,,243,837,436,0.5209,117.1,127,0,61526.35,13375.28,0.25,3434,281,0.0818,0.452
262,2025-02-19,2025-02-01,weeknight,basketball,sports,Portland Timber Wolves,4,Portland,false,Portland Arena,19339,false,0.4,187,609,298,0.4893,88.91,92,0,30619.61,6656.42,0.25,2729,219,0.0802,0.4201
263,2025-02-19,2025-02-01,weeknight,theater,theater & comedy,The Last Ferry,4,Portland,false,Portland Playhouse,2637,false,,43,142,58,0.4085,92.43,22,0,5128.68,1114.93,0.25,606,41,0.0677,0.5366
264,2025-02-19,2025-02-01,weeknight,hockey,sports,Nashville Steel,5,Nashville,true,Nashville Arena,19465,false,0.7,186,629,345,0.5485,81.04,103,0,33100.9,7195.78,0.25,2854,234,0.082,0.4402
265,2025-02-19,2025-02-01,weeknight,concert,concerts,The Static Hearts,6,Austin,false,Austin Arena,18625,false,,287,1024,629,0.6143,143.26,185,0,107231.12,23311.1,0.25,5148,413,0.0802,0.4479
266,2025-02-19,2025-02-01,weeknight,concert,concerts,The Hollow Hearts,8,Sacramento,false,Sacramento Arena,19109,false,,250,870,568,0.6529,177.24,167,0,118597.96,25782.18,0.25,4821,382,0.0792,0.4372
267,2025-02-20,2025-02-01,weeknight,hockey,sports,Phoenix Dust Devils,2,Phoenix,true,Phoenix Arena,19646,false,0.7,238,844,525,0.622,112.42,144,0,69846.35,15184.02,0.25,4279,334,0.0781,0.4311
268,2025-02-20,2025-02-01,weeknight,basketball,sports,Charlotte Hornbills,3,Charlotte,false,Charlotte Arena,18003,false,0.3,224,799,503,0.6295,107.14,139,0,63843.7,13879.1,0.25,3960,323,0.0816,0.4303
269,2025-02-20,2025-02-01,weeknight,theater,theater & comedy,A Winter Almanac,4,Portland,false,Portland Playhouse,2637,false,,41,156,67,0.4295,84.29,19,0,6999.23,1521.57,0.25,624,38,0.0609,0.5
270,2025-02-21,2025-02-01,weekend,theater,theater & comedy,Starlight Express Line,2,Phoenix,true,Phoenix Playhouse,1894,false,,33,120,79,0.6583,117.03,22,0,11337.94,2464.77,0.25,754,41,0.0544,0.5366
271,2025-02-21,2025-02-01,weekend,basketball,sports,Portland Timber Wolves,4,Portland,false,Portland Arena,19339,false,0.5,242,831,450,0.5415,116.01,135,0,58515.38,12720.69,0.25,4206,342,0.0813,0.3947
272,2025-02-21,2025-02-01,weekend,theater,theater & comedy,Paper Moons,4,Portland,false,Portland Playhouse,2637,false,,52,182,109,0.5989,97.52,32,0,12129.94,2636.95,0.25,1080,75,0.0694,0.4267
273,2025-02-21,2025-02-01,weekend,concert,concerts,Omar Adler,5,Nashville,true,Nashville Arena,19465,false,,341,1165,772,0.6627,164.2,223,0,149136.45,32421.07,0.25,6008,489,0.0814,0.456
274,2025-02-21,2025-02-01,weekend,theater,theater & comedy,The Clockmaker,5,Nashville,true,Nashville Playhouse,2364,false,,66,212,136,0.6415,152.47,44,0,24197.2,5260.26,0.25,1548,99,0.064,0.4444
275,2025-02-21,2025-02-01,weekend,concert,concerts,The Paper Lanterns,6,Austin,false,Austin Arena,18625,false,,277,972,588,0.6049,134.75,166,0,88969.21,19341.11,0.25,4551,370,0.0813,0.4486
276,2025-02-21,2025-02-01,weekend,comedy,theater & comedy,Rosa Brennan,6,Austin,false,Austin Playhouse,2350,false,,43,140,81,0.5786,47.48,27,0,4524.95,983.72,0.25,861,62,0.072,0.4355
277,2025-02-21,2025-02-01,weekend,hockey,sports,Columbus Navigators,7,Columbus,true,Columbus Arena,17956,false,0.8,230,810,584,0.721,148.7,166,0,103682.74,22539.71,0.25,5079,400,0.0788,0.415
278,2025-02-22,2025-02-01,weekend,comedy,theater & comedy,Kofi Mensah,1,Denver,false,Denver Playhouse,2520,false,,42,160,112,0.7,51.29,29,0,7081.49,1539.46,0.25,970,65,0.067,0.4462
279,2025-02-22,2025-02-01,weekend,comedy,theater & comedy,Luis Hale,2,Phoenix,true,Phoenix Playhouse,1894,false,,32,104,62,0.5962,84.53,20,0,5836.15,1268.71,0.25,788,49,0.0622,0.4082
280,2025-02-22,2025-02-01,weekend,concert,concerts,Theo Mensah,3,Charlotte,false,Charlotte Arena,18003,false,,419,1397,1107,0.7924,335.1,334,0,453466.56,98579.66,0.25,9603,756,0.0787,0.4418
281,2025-02-22,2025-02-01,weekend,hockey,sports,Nashville Steel,5,Nashville,true,Nashville Arena,19465,false,0.6,210,753,514,0.6826,92.08,138,0,56984.99,12388.0,0.25,3833,304,0.0793,0.4539
282,2025-02-22,2025-02-01,weekend,theater,theater & comedy,Harbor Lights,6,Austin,false,Austin Playhouse,2350,false,,65,223,165,0.7399,169.24,50,0,33802.61,7348.38,0.25,1697,107,0.0631,0.4673
283,2025-02-22,2025-02-01,weekend,concert,concerts,The Velvet Lanterns,7,Columbus,true,Columbus Arena,17956,false,,211,746,376,0.504,72.24,108,0,30370.75,6602.36,0.25,3159,251,0.0795,0.4303
284,2025-02-22,2025-02-01,weekend,basketball,sports,Sacramento Monarchs,8,Sacramento,false,Sacramento Arena,19109,false,0.5,234,832,530,0.637,110.07,150,0,67272.0,14624.36,0.25,4072,325,0.0798,0.4615
285,2025-02-23,2025-02-01,weekend,hockey,sports,Phoenix Dust Devils,2,Phoenix,true,Phoenix Arena,19646,false,0.6,244,872,578,0.6628,118.42,153,0,75707.62,16458.17,0.25,4452,351,0.0788,0.4359
286,2025-02-23,2025-02-01,weekend,hockey,sports,Nashville Steel,5,Nashville,true,Nashville Arena,19465,false,0.6,212,761,483,0.6347,77.64,135,0,44859.1,9751.93,0.25,3655,289,0.0791,0.4671
287,2025-02-23,2025-02-01,weekend,basketball,sports,Sacramento Monarchs,8,Sacramento,false,Sacramento Arena,19109,false,0.5,246,928,609,0.6563,108.96,151,0,72267.45,15710.35,0.25,4324,349,0.0807,0.4327
288,2025-02-23,2025-02-01,weekend,theater,theater & comedy,Starlight Express Line,8,Sacramento,false,Sacramento Playhouse,2242,false,,26,104,78,0.75,114.32,18,0,10230.62,2224.04,0.25,687,39,0.0568,0.4615
289,2025-02-24,2025-02-01,weeknight,basketball,sports,Denver Altitude,1,Denver,false,Denver Arena,19434,false,0.5,209,678,396,0.5841,103.32,123,0,49288.31,10714.88,0.25,3207,268,0.0836,0.459
290,2025-02-24,2025-02-01,weeknight,hockey,sports,Phoenix Dust Devils,2,Phoenix,true,Phoenix Arena,19646,false,0.7,214,738,422,0.5718,119.24,133,0,58921.63,12809.02,0.25,4020,316,0.0786,0.4209
291,2025-02-24,2025-02-01,weeknight,basketball,sports,Charlotte Hornbills,3,Charlotte,false,Charlotte Arena,18003,false,0.3,199,701,397,0.5663,92.58,108,0,39771.83,8646.01,0.25,2852,231,0.081,0.4675
292,2025-02-25,2025-02-01,weeknight,comedy,theater & comedy,Diego Sato,2,Phoenix,true,Phoenix Playhouse,1894,false,,47,166,104,0.6265,66.27,32,0,8696.63,1890.56,0.25,1130,76,0.0673,0.4211
293,2025-02-25,2025-02-01,weeknight,concert,concerts,The Golden Wolves,3,Charlotte,false,Charlotte Arena,18003,false,,248,883,491,0.5561,143.93,142,0,82209.36,17871.6,0.25,3942,319,0.0809,0.4451
294,2025-02-25,2025-02-01,weeknight,hockey,sports,Austin Longhorns HC,6,Austin,false,Austin Arena,18625,false,0.5,205,705,403,0.5716,88.63,116,0,42170.42,9167.46,0.25,3259,263,0.0807,0.4411
295,2025-02-25,2025-02-01,weeknight,hockey,sports,Columbus Navigators,7,Columbus,true,Columbus Arena,17956,false,0.7,183,649,426,0.6564,120.33,127,0,65072.93,14146.31,0.25,3612,288,0.0797,0.441
296,2025-02-25,2025-02-01,weeknight,comedy,theater & comedy,Elena Castillo,8,Sacramento,false,Sacramento Playhouse,2242,false,,46,144,73,0.5069,53.53,22,0,4518.34,982.26,0.25,783,55,0.0702,0.4
297,2025-02-26,2025-02-01,weeknight,hockey,sports,Phoenix Dust Devils,2,Phoenix,true,Phoenix Arena,19646,false,0.6,205,720,438,0.6083,102.82,126,0,54830.26,11919.63,0.25,3723,296,0.0795,0.4257
298,2025-02-26,2025-02-01,weeknight,basketball,sports,Charlotte Hornbills,3,Charlotte,false,Charlotte Arena,18003,false,0.3,187,662,351,0.5302,84.98,98,0,37146.27,8075.27,0.25,2685,218,0.0812,0.4495
299,2025-02-26,2025-02-01,weeknight,comedy,theater & comedy,Hana Fontaine,4,Portland,false,Portland Playhouse,2637,false,,67,215,112,0.5209,74.58,36,0,10837.35,2355.96,0.25,1180,81,0.0686,0.4444
300,2025-02-26,2025-02-01,weeknight,concert,concerts,Kofi Ibarra,5,Nashville,true,Nashville Arena,19465,false,,285,970,624,0.6433,178.92,178,0,141902.12,30848.3,0.25,4652,385,0.0828,0.4623
301,2025-02-26,2025-02-01,weeknight,theater,theater & comedy,The Clockmaker,5,Nashville,true,Nashville Playhouse,2364,false,,41,148,97,0.6554,128.06,25,0,14811.57,3219.89,0.25,860,61,0.0709,0.4098
302,2025-02-26,2025-02-01,weeknight,concert,concerts,The Neon Tides,6,Austin,false,Austin Arena,18625,false,,200,738,300,0.4065,53.54,84,0,17227.31,3745.05,0.25,2485,197,0.0793,0.4264
303,2025-02-26,2025-02-01,weeknight,hockey,sports,Columbus Navigators,7,Columbus,true,Columbus Arena,17956,false,0.6,195,668,379,0.5674,103.29,111,0,50939.88,11073.86,0.25,3022,246,0.0814,0.4512
304,2025-02-26,2025-02-01,weeknight,theater,theater & comedy,The Understudy,8,Sacramento,false,Sacramento Playhouse,2242,false,,25,94,60,0.6383,74.81,15,0,5553.33,1207.25,0.25,576,36,0.0625,0.4167
305,2025-02-27,2025-02-01,weeknight,concert,concerts,Nina Adler,2,Phoenix,true,Phoenix Arena,19646,false,,306,1011,700,0.6924,146.31,203,0,123717.7,26895.12,0.25,5677,465,0.0819,0.4366
306,2025-02-27,2025-02-01,weeknight,basketball,sports,Charlotte Hornbills,3,Charlotte,false,Charlotte Arena,18003,false,0.2,170,628,346,0.551,100.18,94,0,40124.97,8722.81,0.25,2718,214,0.0787,0.4393
307,2025-02-27,2025-02-01,weeknight,theater,theater & comedy,Copper & Coal,3,Charlotte,false,Charlotte Playhouse,1903,false,,30,107,52,0.486,75.8,15,0,5154.08,1120.46,0.25,589,37,0.0628,0.4054
308,2025-02-27,2025-02-01,weeknight,theater,theater & comedy,The Last Ferry,4,Portland,false,Portland Playhouse,2637,false,,57,187,136,0.7273,107.75,39,0,19686.59,4279.69,0.25,1216,86,0.0707,0.4535
309,2025-02-27,2025-02-01,weeknight,hockey,sports,Nashville Steel,5,Nashville,true,Nashville Arena,19465,false,0.7,194,649,395,0.6086,95.65,119,0,45729.73,9941.26,0.25,2957,240,0.0812,0.4958
310,2025-02-27,2025-02-01,weeknight,basketball,sports,Sacramento Monarchs,8,Sacramento,false,Sacramento Arena,19109,false,0.6,238,834,438,0.5252,104.97,127,0,54671.16,11885.01,0.25,3720,298,0.0801,0.4262
311,2025-02-27,2025-02-01,weeknight,comedy,theater & comedy,Luis Moreno,8,Sacramento,false,Sacramento Playhouse,2242,false,,50,168,110,0.6548,49.41,32,0,6243.56,1357.3,0.25,884,70,0.0792,0.4571
312,2025-02-28,2025-02-01,weekend,comedy,theater & comedy,Nina Castillo,1,Denver,false,Denver Playhouse,2520,false,,52,191,130,0.6806,75.3,32,0,10875.73,2364.29,0.25,1159,78,0.0673,0.4103
313,2025-02-28,2025-02-01,weekend,hockey,sports,Phoenix Dust Devils,2,Phoenix,true,Phoenix Arena,19646,false,0.5,247,912,647,0.7094,122.98,172,0,95114.0,20676.98,0.25,5305,412,0.0777,0.4175
314,2025-02-28,2025-02-01,weekend,comedy,theater & comedy,Ravi Lindqvist,2,Phoenix,true,Phoenix Playhouse,1894,false,,32,117,67,0.5726,74.2,20,0,6390.37,1389.18,0.25,734,43,0.0586,0.4651
315,2025-02-28,2025-02-01,weekend,comedy,theater & comedy,June Ibarra,5,Nashville,true,Nashville Playhouse,2364,false,,43,153,85,0.5556,40.02,24,0,4147.47,901.63,0.25,840,66,0.0786,0.3636
316,2025-02-28,2025-02-01,weekend,theater,theater & comedy,Copper & Coal,6,Austin,false,Austin Playhouse,2350,false,,32,126,65,0.5159,78.58,18,0,6394.13,1390.05,0.25,622,40,0.0643,0.45
317,2025-02-28,2025-02-01,weekend,concert,concerts,The Lunar Harbors,8,Sacramento,false,Sacramento Arena,19109,false,,410,1407,1017,0.7228,257.52,298,0,304190.72,66128.35,0.25,7864,625,0.0795,0.4768
318,2025-02-28,2025-02-01,weekend,comedy,theater & comedy,Rosa Adler,8,Sacramento,false,Sacramento Playhouse,2242,false,,35,113,57,0.5044,24.42,16,0,1833.83,398.67,0.25,465,32,0.0688,0.5
319,2025-03-01,2025-03-01,weekend,hockey,sports,Nashville Steel,5,Nashville,true,Nashville Arena,19465,false,0.5,247,777,456,0.5869,110.42,152,0,60825.57,13222.94,0.25,4349,340,0.0782,0.4471
320,2025-03-01,2025-03-01,weekend,theater,theater & comedy,Copper & Coal,7,Columbus,true,Columbus Playhouse,2819,false,,54,186,112,0.6022,94.44,34,0,13819.97,3004.33,0.25,1020,68,0.0667,0.5
321,2025-03-01,2025-03-01,weekend,concert,concerts,Ben Hale,8,Sacramento,false,Sacramento Arena,19109,false,,377,1243,913,0.7345,235.26,276,0,273629.68,59484.74,0.25,7946,626,0.0788,0.4409
322,2025-03-02,2025-03-01,weekend,hockey,sports,Phoenix Dust Devils,2,Phoenix,true,Phoenix Arena,19646,false,0.5,202,680,448,0.6588,103.48,125,0,50474.99,10972.77,0.25,3502,276,0.0788,0.4529
323,2025-03-02,2025-03-01,weekend,basketball,sports,Portland Timber Wolves,4,Portland,false,Portland Arena,19339,false,0.5,262,916,609,0.6648,119.81,175,0,86840.4,18878.35,0.25,4734,383,0.0809,0.4569
324,2025-03-02,2025-03-01,weekend,theater,theater & comedy,Glass Menagerie Revue,5,Nashville,true,Nashville Playhouse,2364,false,,34,119,70,0.5882,108.49,24,0,8460.38,1839.21,0.25,881,61,0.0692,0.3934
325,2025-03-02,2025-03-01,weekend,hockey,sports,Austin Longhorns HC,6,Austin,false,Austin Arena,18625,false,0.3,161,527,307,0.5825,80.86,92,0,29910.11,6502.26,0.25,2593,203,0.0783,0.4532
326,2025-03-02,2025-03-01,weekend,concert,concerts,The Quiet Lanterns,7,Columbus,true,Columbus Arena,17956,false,,304,1072,744,0.694,194.74,217,0,177605.06,38609.72,0.25,5742,466,0.0812,0.4657
327,2025-03-03,2025-03-01,weeknight,concert,concerts,The Lucky Foxes,4,Portland,false,Portland Arena,19339,false,,268,898,500,0.5568,130.37,146,0,75472.53,16407.07,0.25,4275,361,0.0844,0.4044
328,2025-03-03,2025-03-01,weeknight,theater,theater & comedy,Harbor Lights,5,Nashville,true,Nashville Playhouse,2364,false,,25,85,64,0.7529,161.76,18,0,12435.22,2703.32,0.25,796,45,0.0565,0.4
329,2025-03-03,2025-03-01,weeknight,basketball,sports,Sacramento Monarchs,8,Sacramento,false,Sacramento Arena,19109,false,0.5,224,805,511,0.6348,111.26,140,0,62356.29,13555.74,0.25,3825,314,0.0821,0.4459
330,2025-03-04,2025-03-01,weeknight,concert,concerts,Theo Hale,1,Denver,false,Denver Arena,19434,false,,274,951,547,0.5752,116.21,157,0,75670.93,16450.2,0.25,4310,342,0.0794,0.4591
331,2025-03-04,2025-03-01,weeknight,theater,theater & comedy,Paper Moons,1,Denver,false,Denver Playhouse,2520,false,,37,134,82,0.6119,110.19,22,0,12212.88,2654.98,0.25,843,59,0.07,0.3729
332,2025-03-04,2025-03-01,weeknight,hockey,sports,Phoenix Dust Devils,2,Phoenix,true,Phoenix Arena,19646,false,0.5,222,800,448,0.56,107.19,130,0,53807.13,11697.22,0.25,3664,286,0.0781,0.4545
333,2025-03-04,2025-03-01,weeknight,theater,theater & comedy,The Understudy,2,Phoenix,true,Phoenix Playhouse,1894,false,,27,104,47,0.4519,103.42,12,0,5096.65,1107.96,0.25,376,24,0.0638,0.5
334,2025-03-04,2025-03-01,weeknight,hockey,sports,Nashville Steel,5,Nashville,true,Nashville Arena,19465,false,0.5,165,595,234,0.3933,70.36,68,0,16589.15,3606.33,0.25,1985,159,0.0801,0.4277
335,2025-03-05,2025-03-01,weeknight,concert,concerts,The Lunar Harbors,2,Phoenix,true,Phoenix Arena,19646,false,,300,1088,721,0.6627,218.2,199,0,181750.99,39511.07,0.25,5897,466,0.079,0.427
336,2025-03-05,2025-03-01,weeknight,concert,concerts,Priya Lindqvist,3,Charlotte,false,Charlotte Arena,18003,false,,180,647,212,0.3277,60.99,65,0,14728.29,3201.81,0.25,1681,138,0.0821,0.471
337,2025-03-05,2025-03-01,weeknight,hockey,sports,Columbus Navigators,7,Columbus,true,Columbus Arena,17956,false,0.4,184,602,357,0.593,114.65,108,0,45685.52,9931.69,0.25,2898,241,0.0832,0.4481
338,2025-03-05,2025-03-01,weeknight,comedy,theater & comedy,Dana Reyes,7,Columbus,true,Columbus Playhouse,2819,false,,53,167,117,0.7006,68.04,38,0,9966.48,2166.63,0.25,1261,91,0.0722,0.4176
339,2025-03-05,2025-03-01,weeknight,basketball,sports,Sacramento Monarchs,8,Sacramento,false,Sacramento Arena,19109,false,0.5,207,732,401,0.5478,91.71,110,0,46293.08,10063.72,0.25,3161,265,0.0838,0.4151
340,2025-03-05,2025-03-01,weeknight,theater,theater & comedy,The Clockmaker,8,Sacramento,false,Sacramento Playhouse,2242,false,,37,113,78,0.6903,140.58,26,0,12598.81,2738.88,0.25,935,59,0.0631,0.4407
341,2025-03-06,2025-03-01,weeknight,basketball,sports,Denver Altitude,1,Denver,false,Denver Arena,19434,false,0.5,219,720,454,0.6306,111.23,140,0,59609.66,12958.59,0.25,3934,324,0.0824,0.4321
342,2025-03-06,2025-03-01,weeknight,theater,theater & comedy,Copper & Coal,1,Denver,false,Denver Playhouse,2520,false,,46,166,85,0.512,78.53,20,0,6426.32,1397.02,0.25,603,43,0.0713,0.4651
343,2025-03-06,2025-03-01,weeknight,comedy,theater & comedy,Kofi Mensah,4,Portland,false,Portland Playhouse,2637,false,,49,166,58,0.3494,38.65,17,0,2538.95,551.95,0.25,552,39,0.0707,0.4359
344,2025-03-06,2025-03-01,weeknight,concert,concerts,Theo Adler,7,Columbus,true,Columbus Arena,17956,false,,260,899,557,0.6196,173.92,159,0,120493.23,26194.23,0.25,4428,354,0.0799,0.4492
345,2025-03-06,2025-03-01,weeknight,theater,theater & comedy,The Last Ferry,8,Sacramento,false,Sacramento Playhouse,2242,false,,39,139,60,0.4317,123.51,19,0,7204.5,1566.2,0.25,667,40,0.06,0.475
346,2025-03-07,2025-03-01,weekend,theater,theater & comedy,Glass Menagerie Revue,2,Phoenix,true,Phoenix Playhouse,1894,false,,33,101,79,0.7822,117.66,25,0,11393.61,2476.87,0.25,882,55,0.0624,0.4545
347,2025-03-07,2025-03-01,weekend,hockey,sports,Columbus Navigators,7,Columbus,true,Columbus Arena,17956,false,0.3,216,727,460,0.6327,115.94,139,0,64900.64,14108.83,0.25,4413,352,0.0798,0.3949
348,2025-03-07,2025-03-01,weekend,comedy,theater & comedy,Omar Okafor,7,Columbus,true,Columbus Playhouse,2819,false,,52,177,120,0.678,49.32,33,0,7714.6,1677.09,0.25,1016,72,0.0709,0.4583
349,2025-03-07,2025-03-01,weekend,basketball,sports,Sacramento Monarchs,8,Sacramento,false,Sacramento Arena,19109,false,0.5,253,825,496,0.6012,119.79,160,0,69522.51,15113.63,0.25,4708,374,0.0794,0.4278
350,2025-03-08,2025-03-01,weekend,basketball,sports,Denver Altitude,1,Denver,false,Denver Arena,19434,false,0.5,266,919,522,0.568,106.2,149,0,62955.83,13686.0,0.25,3927,314,0.08,0.4745
351,2025-03-08,2025-03-01,weekend,comedy,theater & comedy,Ravi Ibarra,1,Denver,false,Denver Playhouse,2520,false,,54,173,108,0.6243,56.83,35,0,6198.09,1347.42,0.25,1054,76,0.0721,0.4605
352,2025-03-08,2025-03-01,weekend,comedy,theater & comedy,Hana Fontaine,2,Phoenix,true,Phoenix Playhouse,1894,false,,57,198,148,0.7475,74.33,42,0,13794.28,2998.75,0.25,1314,90,0.0685,0.4667
353,2025-03-08,2025-03-01,weekend,basketball,sports,Charlotte Hornbills,3,Charlotte,false,Charlotte Arena,18003,false,0.3,215,748,489,0.6537,102.57,139,0,61797.96,13434.32,0.25,3922,311,0.0793,0.4469
354,2025-03-08,2025-03-01,weekend,theater,theater & comedy,The Lighthouse Keeper,3,Charlotte,false,Charlotte Playhouse,1903,false,,29,95,63,0.6632,99.39,20,0,8787.43,1910.33,0.25,767,51,0.0665,0.3922
355,2025-03-08,2025-03-01,weekend,basketball,sports,Portland Timber Wolves,4,Portland,false,Portland Arena,19339,false,0.5,215,717,445,0.6206,109.51,138,0,59061.02,12839.31,0.25,3856,317,0.0822,0.4353
356,2025-03-08,2025-03-01,weekend,hockey,sports,Nashville Steel,5,Nashville,true,Nashville Arena,19465,false,0.5,252,922,573,0.6215,103.34,156,0,72095.69,15672.94,0.25,4469,367,0.0821,0.4251
357,2025-03-08,2025-03-01,weekend,theater,theater & comedy,The Understudy,5,Nashville,true,Nashville Playhouse,2364,false,,46,165,120,0.7273,96.93,30,0,15757.02,3425.44,0.25,969,59,0.0609,0.5085
358,2025-03-08,2025-03-01,weekend,hockey,sports,Austin Longhorns HC,6,Austin,false,Austin Arena,18625,false,0.2,213,776,492,0.634,100.05,132,0,58814.17,12785.71,0.25,3930,321,0.0817,0.4112
359,2025-03-08,2025-03-01,weekend,theater,theater & comedy,Copper & Coal,6,Austin,false,Austin Playhouse,2350,false,,41,149,95,0.6376,109.45,25,0,12929.29,2810.72,0.25,841,54,0.0642,0.463
360,2025-03-08,2025-03-01,weekend,theater,theater & comedy,The Clockmaker,7,Columbus,true,Columbus Playhouse,2819,false,,71,229,154,0.6725,141.46,47,0,22552.9,4902.78,0.25,1616,113,0.0699,0.4159
361,2025-03-09,2025-03-01,weekend,concert,concerts,The Golden Tides,1,Denver,false,Denver Arena,19434,false,,214,747,406,0.5435,96.38,117,0,42665.94,9275.23,0.25,3229,264,0.0818,0.4432
362,2025-03-09,2025-03-01,weekend,comedy,theater & comedy,Rosa Adler,2,Phoenix,true,Phoenix Playhouse,1894,false,,35,110,55,0.5,32.54,16,0,1938.8,421.48,0.25,458,35,0.0764,0.4571
363,2025-03-09,2025-03-01,weekend,hockey,sports,Columbus Navigators,7,Columbus,true,Columbus Arena,17956,false,0.2,198,739,469,0.6346,122.91,126,0,66595.92,14477.35,0.25,3688,295,0.08,0.4271
364,2025-03-09,2025-03-01,weekend,basketball,sports,Sacramento Monarchs,8,Sacramento,false,Sacramento Arena,19109,false,0.4,274,883,554,0.6274,108.82,177,0,74303.22,16152.93,0.25,4820,382,0.0793,0.4634
365,2025-03-10,2025-03-01,weeknight,basketball,sports,Denver Altitude,1,Denver,false,Denver Arena,19434,false,0.6,224,760,416,0.5474,96.72,119,0,47853.42,10402.88,0.25,3325,268,0.0806,0.444
366,2025-03-10,2025-03-01,weeknight,hockey,sports,Nashville Steel,5,Nashville,true,Nashville Arena,19465,false,0.5,193,623,318,0.5104,90.39,98,0,31161.71,6774.33,0.25,2700,216,0.08,0.4537
367,2025-03-10,2025-03-01,weeknight,theater,theater & comedy,The Understudy,5,Nashville,true,Nashville Playhouse,2364,false,,37,119,40,0.3361,113.49,13,0,4364.46,948.8,0.25,497,30,0.0604,0.4333
368,2025-03-11,2025-03-01,weeknight,comedy,theater & comedy,Sam Okafor,1,Denver,false,Denver Playhouse,2520,false,,63,237,167,0.7046,125.67,47,0,23701.83,5152.55,0.25,1741,122,0.0701,0.3852
369,2025-03-11,2025-03-01,weeknight,hockey,sports,Phoenix Dust Devils,2,Phoenix,true,Phoenix Arena,19646,false,0.5,197,672,353,0.5253,97.38,103,0,38528.29,8375.73,0.25,3021,237,0.0785,0.4346
370,2025-03-11,2025-03-01,weeknight,comedy,theater & comedy,Jordan Hale,2,Phoenix,true,Phoenix Playhouse,1894,false,,31,103,34,0.3301,44.35,12,0,1627.22,353.75,0.25,394,23,0.0584,0.5217
371,2025-03-11,2025-03-01,weeknight,basketball,sports,Charlotte Hornbills,3,Charlotte,false,Charlotte Arena,18003,false,0.5,203,716,386,0.5391,100.34,111,0,44311.56,9632.95,0.25,3026,229,0.0757,0.4847
372,2025-03-11,2025-03-01,weeknight,basketball,sports,Portland Timber Wolves,4,Portland,false,Portland Arena,19339,false,0.6,217,772,432,0.5596,109.89,123,0,55366.91,12036.31,0.25,3399,274,0.0806,0.4489
373,2025-03-11,2025-03-01,weeknight,concert,concerts,The Crimson Machines,5,Nashville,true,Nashville Arena,19465,false,,259,938,475,0.5064,127.21,134,0,65046.41,14140.56,0.25,3788,305,0.0805,0.4393
374,2025-03-11,2025-03-01,weeknight,theater,theater & comedy,A Winter Almanac,5,Nashville,true,Nashville Playhouse,2364,false,,35,135,52,0.3852,66.26,14,0,4152.02,902.61,0.25,460,32,0.0696,0.4375
375,2025-03-11,2025-03-01,weeknight,concert,concerts,The Static Ghosts,6,Austin,false,Austin Arena,18625,false,,207,709,315,0.4443,88.19,93,0,32634.67,7094.48,0.25,2592,208,0.0802,0.4471
376,2025-03-11,2025-03-01,weeknight,concert,concerts,The Paper Comets,8,Sacramento,false,Sacramento Arena,19109,false,,196,663,301,0.454,68.76,86,0,25228.31,5484.38,0.25,2317,192,0.0829,0.4479
377,2025-03-12,2025-03-01,weeknight,basketball,sports,Denver Altitude,1,Denver,false,Denver Arena,19434,false,0.6,231,799,484,0.6058,109.2,138,0,61096.51,13281.85,0.25,4010,319,0.0796,0.4326
378,2025-03-12,2025-03-01,weeknight,hockey,sports,Phoenix Dust Devils,2,Phoenix,true,Phoenix Arena,19646,false,0.5,190,645,361,0.5597,93.64,103,0,37381.34,8126.31,0.25,3206,257,0.0802,0.4008
379,2025-03-12,2025-03-01,weeknight,basketball,sports,Portland Timber Wolves,4,Portland,false,Portland Arena,19339,true,0.5,224,791,394,0.4981,111.56,116,0,0.0,0.0,,3279,258,0.0787,0.4496
380,2025-03-13,2025-03-01,weeknight,basketball,sports,Charlotte Hornbills,3,Charlotte,false,Charlotte Arena,18003,false,0.5,225,781,448,0.5736,108.55,126,0,57674.9,12538.04,0.25,3651,296,0.0811,0.4257
381,2025-03-13,2025-03-01,weeknight,concert,concerts,Dana Ibarra,4,Portland,false,Portland Arena,19339,false,,249,887,450,0.5073,99.8,132,0,54975.27,11951.11,0.25,3683,299,0.0812,0.4415
382,2025-03-13,2025-03-01,weeknight,theater,theater & comedy,Dust Bowl Ballads,4,Portland,false,Portland Playhouse,2637,false,,45,177,133,0.7514,120.85,31,0,17513.53,3807.31,0.25,927,64,0.069,0.4844
383,2025-03-13,2025-03-01,weeknight,hockey,sports,Austin Longhorns HC,6,Austin,false,Austin Arena,18625,false,0.1,180,606,305,0.5033,73.87,86,0,25208.72,5480.12,0.25,2383,192,0.0806,0.4479
384,2025-03-13,2025-03-01,weeknight,hockey,sports,Columbus Navigators,7,Columbus,true,Columbus Arena,17956,false,0.2,191,699,339,0.485,104.0,96,0,40228.83,8745.4,0.25,2889,231,0.08,0.4156
385,2025-03-13,2025-03-01,weeknight,theater,theater & comedy,The Understudy,7,Columbus,true,Columbus Playhouse,2819,false,,71,232,146,0.6293,104.11,48,0,18587.63,4040.76,0.25,1372,98,0.0714,0.4898
386,2025-03-14,2025-03-01,weekend,basketball,sports,Denver Altitude,1,Denver,false,Denver Arena,19434,false,0.6,249,838,578,0.6897,114.9,175,0,75980.12,16517.45,0.25,4823,393,0.0815,0.4453
387,2025-03-14,2025-03-01,weekend,comedy,theater & comedy,Aisha Lindqvist,1,Denver,false,Denver Playhouse,2520,false,,56,203,140,0.6897,71.19,39,0,13441.31,2922.01,0.25,1290,87,0.0674,0.4483
388,2025-03-14,2025-03-01,weekend,hockey,sports,Phoenix Dust Devils,2,Phoenix,true,Phoenix Arena,19646,false,0.5,277,939,656,0.6986,120.69,196,0,104191.1,22650.23,0.25,5597,438,0.0783,0.4475
389,2025-03-14,2025-03-01,weekend,theater,theater & comedy,Starlight Express Line,2,Phoenix,true,Phoenix Playhouse,1894,false,,33,127,59,0.4646,140.24,17,0,8386.48,1823.14,0.25,762,42,0.0551,0.4048
390,2025-03-14,2025-03-01,weekend,theater,theater & comedy,Dust Bowl Ballads,5,Nashville,true,Nashville Playhouse,2364,false,,50,180,133,0.7389,125.32,38,0,16551.2,3598.07,0.25,1334,88,0.066,0.4318
391,2025-03-14,2025-03-01,weekend,theater,theater & comedy,Northbound,6,Austin,false,Austin Playhouse,2350,false,,40,123,93,0.7561,129.89,30,0,13906.25,3023.11,0.25,1292,83,0.0642,0.3614
392,2025-03-15,2025-03-01,weekend,concert,concerts,Kofi Adler,1,Denver,false,Denver Arena,19434,false,,275,940,545,0.5798,122.36,162,0,77148.76,16771.5,0.25,4395,353,0.0803,0.4589
393,2025-03-15,2025-03-01,weekend,theater,theater & comedy,Paper Moons,1,Denver,false,Denver Playhouse,2520,false,,49,139,95,0.6835,118.37,34,0,13740.51,2987.07,0.25,1229,82,0.0667,0.4146
394,2025-03-15,2025-03-01,weekend,comedy,theater & comedy,Diego Sato,2,Phoenix,true,Phoenix Playhouse,1894,false,,40,145,113,0.7793,84.67,30,0,11598.84,2521.49,0.25,1096,63,0.0575,0.4762
395,2025-03-15,2025-03-01,weekend,concert,concerts,The Glass Rivers,3,Charlotte,false,Charlotte Arena,18003,false,,261,927,554,0.5976,128.28,159,0,88701.73,19282.97,0.25,4530,355,0.0784,0.4479
396,2025-03-15,2025-03-01,weekend,theater,theater & comedy,Dust Bowl Ballads,3,Charlotte,false,Charlotte Playhouse,1903,false,,39,118,79,0.6695,111.39,23,0,11197.75,2434.29,0.25,881,52,0.059,0.4423
397,2025-03-15,2025-03-01,weekend,comedy,theater & comedy,Priya Whitaker,4,Portland,false,Portland Playhouse,2637,false,,55,212,108,0.5094,39.75,28,0,4977.84,1082.15,0.25,852,59,0.0692,0.4746
398,2025-03-15,2025-03-01,weekend,hockey,sports,Nashville Steel,5,Nashville,true,Nashville Arena,19465,false,0.5,271,901,619,0.687,108.92,188,0,81439.64,17704.25,0.25,5081,414,0.0815,0.4541
399,2025-03-15,2025-03-01,weekend,theater,theater & comedy,Dust Bowl Ballads,5,Nashville,true,Nashville Playhouse,2364,false,,35,121,79,0.6529,125.65,19,0,10844.66,2357.52,0.25,784,48,0.0612,0.3958
400,2025-03-15,2025-03-01,weekend,hockey,sports,Austin Longhorns HC,6,Austin,false,Austin Arena,18625,false,0.2,211,742,418,0.5633,101.78,117,0,49221.12,10700.23,0.25,3491,276,0.0791,0.4239
401,2025-03-15,2025-03-01,weekend,comedy,theater & comedy,Priya Whitaker,6,Austin,false,Austin Playhouse,2350,false,,49,178,93,0.5225,39.79,24,0,4697.32,1021.16,0.25,641,45,0.0702,0.5333
402,2025-03-15,2025-03-01,weekend,hockey,sports,Columbus Navigators,7,Columbus,true,Columbus Arena,17956,false,0.1,206,705,446,0.6326,116.35,126,0,61045.97,13270.87,0.25,3347,260,0.0777,0.4846
403,2025-03-15,2025-03-01,weekend,comedy,theater & comedy,Maya Sato,7,Columbus,true,Columbus Playhouse,2819,false,,54,186,99,0.5323,36.23,25,0,4484.47,974.88,0.25,876,67,0.0765,0.3731
404,2025-03-15,2025-03-01,weekend,concert,concerts,The Broken Comets,8,Sacramento,false,Sacramento Arena,19109,false,,259,913,443,0.4852,89.37,126,0,43456.42,9447.06,0.25,3635,286,0.0787,0.4406
405,2025-03-16,2025-03-01,weekend,hockey,sports,Nashville Steel,5,Nashville,true,Nashville Arena,19465,false,0.5,184,671,431,0.6423,94.87,120,0,48471.34,10537.24,0.25,3348,267,0.0797,0.4494
406,2025-03-16,2025-03-01,weekend,hockey,sports,Columbus Navigators,7,Columbus,true,Columbus Arena,17956,false,0.2,193,683,443,0.6486,118.42,122,0,59443.1,12922.39,0.25,3511,272,0.0775,0.4485
407,2025-03-17,2025-03-01,weeknight,concert,concerts,The Velvet Pilots,3,Charlotte,false,Charlotte Arena,18003,false,,202,702,348,0.4957,80.09,100,0,30368.45,6601.85,0.25,2713,219,0.0807,0.4566
408,2025-03-17,2025-03-01,weeknight,basketball,sports,Portland Timber Wolves,4,Portland,false,Portland Arena,19339,false,0.6,229,859,565,0.6577,110.12,150,0,75439.85,16399.99,0.25,4013,327,0.0815,0.4587
409,2025-03-17,2025-03-01,weeknight,theater,theater & comedy,Copper & Coal,5,Nashville,true,Nashville Playhouse,2364,false,,19,64,46,0.7188,77.09,12,0,4910.08,1067.4,0.25,437,26,0.0595,0.4615
410,2025-03-17,2025-03-01,weeknight,concert,concerts,The Paper Saints,6,Austin,false,Austin Arena,18625,false,,211,770,363,0.4714,106.03,100,0,45297.26,9847.22,0.25,2680,221,0.0825,0.4525
411,2025-03-17,2025-03-01,weeknight,concert,concerts,The Static Tides,7,Columbus,true,Columbus Arena,17956,false,,235,837,466,0.5568,124.06,138,0,64293.81,13976.88,0.25,3938,321,0.0815,0.4299
412,2025-03-18,2025-03-01,weeknight,basketball,sports,Denver Altitude,1,Denver,false,Denver Arena,19434,false,0.6,237,878,472,0.5376,99.59,128,0,50772.54,11037.49,0.25,3359,273,0.0813,0.4689
413,2025-03-18,2025-03-01,weeknight,comedy,theater & comedy,Kofi Mensah,1,Denver,false,Denver Playhouse,2520,false,,37,139,62,0.446,41.93,14,0,2651.51,576.41,0.25,445,32,0.0719,0.4375
414,2025-03-18,2025-03-01,weeknight,theater,theater & comedy,The Lighthouse Keeper,2,Phoenix,true,Phoenix Playhouse,1894,false,,29,106,48,0.4528,92.41,11,0,5897.7,1282.12,0.25,450,29,0.0644,0.3793
415,2025-03-18,2025-03-01,weeknight,concert,concerts,The Velvet Gardens,3,Charlotte,false,Charlotte Arena,18003,true,,211,707,295,0.4173,72.13,83,0,0.0,0.0,,2207,179,0.0811,0.4637
416,2025-03-18,2025-03-01,weeknight,hockey,sports,Nashville Steel,5,Nashville,true,Nashville Arena,19465,false,0.5,197,678,362,0.5339,74.17,104,0,32112.73,6981.02,0.25,3066,242,0.0789,0.4298
417,2025-03-18,2025-03-01,weeknight,hockey,sports,Austin Longhorns HC,6,Austin,false,Austin Arena,18625,false,0.2,153,541,244,0.451,84.82,71,0,22367.42,4862.47,0.25,1844,149,0.0808,0.4765
418,2025-03-18,2025-03-01,weeknight,hockey,sports,Columbus Navigators,7,Columbus,true,Columbus Arena,17956,false,0.2,172,599,285,0.4758,86.1,82,0,28274.1,6146.48,0.25,2035,168,0.0826,0.4881
419,2025-03-18,2025-03-01,weeknight,theater,theater & comedy,Paper Moons,7,Columbus,true,Columbus Playhouse,2819,false,,42,161,117,0.7267,114.92,29,0,15241.97,3313.49,0.25,934,63,0.0675,0.4603
420,2025-03-19,2025-03-01,weeknight,comedy,theater & comedy,Ravi Adler,1,Denver,false,Denver Playhouse,2520,false,,57,197,116,0.5888,90.49,35,0,13684.2,2974.83,0.25,1075,68,0.0633,0.5147
421,2025-03-19,2025-03-01,weeknight,theater,theater & comedy,The Last Ferry,3,Charlotte,false,Charlotte Playhouse,1903,false,,38,127,74,0.5827,115.12,24,0,9138.25,1986.57,0.25,766,48,0.0627,0.5
422,2025-03-19,2025-03-01,weeknight,theater,theater & comedy,Copper & Coal,6,Austin,false,Austin Playhouse,2350,false,,34,125,81,0.648,80.78,24,0,7369.23,1602.01,0.25,756,55,0.0728,0.4364
423,2025-03-19,2025-03-01,weeknight,hockey,sports,Columbus Navigators,7,Columbus,true,Columbus Arena,17956,false,0.3,165,575,347,0.6035,95.23,97,0,41001.86,8913.45,0.25,2623,212,0.0808,0.4575
424,2025-03-19,2025-03-01,weeknight,basketball,sports,Sacramento Monarchs,8,Sacramento,false,Sacramento Arena,19109,false,0.5,230,781,430,0.5506,92.7,130,0,50686.62,11018.83,0.25,3559,289,0.0812,0.4498
425,2025-03-20,2025-03-01,weeknight,concert,concerts,Kofi Okafor,3,Charlotte,false,Charlotte Arena,18003,false,,222,726,385,0.5303,99.3,119,0,44333.35,9637.66,0.25,3619,283,0.0782,0.4205
426,2025-03-20,2025-03-01,weeknight,basketball,sports,Portland Timber Wolves,4,Portland,false,Portland Arena,19339,false,0.6,252,861,517,0.6005,114.29,148,0,64941.69,14117.81,0.25,4093,330,0.0806,0.4485
427,2025-03-20,2025-03-01,weeknight,comedy,theater & comedy,Marcus Brennan,4,Portland,false,Portland Playhouse,2637,false,,70,228,101,0.443,67.49,32,0,9125.51,1983.8,0.25,1094,78,0.0713,0.4103
428,2025-03-20,2025-03-01,weeknight,theater,theater & comedy,The Understudy,6,Austin,false,Austin Playhouse,2350,false,,44,141,72,0.5106,88.07,23,0,7709.51,1675.98,0.25,826,59,0.0714,0.3898
429,2025-03-21,2025-03-01,weekend,basketball,sports,Denver Altitude,1,Denver,false,Denver Arena,19434,false,0.6,253,947,541,0.5713,111.14,150,0,70787.2,15388.51,0.25,4142,342,0.0826,0.4386
430,2025-03-21,2025-03-01,weekend,comedy,theater & comedy,Elena Castillo,1,Denver,false,Denver Playhouse,2520,false,,59,203,162,0.798,85.58,46,0,16646.77,3618.87,0.25,1563,106,0.0678,0.434
431,2025-03-21,2025-03-01,weekend,concert,concerts,The Crimson Echoes,2,Phoenix,true,Phoenix Arena,19646,false,,269,886,487,0.5497,113.38,150,0,59058.51,12838.84,0.25,4424,366,0.0827,0.4098
432,2025-03-21,2025-03-01,weekend,basketball,sports,Charlotte Hornbills,3,Charlotte,false,Charlotte Arena,18003,false,0.7,295,978,693,0.7086,140.83,214,0,114198.02,24825.68,0.25,6238,487,0.0781,0.4394
433,2025-03-21,2025-03-01,weekend,theater,theater & comedy,Harbor Lights,3,Charlotte,false,Charlotte Playhouse,1903,false,,26,74,47,0.6351,126.37,17,0,6340.75,1378.44,0.25,548,27,0.0493,0.6296
434,2025-03-21,2025-03-01,weekend,theater,theater & comedy,Northbound,4,Portland,false,Portland Playhouse,2637,false,,69,263,184,0.6996,146.4,48,0,36275.95,7886.06,0.25,1632,108,0.0662,0.4444
435,2025-03-21,2025-03-01,weekend,theater,theater & comedy,A Winter Almanac,5,Nashville,true,Nashville Playhouse,2364,false,,41,140,97,0.6929,90.97,25,0,10928.13,2375.69,0.25,904,56,0.0619,0.4464
436,2025-03-21,2025-03-01,weekend,concert,concerts,Iris Whitaker,6,Austin,false,Austin Arena,18625,false,,217,737,376,0.5102,87.0,114,0,39305.08,8544.6,0.25,3107,252,0.0811,0.4524
437,2025-03-21,2025-03-01,weekend,hockey,sports,Columbus Navigators,7,Columbus,true,Columbus Arena,17956,false,0.3,200,689,418,0.6067,132.82,126,0,65705.52,14283.86,0.25,3753,304,0.081,0.4145
438,2025-03-21,2025-03-01,weekend,comedy,theater & comedy,Dana Moreno,7,Columbus,true,Columbus Playhouse,2819,false,,53,187,102,0.5455,43.46,30,0,5661.85,1230.82,0.25,942,66,0.0701,0.4545
439,2025-03-22,2025-03-01,weekend,theater,theater & comedy,Paper Moons,1,Denver,false,Denver Playhouse,2520,false,,54,169,99,0.5858,112.03,31,0,12072.54,2624.47,0.25,1083,71,0.0656,0.4366
440,2025-03-22,2025-03-01,weekend,theater,theater & comedy,Paper Moons,2,Phoenix,true,Phoenix Playhouse,1894,false,,40,142,106,0.7465,122.46,30,0,14216.32,3090.5,0.25,842,55,0.0653,0.5455
441,2025-03-22,2025-03-01,weekend,theater,theater & comedy,Starlight Express Line,4,Portland,false,Portland Playhouse,2637,false,,56,184,109,0.5924,105.64,35,0,14517.8,3156.06,0.25,1218,87,0.0714,0.4023
442,2025-03-22,2025-03-01,weekend,concert,concerts,The Velvet Lanterns,5,Nashville,true,Nashville Arena,19465,false,,205,696,329,0.4727,63.41,96,0,22686.11,4931.76,0.25,2639,211,0.08,0.455
443,2025-03-22,2025-03-01,weekend,comedy,theater & comedy,Iris Mensah,5,Nashville,true,Nashville Playhouse,2364,false,,59,196,118,0.602,77.0,35,0,11333.68,2463.85,0.25,1036,68,0.0656,0.5147
444,2025-03-22,2025-03-01,weekend,hockey,sports,Austin Longhorns HC,6,Austin,false,Austin Arena,18625,false,0.4,193,608,372,0.6118,105.12,119,0,49455.8,10751.25,0.25,3377,269,0.0797,0.4424
445,2025-03-22,2025-03-01,weekend,basketball,sports,Sacramento Monarchs,8,Sacramento,false,Sacramento Arena,19109,false,0.6,244,840,548,0.6524,110.41,159,0,74943.26,16292.0,0.25,4402,360,0.0818,0.4417
446,2025-03-22,2025-03-01,weekend,comedy,theater & comedy,Omar Okafor,8,Sacramento,false,Sacramento Playhouse,2242,false,,58,199,123,0.6181,48.45,35,0,7304.22,1587.88,0.25,1155,87,0.0753,0.4023
447,2025-03-23,2025-03-01,weekend,theater,theater & comedy,The Understudy,1,Denver,false,Denver Playhouse,2520,false,,36,120,87,0.725,115.14,25,0,9932.05,2159.15,0.25,858,53,0.0618,0.4717
448,2025-03-23,2025-03-01,weekend,hockey,sports,Phoenix Dust Devils,2,Phoenix,true,Phoenix Arena,19646,false,0.4,200,686,369,0.5379,102.35,112,0,41900.22,9108.75,0.25,3193,253,0.0792,0.4427
449,2025-03-23,2025-03-01,weekend,hockey,sports,Nashville Steel,5,Nashville,true,Nashville Arena,19465,false,0.6,200,692,406,0.5867,79.2,120,0,37299.08,8108.52,0.25,3160,253,0.0801,0.4743
450,2025-03-23,2025-03-01,weekend,theater,theater & comedy,The Understudy,5,Nashville,true,Nashville Playhouse,2364,false,,37,124,57,0.4597,108.52,16,0,7357.26,1599.39,0.25,609,40,0.0657,0.4
451,2025-03-23,2025-03-01,weekend,theater,theater & comedy,Northbound,8,Sacramento,false,Sacramento Playhouse,2242,false,,44,144,120,0.8333,173.84,36,0,25003.87,5435.62,0.25,1230,78,0.0634,0.4615
452,2025-03-24,2025-03-01,weeknight,basketball,sports,Denver Altitude,1,Denver,false,Denver Arena,19434,false,0.6,203,685,388,0.5664,96.0,113,0,43503.28,9457.23,0.25,3463,278,0.0803,0.4065
453,2025-03-24,2025-03-01,weeknight,hockey,sports,Nashville Steel,5,Nashville,true,Nashville Arena,19465,false,0.6,195,705,396,0.5617,97.55,104,0,42520.06,9243.5,0.25,2900,225,0.0776,0.4622
454,2025-03-24,2025-03-01,weeknight,theater,theater & comedy,Copper & Coal,5,Nashville,true,Nashville Playhouse,2364,false,,34,116,47,0.4052,82.35,18,0,5196.85,1129.76,0.25,668,46,0.0689,0.3913
455,2025-03-24,2025-03-01,weeknight,hockey,sports,Austin Longhorns HC,6,Austin,false,Austin Arena,18625,false,0.4,168,604,291,0.4818,83.52,80,0,26854.8,5837.95,0.25,2372,191,0.0805,0.4188
456,2025-03-24,2025-03-01,weeknight,theater,theater & comedy,Paper Moons,7,Columbus,true,Columbus Playhouse,2819,false,,47,170,122,0.7176,101.45,33,0,13615.51,2959.9,0.25,1233,85,0.0689,0.3882
457,2025-03-24,2025-03-01,weeknight,basketball,sports,Sacramento Monarchs,8,Sacramento,false,Sacramento Arena,19109,false,0.5,228,762,348,0.4567,92.8,115,0,37826.37,8223.12,0.25,3034,244,0.0804,0.4713
458,2025-03-25,2025-03-01,weeknight,comedy,theater & comedy,Luis Moreno,2,Phoenix,true,Phoenix Playhouse,1894,false,,38,110,45,0.4091,49.41,16,0,1935.3,420.72,0.25,454,30,0.0661,0.5333
459,2025-03-25,2025-03-01,weeknight,concert,concerts,The Quiet Harbors,3,Charlotte,false,Charlotte Arena,18003,false,,187,649,321,0.4946,90.11,91,0,34091.6,7411.21,0.25,2583,208,0.0805,0.4375
460,2025-03-26,2025-03-01,weeknight,hockey,sports,Phoenix Dust Devils,2,Phoenix,true,Phoenix Arena,19646,false,0.4,201,713,383,0.5372,93.08,103,0,37172.39,8080.94,0.25,2655,216,0.0814,0.4769
461,2025-03-26,2025-03-01,weeknight,concert,concerts,The Lunar Echoes,3,Charlotte,false,Charlotte Arena,18003,false,,266,922,636,0.6898,163.5,191,0,119845.17,26053.28,0.25,5458,431,0.079,0.4432
462,2025-03-26,2025-03-01,weeknight,hockey,sports,Nashville Steel,5,Nashville,true,Nashville Arena,19465,false,0.7,203,670,398,0.594,85.0,121,0,42059.61,9143.35,0.25,3256,262,0.0805,0.4618
463,2025-03-26,2025-03-01,weeknight,concert,concerts,Jordan Park,7,Columbus,true,Columbus Arena,17956,false,,252,784,490,0.625,145.18,157,0,81884.99,17801.12,0.25,4313,344,0.0798,0.4564
464,2025-03-27,2025-03-01,weeknight,theater,theater & comedy,The Clockmaker,2,Phoenix,true,Phoenix Playhouse,1894,false,,27,95,62,0.6526,102.96,17,0,8153.48,1772.5,0.25,527,35,0.0664,0.4857
465,2025-03-27,2025-03-01,weeknight,baseball,sports,Charlotte Copperheads,3,Charlotte,false,Charlotte Ballpark,41486,false,0.5,253,842,435,0.5166,45.09,136,0,21790.63,4737.14,0.25,3790,309,0.0815,0.4401
466,2025-03-27,2025-03-01,weeknight,basketball,sports,Charlotte Hornbills,3,Charlotte,false,Charlotte Arena,18003,false,0.5,196,709,374,0.5275,106.71,101,0,47676.04,10364.33,0.25,2850,233,0.0818,0.4335
467,2025-03-27,2025-03-01,weeknight,comedy,theater & comedy,Kofi Mensah,3,Charlotte,false,Charlotte Playhouse,1903,false,,40,131,77,0.5878,51.74,22,0,4399.25,956.36,0.25,735,46,0.0626,0.4783
468,2025-03-27,2025-03-01,weeknight,baseball,sports,Portland Rivermen,4,Portland,false,Portland Ballpark,42878,false,0.5,268,955,512,0.5361,51.95,145,0,30757.39,6686.34,0.25,4108,328,0.0798,0.4421
469,2025-03-28,2025-03-01,weekend,basketball,sports,Denver Altitude,1,Denver,false,Denver Arena,19434,false,0.5,278,981,616,0.6279,113.6,175,0,87799.04,19086.7,0.25,5033,397,0.0789,0.4408
470,2025-03-28,2025-03-01,weekend,theater,theater & comedy,The Clockmaker,2,Phoenix,true,Phoenix Playhouse,1894,false,,42,148,126,0.8514,147.86,32,0,22882.26,4974.43,0.25,1199,72,0.0601,0.4444
471,2025-03-28,2025-03-01,weekend,baseball,sports,Charlotte Copperheads,3,Charlotte,false,Charlotte Ballpark,41486,false,1.0,321,1065,737,0.692,51.81,218,0,44730.63,9724.04,0.25,5982,481,0.0804,0.4532
472,2025-03-28,2025-03-01,weekend,baseball,sports,Portland Rivermen,4,Portland,false,Portland Ballpark,42878,false,1.0,315,1101,740,0.6721,66.45,214,0,57361.0,12469.82,0.25,6394,510,0.0798,0.4196
473,2025-03-28,2025-03-01,weekend,comedy,theater & comedy,Maya Adler,5,Nashville,true,Nashville Playhouse,2364,false,,55,188,119,0.633,80.26,38,0,10446.46,2270.99,0.25,1172,80,0.0683,0.475
474,2025-03-28,2025-03-01,weekend,basketball,sports,Sacramento Monarchs,8,Sacramento,false,Sacramento Arena,19109,false,0.6,235,855,546,0.6386,101.74,146,0,65551.37,14250.28,0.25,3880,319,0.0822,0.4577
475,2025-03-29,2025-03-01,weekend,theater,theater & comedy,Starlight Express Line,1,Denver,false,Denver Playhouse,2520,false,,55,194,118,0.6082,125.1,32,0,15316.86,3329.76,0.25,1146,76,0.0663,0.4211
476,2025-03-29,2025-03-01,weekend,concert,concerts,The Midnight Tides,2,Phoenix,true,Phoenix Arena,19646,false,,311,1025,629,0.6137,108.32,194,0,77177.64,16777.71,0.25,5347,430,0.0804,0.4512
477,2025-03-29,2025-03-01,weekend,theater,theater & comedy,Paper Moons,2,Phoenix,true,Phoenix Playhouse,1894,false,,34,114,56,0.4912,125.33,16,0,9245.84,2009.96,0.25,652,36,0.0552,0.4444
478,2025-03-29,2025-03-01,weekend,baseball,sports,Charlotte Copperheads,3,Charlotte,false,Charlotte Ballpark,41486,false,1.0,292,1041,734,0.7051,54.31,212,0,47913.35,10415.94,0.25,5986,462,0.0772,0.4589
479,2025-03-29,2025-03-01,weekend,baseball,sports,Portland Rivermen,4,Portland,false,Portland Ballpark,42878,false,1.0,407,1375,1008,0.7331,65.7,287,0,80667.74,17536.47,0.25,7952,641,0.0806,0.4477
480,2025-03-29,2025-03-01,weekend,theater,theater & comedy,Copper & Coal,6,Austin,false,Austin Playhouse,2350,false,,38,154,100,0.6494,96.1,25,0,12707.87,2762.58,0.25,767,49,0.0639,0.5102
481,2025-03-29,2025-03-01,weekend,theater,theater & comedy,Paper Moons,8,Sacramento,false,Sacramento Playhouse,2242,false,,51,178,93,0.5225,111.35,30,0,12255.5,2664.24,0.25,1236,80,0.0647,0.375
482,2025-03-30,2025-03-01,weekend,basketball,sports,Denver Altitude,1,Denver,false,Denver Arena,19434,false,0.4,210,734,390,0.5313,96.7,117,0,48840.17,10617.44,0.25,3129,261,0.0834,0.4483
483,2025-03-30,2025-03-01,weekend,baseball,sports,Phoenix Scorpions,2,Phoenix,true,Phoenix Ballpark,40165,false,0.333,274,964,601,0.6234,39.75,175,0,29221.75,6352.55,0.25,4829,394,0.0816,0.4442
484,2025-03-30,2025-03-01,weekend,baseball,sports,Charlotte Copperheads,3,Charlotte,false,Charlotte Ballpark,41486,false,0.667,328,1244,773,0.6214,52.12,208,0,49291.47,10715.55,0.25,5815,463,0.0796,0.4492
485,2025-03-30,2025-03-01,weekend,basketball,sports,Charlotte Hornbills,3,Charlotte,false,Charlotte Arena,18003,false,0.3,209,724,438,0.605,108.24,121,0,50981.35,11082.9,0.25,3519,280,0.0796,0.4321
486,2025-03-30,2025-03-01,weekend,baseball,sports,Portland Rivermen,4,Portland,false,Portland Ballpark,42878,false,0.667,295,1062,703,0.662,61.3,189,0,49638.79,10790.98,0.25,5114,400,0.0782,0.4725
487,2025-03-30,2025-03-01,weekend,theater,theater & comedy,The Clockmaker,4,Portland,false,Portland Playhouse,2637,false,,40,128,80,0.625,130.16,24,0,12053.43,2620.29,0.25,784,49,0.0625,0.4898
488,2025-03-30,2025-03-01,weekend,theater,theater & comedy,Northbound,5,Nashville,true,Nashville Playhouse,2364,false,,49,182,117,0.6429,169.24,31,0,21498.6,4673.59,0.25,1087,68,0.0626,0.4559
489,2025-03-30,2025-03-01,weekend,baseball,sports,Columbus Clippers FC,7,Columbus,true,Columbus Ballpark,39853,false,0.333,241,879,492,0.5597,43.17,135,0,25856.62,5621.07,0.25,3709,297,0.0801,0.4545
490,2025-03-30,2025-03-01,weekend,hockey,sports,Columbus Navigators,7,Columbus,true,Columbus Arena,17956,false,0.4,184,655,381,0.5817,115.76,104,0,52068.23,11319.2,0.25,3072,237,0.0771,0.4388
491,2025-03-30,2025-03-01,weekend,baseball,sports,Sacramento Gold Rush,8,Sacramento,false,Sacramento Ballpark,41907,false,0.667,270,940,610,0.6489,50.9,174,0,36717.93,7982.12,0.25,5085,411,0.0808,0.4234
492,2025-03-30,2025-03-01,weekend,basketball,sports,Sacramento Monarchs,8,Sacramento,false,Sacramento Arena,19109,false,0.5,248,824,525,0.6371,121.67,160,0,78566.93,17079.69,0.25,4492,362,0.0806,0.442
493,2025-03-31,2025-03-01,weeknight,comedy,theater & comedy,Dana Kowalski,1,Denver,false,Denver Playhouse,2520,false,,48,162,85,0.5247,67.82,28,0,6214.72,1351.0,0.25,894,63,0.0705,0.4444
494,2025-03-31,2025-03-01,weeknight,baseball,sports,Phoenix Scorpions,2,Phoenix,true,Phoenix Ballpark,40165,false,0.5,223,870,432,0.4966,37.48,110,0,17307.27,3762.44,0.25,2924,252,0.0862,0.4365
495,2025-03-31,2025-03-01,weeknight,baseball,sports,Charlotte Copperheads,3,Charlotte,false,Charlotte Ballpark,41486,false,0.5,234,810,433,0.5346,38.84,131,0,20605.6,4479.51,0.25,3703,301,0.0813,0.4352
496,2025-03-31,2025-03-01,weeknight,baseball,sports,Portland Rivermen,4,Portland,false,Portland Ballpark,42878,false,0.75,282,917,585,0.6379,54.5,186,0,40135.18,8725.03,0.25,5533,446,0.0806,0.417
497,2025-03-31,2025-03-01,weeknight,baseball,sports,Nashville Fiddlers,5,Nashville,true,Nashville Ballpark,41587,false,0.0,216,777,330,0.4247,32.05,90,0,11775.05,2559.79,0.25,2433,201,0.0826,0.4478
498,2025-03-31,2025-03-01,weeknight,comedy,theater & comedy,Ravi Lindqvist,6,Austin,false,Austin Playhouse,2350,false,,54,193,107,0.5544,58.3,33,0,7891.44,1715.53,0.25,1030,69,0.067,0.4783
499,2025-03-31,2025-03-01,weeknight,baseball,sports,Columbus Clippers FC,7,Columbus,true,Columbus Ballpark,39853,false,0.5,234,793,462,0.5826,44.69,138,0,26210.36,5697.94,0.25,3918,317,0.0809,0.4353
500,2025-03-31,2025-03-01,weeknight,baseball,sports,Sacramento Gold Rush,8,Sacramento,false,Sacramento Ballpark,41907,false,0.75,294,1021,643,0.6298,44.51,187,0,34165.6,7427.27,0.25,5272,436,0.0827,0.4289
501,2025-04-01,2025-04-01,weeknight,basketball,sports,Denver Altitude,1,Denver,false,Denver Arena,19434,false,0.5,206,676,303,0.4482,80.24,98,0,29696.9,6455.86,0.25,2645,215,0.0813,0.4558
502,2025-04-01,2025-04-01,weeknight,baseball,sports,Phoenix Scorpions,2,Phoenix,true,Phoenix Ballpark,40165,false,0.6,235,796,436,0.5477,37.58,129,0,20390.71,4432.76,0.25,3512,286,0.0814,0.451
503,2025-04-01,2025-04-01,weeknight,hockey,sports,Phoenix Dust Devils,2,Phoenix,true,Phoenix Arena,19646,false,0.3,188,648,360,0.5556,85.23,99,0,33006.74,7175.4,0.25,2830,235,0.083,0.4213
504,2025-04-01,2025-04-01,weeknight,baseball,sports,Charlotte Copperheads,3,Charlotte,false,Charlotte Ballpark,41486,false,0.6,215,776,411,0.5296,42.64,107,0,19829.65,4310.77,0.25,3054,240,0.0786,0.4458
505,2025-04-01,2025-04-01,weeknight,concert,concerts,The Electric Rivers,3,Charlotte,false,Charlotte Arena,18003,false,,261,962,522,0.5426,133.97,150,0,82461.96,17926.51,0.25,4090,334,0.0817,0.4491
506,2025-04-01,2025-04-01,weeknight,baseball,sports,Portland Rivermen,4,Portland,false,Portland Ballpark,42878,false,0.6,254,959,626,0.6528,55.66,171,0,41041.02,8921.95,0.25,4694,391,0.0833,0.4373
507,2025-04-01,2025-04-01,weeknight,basketball,sports,Portland Timber Wolves,4,Portland,false,Portland Arena,19339,false,0.5,208,699,397,0.568,108.35,116,0,51819.74,11265.16,0.25,3275,259,0.0791,0.4479
508,2025-04-01,2025-04-01,weeknight,baseball,sports,Nashville Fiddlers,5,Nashville,true,Nashville Ballpark,41587,false,0.0,220,780,359,0.4603,33.01,92,0,12589.35,2736.82,0.25,3096,257,0.083,0.358
509,2025-04-01,2025-04-01,weeknight,concert,concerts,The Paper Pilots,6,Austin,false,Austin Arena,18625,false,,250,846,465,0.5496,121.48,143,0,64403.55,14000.77,0.25,4144,330,0.0796,0.4333
510,2025-04-01,2025-04-01,weeknight,theater,theater & comedy,A Winter Almanac,6,Austin,false,Austin Playhouse,2350,false,,47,162,93,0.5741,83.89,26,0,8369.05,1819.36,0.25,863,66,0.0765,0.3939
511,2025-04-01,2025-04-01,weeknight,baseball,sports,Columbus Clippers FC,7,Columbus,true,Columbus Ballpark,39853,false,0.4,215,715,351,0.4909,36.15,103,0,15443.53,3357.34,0.25,2782,227,0.0816,0.4537
512,2025-04-01,2025-04-01,weeknight,baseball,sports,Sacramento Gold Rush,8,Sacramento,false,Sacramento Ballpark,41907,false,0.8,275,940,542,0.5766,46.67,165,0,27746.62,6031.87,0.25,4564,372,0.0815,0.4435
513,2025-04-02,2025-04-01,weeknight,baseball,sports,Phoenix Scorpions,2,Phoenix,true,Phoenix Ballpark,40165,false,0.667,207,712,416,0.5843,38.29,111,0,19162.34,4165.73,0.25,3102,252,0.0812,0.4405
514,2025-04-02,2025-04-01,weeknight,comedy,theater & comedy,Aisha Castillo,2,Phoenix,true,Phoenix Playhouse,1894,false,,51,164,119,0.7256,69.94,34,0,9734.22,2116.12,0.25,1247,93,0.0746,0.3656
515,2025-04-02,2025-04-01,weeknight,baseball,sports,Charlotte Copperheads,3,Charlotte,false,Charlotte Ballpark,41486,false,0.667,269,924,592,0.6407,50.18,169,0,32913.48,7155.08,0.25,4784,387,0.0809,0.4367
516,2025-04-02,2025-04-01,weeknight,basketball,sports,Charlotte Hornbills,3,Charlotte,false,Charlotte Arena,18003,false,0.2,173,585,281,0.4803,79.82,78,0,26624.34,5787.9,0.25,2164,173,0.0799,0.4509
517,2025-04-02,2025-04-01,weeknight,comedy,theater & comedy,Ravi Castillo,3,Charlotte,false,Charlotte Playhouse,1903,false,,39,166,79,0.4759,78.29,18,0,6833.55,1485.54,0.25,690,39,0.0565,0.4615
518,2025-04-02,2025-04-01,weeknight,baseball,sports,Portland Rivermen,4,Portland,false,Portland Ballpark,42878,false,0.667,287,981,648,0.6606,58.41,194,0,46184.3,10040.05,0.25,5471,431,0.0788,0.4501
519,2025-04-02,2025-04-01,weeknight,baseball,sports,Nashville Fiddlers,5,Nashville,true,Nashville Ballpark,41587,false,0.25,181,576,286,0.4965,36.25,91,0,12380.51,2691.38,0.25,2409,202,0.0839,0.4505
520,2025-04-02,2025-04-01,weeknight,theater,theater & comedy,A Winter Almanac,5,Nashville,true,Nashville Playhouse,2364,false,,39,147,81,0.551,59.69,23,0,6974.03,1516.09,0.25,627,44,0.0702,0.5227
521,2025-04-02,2025-04-01,weeknight,baseball,sports,Austin Armadillos,6,Austin,false,Austin Ballpark,42198,false,0.8,272,882,521,0.5907,47.35,169,0,29500.56,6413.14,0.25,4719,381,0.0807,0.4436
522,2025-04-02,2025-04-01,weeknight,comedy,theater & comedy,Jordan Kowalski,6,Austin,false,Austin Playhouse,2350,false,,38,122,84,0.6885,45.51,27,0,4795.4,1042.48,0.25,845,60,0.071,0.45
523,2025-04-02,2025-04-01,weeknight,hockey,sports,Columbus Navigators,7,Columbus,true,Columbus Arena,17956,false,0.6,198,656,446,0.6799,137.32,129,0,68599.4,14912.88,0.25,3969,305,0.0768,0.423
524,2025-04-02,2025-04-01,weeknight,baseball,sports,Sacramento Gold Rush,8,Sacramento,false,Sacramento Ballpark,41907,false,0.667,256,857,475,0.5543,37.35,144,0,19585.56,4257.77,0.25,4096,329,0.0803,0.4377
525,2025-04-03,2025-04-01,weeknight,baseball,sports,Phoenix Scorpions,2,Phoenix,true,Phoenix Ballpark,40165,false,0.714,284,1065,692,0.6498,42.93,186,0,37060.04,8056.51,0.25,5424,434,0.08,0.4286
526,2025-04-03,2025-04-01,weeknight,baseball,sports,Nashville Fiddlers,5,Nashville,true,Nashville Ballpark,41587,false,0.2,237,858,374,0.4359,37.83,108,0,16753.21,3642.01,0.25,3070,242,0.0788,0.4463
527,2025-04-03,2025-04-01,weeknight,hockey,sports,Nashville Steel,5,Nashville,true,Nashville Arena,19465,false,0.7,218,738,402,0.5447,95.71,120,0,43381.69,9430.81,0.25,3237,260,0.0803,0.4615
528,2025-04-03,2025-04-01,weeknight,baseball,sports,Austin Armadillos,6,Austin,false,Austin Ballpark,42198,false,0.667,264,871,578,0.6636,44.67,177,0,31859.62,6926.06,0.25,5151,418,0.0811,0.4234
529,2025-04-03,2025-04-01,weeknight,baseball,sports,Columbus Clippers FC,7,Columbus,true,Columbus Ballpark,39853,false,0.333,271,939,607,0.6464,47.79,177,0,33306.86,7240.59,0.25,5077,422,0.0831,0.4194
530,2025-04-03,2025-04-01,weeknight,hockey,sports,Columbus Navigators,7,Columbus,true,Columbus Arena,17956,false,0.5,221,708,453,0.6398,135.42,142,0,70728.69,15375.77,0.25,3954,320,0.0809,0.4438
531,2025-04-03,2025-04-01,weeknight,baseball,sports,Sacramento Gold Rush,8,Sacramento,false,Sacramento Ballpark,41907,false,0.714,234,862,468,0.5429,41.21,133,0,22706.72,4936.25,0.25,3844,305,0.0793,0.4361
532,2025-04-04,2025-04-01,weekend,baseball,sports,Denver Lumberjacks,1,Denver,false,Denver Ballpark,38446,false,0.571,249,839,514,0.6126,52.47,160,0,32488.4,7062.69,0.25,4668,364,0.078,0.4396
533,2025-04-04,2025-04-01,weekend,baseball,sports,Phoenix Scorpions,2,Phoenix,true,Phoenix Ballpark,40165,false,0.625,323,1066,801,0.7514,53.38,239,0,50260.18,10926.17,0.25,6443,511,0.0793,0.4677
534,2025-04-04,2025-04-01,weekend,concert,concerts,The Desert Machines,2,Phoenix,true,Phoenix Arena,19646,false,,277,912,536,0.5877,128.13,171,0,83499.95,18152.17,0.25,4823,389,0.0807,0.4396
535,2025-04-04,2025-04-01,weekend,basketball,sports,Charlotte Hornbills,3,Charlotte,false,Charlotte Arena,18003,false,0.1,159,530,299,0.5642,89.91,89,0,32489.5,7062.97,0.25,2497,204,0.0817,0.4363
536,2025-04-04,2025-04-01,weekend,baseball,sports,Nashville Fiddlers,5,Nashville,true,Nashville Ballpark,41587,false,0.167,214,739,386,0.5223,38.47,111,0,18062.41,3926.62,0.25,3220,258,0.0801,0.4302
537,2025-04-04,2025-04-01,weekend,comedy,theater & comedy,Marcus Whitaker,5,Nashville,true,Nashville Playhouse,2364,false,,75,259,171,0.6602,101.45,47,0,17721.71,3852.56,0.25,1727,117,0.0677,0.4017
538,2025-04-04,2025-04-01,weekend,baseball,sports,Austin Armadillos,6,Austin,false,Austin Ballpark,42198,false,0.714,368,1293,847,0.6551,55.53,247,0,58740.38,12769.66,0.25,6967,572,0.0821,0.4318
539,2025-04-04,2025-04-01,weekend,hockey,sports,Austin Longhorns HC,6,Austin,false,Austin Arena,18625,false,0.6,244,844,607,0.7192,112.12,166,0,87236.96,18964.54,0.25,4659,356,0.0764,0.4663
540,2025-04-04,2025-04-01,weekend,baseball,sports,Columbus Clippers FC,7,Columbus,true,Columbus Ballpark,39853,false,0.286,252,837,430,0.5137,47.38,141,0,23748.95,5162.82,0.25,4064,328,0.0807,0.4299
541,2025-04-04,2025-04-01,weekend,theater,theater & comedy,Glass Menagerie Revue,7,Columbus,true,Columbus Playhouse,2819,false,,64,237,160,0.6751,128.86,42,0,26804.55,5827.09,0.25,1605,108,0.0673,0.3889
542,2025-04-04,2025-04-01,weekend,baseball,sports,Sacramento Gold Rush,8,Sacramento,false,Sacramento Ballpark,41907,false,0.75,284,904,602,0.6659,45.43,191,0,30853.1,6707.2,0.25,5523,447,0.0809,0.4273
543,2025-04-04,2025-04-01,weekend,basketball,sports,Sacramento Monarchs,8,Sacramento,false,Sacramento Arena,19109,false,0.4,213,748,477,0.6377,113.71,129,0,61417.95,13351.76,0.25,3535,288,0.0815,0.4479
544,2025-04-05,2025-04-01,weekend,baseball,sports,Denver Lumberjacks,1,Denver,false,Denver Ballpark,38446,false,0.625,287,946,680,0.7188,54.94,201,0,44505.91,9675.17,0.25,5707,463,0.0811,0.4341
545,2025-04-05,2025-04-01,weekend,basketball,sports,Denver Altitude,1,Denver,false,Denver Arena,19434,false,0.5,279,938,645,0.6876,118.73,190,0,93805.6,20392.54,0.25,4999,402,0.0804,0.4726
546,2025-04-05,2025-04-01,weekend,baseball,sports,Phoenix Scorpions,2,Phoenix,true,Phoenix Ballpark,40165,false,0.667,281,1021,645,0.6317,44.19,177,0,33172.66,7211.39,0.25,5321,422,0.0793,0.4194
547,2025-04-05,2025-04-01,weekend,comedy,theater & comedy,Sam Nguyen,3,Charlotte,false,Charlotte Playhouse,1903,false,,38,125,69,0.552,80.47,22,0,6314.59,1372.75,0.25,840,50,0.0595,0.44
548,2025-04-05,2025-04-01,weekend,basketball,sports,Portland Timber Wolves,4,Portland,false,Portland Arena,19339,false,0.4,266,946,583,0.6163,116.97,167,0,82296.33,17890.51,0.25,4670,369,0.079,0.4526
549,2025-04-05,2025-04-01,weekend,baseball,sports,Nashville Fiddlers,5,Nashville,true,Nashville Ballpark,41587,false,0.143,199,689,324,0.4702,34.19,91,0,12351.05,2684.98,0.25,2305,188,0.0816,0.484
550,2025-04-06,2025-04-01,weekend,hockey,sports,Phoenix Dust Devils,2,Phoenix,true,Phoenix Arena,19646,false,0.3,196,717,336,0.4686,78.9,97,0,32859.86,7143.44,0.25,2782,226,0.0812,0.4292
551,2025-04-06,2025-04-01,weekend,theater,theater & comedy,A Winter Almanac,2,Phoenix,true,Phoenix Playhouse,1894,false,,37,131,60,0.458,101.79,19,0,7152.18,1554.85,0.25,666,41,0.0616,0.4634
552,2025-04-06,2025-04-01,weekend,basketball,sports,Charlotte Hornbills,3,Charlotte,false,Charlotte Arena,18003,false,0.1,185,650,269,0.4138,100.29,79,0,29507.25,6414.61,0.25,2185,179,0.0819,0.4413
553,2025-04-06,2025-04-01,weekend,baseball,sports,Portland Rivermen,4,Portland,false,Portland Ballpark,42878,false,0.6,276,907,594,0.6549,59.85,181,0,41331.3,8985.08,0.25,5069,396,0.0781,0.4571
554,2025-04-06,2025-04-01,weekend,baseball,sports,Nashville Fiddlers,5,Nashville,true,Nashville Ballpark,41587,false,0.125,225,800,404,0.505,41.84,118,0,19747.23,4292.91,0.25,3163,258,0.0816,0.4574
555,2025-04-06,2025-04-01,weekend,hockey,sports,Nashville Steel,5,Nashville,true,Nashville Arena,19465,false,0.6,237,867,532,0.6136,104.17,149,0,67771.51,14732.97,0.25,4417,353,0.0799,0.4221
556,2025-04-06,2025-04-01,weekend,theater,theater & comedy,The Lighthouse Keeper,6,Austin,false,Austin Playhouse,2350,false,,46,180,110,0.6111,110.07,28,0,14343.87,3118.23,0.25,1047,67,0.064,0.4179
557,2025-04-06,2025-04-01,weekend,theater,theater & comedy,The Last Ferry,7,Columbus,true,Columbus Playhouse,2819,false,,62,220,151,0.6864,124.14,41,0,19015.34,4133.81,0.25,1275,86,0.0675,0.4767
558,2025-04-07,2025-04-01,weeknight,comedy,theater & comedy,Diego Sato,2,Phoenix,true,Phoenix Playhouse,1894,false,,36,104,75,0.7212,78.68,26,0,6389.55,1389.04,0.25,946,63,0.0666,0.4127
559,2025-04-07,2025-04-01,weeknight,basketball,sports,Charlotte Hornbills,3,Charlotte,false,Charlotte Arena,18003,false,0.2,195,610,284,0.4656,86.79,95,0,30624.28,6657.46,0.25,2823,234,0.0829,0.406
560,2025-04-07,2025-04-01,weeknight,baseball,sports,Portland Rivermen,4,Portland,false,Portland Ballpark,42878,false,0.6,296,1021,608,0.5955,53.83,167,0,41577.89,9038.67,0.25,4671,380,0.0814,0.4395
561,2025-04-07,2025-04-01,weeknight,basketball,sports,Portland Timber Wolves,4,Portland,false,Portland Arena,19339,false,0.4,200,662,313,0.4728,87.63,98,0,32727.54,7114.71,0.25,2722,224,0.0823,0.4375
562,2025-04-07,2025-04-01,weeknight,theater,theater & comedy,Copper & Coal,4,Portland,false,Portland Playhouse,2637,false,,37,140,53,0.3786,102.51,15,0,5757.75,1251.69,0.25,582,38,0.0653,0.3947
563,2025-04-07,2025-04-01,weeknight,hockey,sports,Austin Longhorns HC,6,Austin,false,Austin Arena,18625,false,0.6,164,553,301,0.5443,80.48,86,0,28207.35,6132.05,0.25,2620,210,0.0802,0.4095
564,2025-04-07,2025-04-01,weeknight,basketball,sports,Sacramento Monarchs,8,Sacramento,false,Sacramento Arena,19109,false,0.5,227,759,395,0.5204,93.43,125,0,43970.94,9558.89,0.25,3523,299,0.0849,0.4181
565,2025-04-07,2025-04-01,weeknight,comedy,theater & comedy,Aisha Castillo,8,Sacramento,false,Sacramento Playhouse,2242,false,,60,196,103,0.5255,67.91,31,0,8110.72,1763.2,0.25,1004,70,0.0697,0.4429
566,2025-04-08,2025-04-01,weeknight,basketball,sports,Denver Altitude,1,Denver,false,Denver Arena,19434,false,0.5,202,617,287,0.4652,89.36,98,0,27564.26,5992.21,0.25,2570,211,0.0821,0.4645
567,2025-04-08,2025-04-01,weeknight,basketball,sports,Charlotte Hornbills,3,Charlotte,false,Charlotte Arena,18003,false,0.1,154,526,191,0.3631,79.09,65,0,16344.41,3553.13,0.25,1876,156,0.0832,0.4167
568,2025-04-08,2025-04-01,weeknight,baseball,sports,Portland Rivermen,4,Portland,false,Portland Ballpark,42878,false,0.5,292,952,645,0.6775,55.96,201,0,44490.5,9671.91,0.25,5735,462,0.0806,0.4351
569,2025-04-08,2025-04-01,weeknight,hockey,sports,Nashville Steel,5,Nashville,true,Nashville Arena,19465,false,0.5,191,687,399,0.5808,80.9,108,0,39512.99,8589.78,0.25,3102,247,0.0796,0.4372
570,2025-04-09,2025-04-01,weeknight,basketball,sports,Denver Altitude,1,Denver,false,Denver Arena,19434,false,0.4,205,730,335,0.4589,92.67,97,0,35898.19,7803.97,0.25,2789,223,0.08,0.435
571,2025-04-09,2025-04-01,weeknight,concert,concerts,The Silver Comets,6,Austin,false,Austin Arena,18625,false,,238,834,401,0.4808,108.41,118,0,46772.52,10167.94,0.25,3310,264,0.0798,0.447
572,2025-04-09,2025-04-01,weeknight,hockey,sports,Columbus Navigators,7,Columbus,true,Columbus Arena,17956,false,0.5,168,595,334,0.5613,114.87,97,0,43271.77,9406.95,0.25,2620,207,0.079,0.4686
573,2025-04-10,2025-04-01,weeknight,baseball,sports,Phoenix Scorpions,2,Phoenix,true,Phoenix Ballpark,40165,false,0.7,254,863,545,0.6315,44.43,166,0,27104.13,5892.23,0.25,4785,389,0.0813,0.4267
574,2025-04-10,2025-04-01,weeknight,basketball,sports,Portland Timber Wolves,4,Portland,false,Portland Arena,19339,false,0.3,206,697,369,0.5294,94.43,116,0,40921.42,8895.97,0.25,3123,253,0.081,0.4585
575,2025-04-10,2025-04-01,weeknight,theater,theater & comedy,Dust Bowl Ballads,4,Portland,false,Portland Playhouse,2637,false,,30,92,41,0.4457,115.81,14,0,5348.51,1162.73,0.25,527,34,0.0645,0.4118
576,2025-04-10,2025-04-01,weeknight,baseball,sports,Sacramento Gold Rush,8,Sacramento,false,Sacramento Ballpark,41907,false,0.7,255,928,577,0.6218,43.58,154,0,29632.47,6441.86,0.25,4326,356,0.0823,0.4326
577,2025-04-10,2025-04-01,weeknight,concert,concerts,June Castillo,8,Sacramento,false,Sacramento Arena,19109,false,,312,1015,698,0.6877,190.22,213,0,159190.24,34606.53,0.25,5970,469,0.0786,0.4542
578,2025-04-11,2025-04-01,weekend,baseball,sports,Denver Lumberjacks,1,Denver,false,Denver Ballpark,38446,false,0.6,295,983,720,0.7325,60.09,220,0,52675.41,11451.13,0.25,6402,507,0.0792,0.4339
579,2025-04-11,2025-04-01,weekend,concert,concerts,The Wild Lanterns,1,Denver,false,Denver Arena,19434,false,,293,958,564,0.5887,120.7,178,0,84701.04,18413.3,0.25,5070,416,0.0821,0.4279
580,2025-04-11,2025-04-01,weekend,theater,theater & comedy,Harbor Lights,1,Denver,false,Denver Playhouse,2520,false,,63,194,129,0.6649,145.35,46,0,23815.68,5177.32,0.25,1750,119,0.068,0.3866
581,2025-04-11,2025-04-01,weekend,hockey,sports,Phoenix Dust Devils,2,Phoenix,true,Phoenix Arena,19646,false,0.4,241,821,567,0.6906,133.01,168,0,93914.2,20416.13,0.25,4637,365,0.0787,0.4603
582,2025-04-11,2025-04-01,weekend,theater,theater & comedy,Glass Menagerie Revue,2,Phoenix,true,Phoenix Playhouse,1894,false,,38,133,96,0.7218,110.06,25,0,13391.62,2911.21,0.25,908,59,0.065,0.4237
583,2025-04-11,2025-04-01,weekend,baseball,sports,Charlotte Copperheads,3,Charlotte,false,Charlotte Ballpark,41486,false,0.3,266,954,581,0.609,46.18,161,0,31180.2,6778.25,0.25,4561,365,0.08,0.4411
584,2025-04-11,2025-04-01,weekend,concert,concerts,The Wild Machines,4,Portland,false,Portland Arena,19339,false,,252,816,528,0.6471,143.53,155,0,90370.91,19645.89,0.25,4570,361,0.079,0.4294
585,2025-04-11,2025-04-01,weekend,theater,theater & comedy,Dust Bowl Ballads,4,Portland,false,Portland Playhouse,2637,false,,53,162,87,0.537,116.6,28,0,13063.05,2839.77,0.25,1005,59,0.0587,0.4746
586,2025-04-11,2025-04-01,weekend,hockey,sports,Nashville Steel,5,Nashville,true,Nashville Arena,19465,false,0.5,175,673,398,0.5914,80.88,106,0,36500.28,7934.85,0.25,2814,226,0.0803,0.469
587,2025-04-11,2025-04-01,weekend,baseball,sports,Sacramento Gold Rush,8,Sacramento,false,Sacramento Ballpark,41907,false,0.7,285,974,601,0.617,47.06,177,0,35949.12,7814.96,0.25,4778,389,0.0814,0.455
588,2025-04-12,2025-04-01,weekend,baseball,sports,Denver Lumberjacks,1,Denver,false,Denver Ballpark,38446,false,0.6,265,952,619,0.6502,52.15,177,0,40005.46,8696.9,0.25,5168,408,0.0789,0.4338
589,2025-04-12,2025-04-01,weekend,theater,theater & comedy,Harbor Lights,1,Denver,false,Denver Playhouse,2520,false,,53,196,121,0.6173,160.32,35,0,21300.25,4630.5,0.25,1350,89,0.0659,0.3933
590,2025-04-12,2025-04-01,weekend,baseball,sports,Phoenix Scorpions,2,Phoenix,true,Phoenix Ballpark,40165,false,0.6,285,1027,683,0.665,52.13,192,0,39996.18,8694.78,0.25,5327,432,0.0811,0.4444
591,2025-04-12,2025-04-01,weekend,baseball,sports,Charlotte Copperheads,3,Charlotte,false,Charlotte Ballpark,41486,false,0.4,252,860,520,0.6047,47.18,150,0,28593.92,6216.11,0.25,4407,349,0.0792,0.4298
592,2025-04-12,2025-04-01,weekend,theater,theater & comedy,The Clockmaker,3,Charlotte,false,Charlotte Playhouse,1903,false,,53,179,132,0.7374,142.11,38,0,26715.62,5807.73,0.25,1364,86,0.063,0.4419
593,2025-04-12,2025-04-01,weekend,concert,concerts,The Crimson Echoes,5,Nashville,true,Nashville Arena,19465,false,,315,1117,725,0.6491,127.68,198,0,115303.46,25066.0,0.25,5667,455,0.0803,0.4352
594,2025-04-12,2025-04-01,weekend,hockey,sports,Austin Longhorns HC,6,Austin,false,Austin Arena,18625,false,0.4,195,694,392,0.5648,107.48,119,0,45717.3,9938.52,0.25,3413,276,0.0809,0.4312
595,2025-04-12,2025-04-01,weekend,theater,theater & comedy,The Last Ferry,6,Austin,false,Austin Playhouse,2350,false,,36,137,62,0.4526,126.14,17,0,8268.3,1797.47,0.25,773,43,0.0556,0.3953
596,2025-04-12,2025-04-01,weekend,hockey,sports,Columbus Navigators,7,Columbus,true,Columbus Arena,17956,false,0.4,236,840,615,0.7321,140.85,174,0,102660.86,22317.56,0.25,5161,401,0.0777,0.4339
597,2025-04-12,2025-04-01,weekend,baseball,sports,Sacramento Gold Rush,8,Sacramento,false,Sacramento Ballpark,41907,false,0.7,272,995,680,0.6834,47.68,190,0,39762.55,8644.08,0.25,5008,399,0.0797,0.4762
598,2025-04-13,2025-04-01,weekend,baseball,sports,Denver Lumberjacks,1,Denver,false,Denver Ballpark,38446,false,0.6,268,962,679,0.7058,55.74,190,0,44492.04,9672.2,0.25,5221,412,0.0789,0.4612
599,2025-04-13,2025-04-01,weekend,baseball,sports,Phoenix Scorpions,2,Phoenix,true,Phoenix Ballpark,40165,false,0.5,269,973,572,0.5879,45.04,162,0,29879.29,6495.54,0.25,4401,352,0.08,0.4602
600,2025-04-13,2025-04-01,weekend,baseball,sports,Charlotte Copperheads,3,Charlotte,false,Charlotte Ballpark,41486,false,0.3,249,852,471,0.5528,41.45,129,0,21408.29,4654.03,0.25,3786,309,0.0816,0.4175
601,2025-04-13,2025-04-01,weekend,theater,theater & comedy,Starlight Express Line,3,Charlotte,false,Charlotte Playhouse,1903,false,,35,129,66,0.5116,105.03,16,0,9427.47,2049.45,0.25,681,43,0.0631,0.3721
602,2025-04-13,2025-04-01,weekend,baseball,sports,Portland Rivermen,4,Portland,false,Portland Ballpark,42878,false,0.6,278,927,574,0.6192,50.64,178,0,36021.85,7830.84,0.25,5113,416,0.0814,0.4279
603,2025-04-13,2025-04-01,weekend,concert,concerts,The Hollow Rivers,4,Portland,false,Portland Arena,19339,false,,402,1456,1075,0.7383,213.91,300,0,281009.11,61088.87,0.25,8307,654,0.0787,0.4587
604,2025-04-13,2025-04-01,weekend,comedy,theater & comedy,Omar Sato,4,Portland,false,Portland Playhouse,2637,false,,61,170,133,0.7824,67.32,48,0,11568.59,2514.91,0.25,1650,117,0.0709,0.4103
605,2025-04-13,2025-04-01,weekend,concert,concerts,The Wild Harbors,5,Nashville,true,Nashville Arena,19465,false,,267,894,477,0.5336,99.55,140,0,58759.17,12773.78,0.25,4118,326,0.0792,0.4294
606,2025-04-13,2025-04-01,weekend,concert,concerts,Priya Lindqvist,6,Austin,false,Austin Arena,18625,false,,205,715,280,0.3916,60.68,77,0,17934.29,3898.78,0.25,2238,178,0.0795,0.4326
607,2025-04-13,2025-04-01,weekend,theater,theater & comedy,Northbound,6,Austin,false,Austin Playhouse,2350,false,,45,136,94,0.6912,146.08,30,0,16054.45,3490.11,0.25,1065,66,0.062,0.4545
608,2025-04-13,2025-04-01,weekend,baseball,sports,Sacramento Gold Rush,8,Sacramento,false,Sacramento Ballpark,41907,false,0.7,312,1078,684,0.6345,51.61,196,0,40290.66,8758.81,0.25,5544,442,0.0797,0.4434
609,2025-04-14,2025-04-01,weeknight,baseball,sports,Phoenix Scorpions,2,Phoenix,true,Phoenix Ballpark,40165,false,0.5,231,782,438,0.5601,35.31,132,0,19673.92,4276.99,0.25,4005,317,0.0792,0.4164
610,2025-04-14,2025-04-01,weeknight,baseball,sports,Charlotte Copperheads,3,Charlotte,false,Charlotte Ballpark,41486,false,0.3,231,767,352,0.4589,40.62,114,0,16407.99,3566.95,0.25,3169,254,0.0802,0.4488
611,2025-04-14,2025-04-01,weeknight,baseball,sports,Portland Rivermen,4,Portland,false,Portland Ballpark,42878,false,0.7,266,940,581,0.6181,52.61,163,0,37011.21,8045.84,0.25,4611,385,0.0835,0.4234
612,2025-04-14,2025-04-01,weeknight,theater,theater & comedy,Paper Moons,4,Portland,false,Portland Playhouse,2637,false,,38,132,60,0.4545,103.7,17,0,6044.98,1314.13,0.25,606,33,0.0545,0.5152
613,2025-04-14,2025-04-01,weeknight,baseball,sports,Austin Armadillos,6,Austin,false,Austin Ballpark,42198,false,0.4,246,814,433,0.5319,42.15,134,0,20808.05,4523.49,0.25,4109,327,0.0796,0.4098
614,2025-04-14,2025-04-01,weeknight,baseball,sports,Columbus Clippers FC,7,Columbus,true,Columbus Ballpark,39853,false,0.5,247,846,496,0.5863,47.86,147,0,28612.44,6220.09,0.25,4090,325,0.0795,0.4523
615,2025-04-14,2025-04-01,weeknight,theater,theater & comedy,The Lighthouse Keeper,8,Sacramento,false,Sacramento Playhouse,2242,false,,30,77,37,0.4805,100.98,17,0,3504.57,761.85,0.25,708,43,0.0607,0.3953
616,2025-04-15,2025-04-01,weeknight,comedy,theater & comedy,Marcus Whitaker,1,Denver,false,Denver Playhouse,2520,false,,55,185,115,0.6216,67.62,36,0,8481.52,1843.8,0.25,1321,97,0.0734,0.3711
617,2025-04-15,2025-04-01,weeknight,baseball,sports,Phoenix Scorpions,2,Phoenix,true,Phoenix Ballpark,40165,false,0.5,225,793,404,0.5095,39.05,116,0,18748.9,4075.84,0.25,3136,252,0.0804,0.4603
618,2025-04-15,2025-04-01,weeknight,baseball,sports,Portland Rivermen,4,Portland,false,Portland Ballpark,42878,false,0.7,268,890,544,0.6112,51.98,160,0,33428.1,7266.99,0.25,4557,376,0.0825,0.4255
619,2025-04-15,2025-04-01,weeknight,theater,theater & comedy,The Lighthouse Keeper,4,Portland,false,Portland Playhouse,2637,false,,40,153,101,0.6601,102.06,26,0,12077.91,2625.65,0.25,753,51,0.0677,0.5098
620,2025-04-15,2025-04-01,weeknight,baseball,sports,Austin Armadillos,6,Austin,false,Austin Ballpark,42198,false,0.4,244,833,448,0.5378,44.54,132,0,22167.9,4819.11,0.25,3570,288,0.0807,0.4583
621,2025-04-15,2025-04-01,weeknight,baseball,sports,Columbus Clippers FC,7,Columbus,true,Columbus Ballpark,39853,false,0.5,269,923,566,0.6132,49.51,160,0,31122.49,6765.75,0.25,4124,333,0.0807,0.4805
622,2025-04-15,2025-04-01,weeknight,baseball,sports,Sacramento Gold Rush,8,Sacramento,false,Sacramento Ballpark,41907,false,0.8,259,949,640,0.6744,43.45,169,0,35403.75,7696.43,0.25,4801,397,0.0827,0.4257
623,2025-04-15,2025-04-01,weeknight,comedy,theater & comedy,Dana Moreno,8,Sacramento,false,Sacramento Playhouse,2242,false,,45,161,82,0.5093,35.46,20,0,3405.29,740.26,0.25,569,46,0.0808,0.4348
624,2025-04-16,2025-04-01,weeknight,theater,theater & comedy,The Understudy,3,Charlotte,false,Charlotte Playhouse,1903,false,,40,154,59,0.3831,79.24,15,0,4768.28,1036.58,0.25,535,33,0.0617,0.4545
625,2025-04-16,2025-04-01,weeknight,concert,concerts,Diego Lindqvist,4,Portland,false,Portland Arena,19339,false,,319,1042,662,0.6353,207.78,200,0,158958.01,34556.1,0.25,5426,438,0.0807,0.4566
626,2025-04-16,2025-04-01,weeknight,baseball,sports,Austin Armadillos,6,Austin,false,Austin Ballpark,42198,false,0.4,245,817,466,0.5704,43.61,139,0,23378.86,5082.39,0.25,3711,303,0.0816,0.4587
627,2025-04-16,2025-04-01,weeknight,baseball,sports,Columbus Clippers FC,7,Columbus,true,Columbus Ballpark,39853,false,0.5,239,849,512,0.6031,45.02,140,0,26648.85,5793.26,0.25,4034,326,0.0808,0.4294
628,2025-04-16,2025-04-01,weeknight,comedy,theater & comedy,Aisha Reyes,7,Columbus,true,Columbus Playhouse,2819,false,,51,196,90,0.4592,47.49,27,0,5815.92,1264.34,0.25,875,68,0.0777,0.3971
629,2025-04-16,2025-04-01,weeknight,baseball,sports,Sacramento Gold Rush,8,Sacramento,false,Sacramento Ballpark,41907,false,0.8,263,966,532,0.5507,39.66,152,0,23812.93,5176.72,0.25,4312,358,0.083,0.4246
630,2025-04-17,2025-04-01,weeknight,baseball,sports,Portland Rivermen,4,Portland,false,Portland Ballpark,42878,false,0.7,282,980,618,0.6306,51.91,173,0,36805.95,8001.25,0.25,4835,399,0.0825,0.4336
631,2025-04-17,2025-04-01,weeknight,concert,concerts,June Sato,4,Portland,false,Portland Arena,19339,false,,208,735,244,0.332,67.59,75,0,17864.05,3883.49,0.25,1889,157,0.0831,0.4777
632,2025-04-17,2025-04-01,weeknight,baseball,sports,Nashville Fiddlers,5,Nashville,true,Nashville Ballpark,41587,false,0.3,232,778,471,0.6054,32.98,139,0,19303.43,4196.39,0.25,3762,298,0.0792,0.4664
633,2025-04-17,2025-04-01,weeknight,theater,theater & comedy,Dust Bowl Ballads,5,Nashville,true,Nashville Playhouse,2364,false,,48,170,101,0.5941,122.38,31,0,15243.66,3313.85,0.25,1070,68,0.0636,0.4559
634,2025-04-17,2025-04-01,weeknight,baseball,sports,Austin Armadillos,6,Austin,false,Austin Ballpark,42198,false,0.4,275,964,611,0.6338,53.71,168,0,36792.24,7998.31,0.25,4568,375,0.0821,0.448
635,2025-04-17,2025-04-01,weeknight,concert,concerts,The Velvet Wolves,7,Columbus,true,Columbus Arena,17956,false,,335,1153,777,0.6739,261.34,223,0,234326.66,50940.59,0.25,5939,471,0.0793,0.4735
636,2025-04-17,2025-04-01,weeknight,comedy,theater & comedy,Dana Moreno,7,Columbus,true,Columbus Playhouse,2819,false,,43,144,51,0.3542,48.08,20,0,2980.86,648.03,0.25,699,46,0.0658,0.4348
637,2025-04-18,2025-04-01,weekend,baseball,sports,Denver Lumberjacks,1,Denver,false,Denver Ballpark,38446,false,0.6,250,879,479,0.5449,50.79,141,0,28485.02,6192.39,0.25,4371,359,0.0821,0.3928
638,2025-04-18,2025-04-01,weekend,theater,theater & comedy,A Winter Almanac,1,Denver,false,Denver Playhouse,2520,false,,33,125,71,0.568,81.74,19,0,7175.55,1559.9,0.25,631,38,0.0602,0.5
639,2025-04-18,2025-04-01,weekend,concert,concerts,Dana Kowalski,2,Phoenix,true,Phoenix Arena,19646,false,,276,982,617,0.6283,146.43,176,0,115798.93,25173.7,0.25,5276,422,0.08,0.4171
640,2025-04-18,2025-04-01,weekend,theater,theater & comedy,The Clockmaker,2,Phoenix,true,Phoenix Playhouse,1894,false,,36,115,77,0.6696,142.76,23,0,11533.32,2507.24,0.25,928,56,0.0603,0.4107
641,2025-04-18,2025-04-01,weekend,baseball,sports,Charlotte Copperheads,3,Charlotte,false,Charlotte Ballpark,41486,false,0.5,279,905,552,0.6099,49.38,174,0,32165.96,6992.56,0.25,5001,402,0.0804,0.4328
642,2025-04-18,2025-04-01,weekend,baseball,sports,Portland Rivermen,4,Portland,false,Portland Ballpark,42878,false,0.7,343,1177,849,0.7213,68.59,245,0,71227.94,15484.47,0.25,7255,583,0.0804,0.4202
643,2025-04-18,2025-04-01,weekend,baseball,sports,Nashville Fiddlers,5,Nashville,true,Nashville Ballpark,41587,false,0.4,273,917,589,0.6423,46.33,177,0,31973.19,6950.65,0.25,5135,411,0.08,0.4307
644,2025-04-18,2025-04-01,weekend,concert,concerts,The Hollow Comets,5,Nashville,true,Nashville Arena,19465,false,,279,962,507,0.527,115.98,147,0,74832.61,16268.0,0.25,3979,322,0.0809,0.4565
645,2025-04-18,2025-04-01,weekend,baseball,sports,Austin Armadillos,6,Austin,false,Austin Ballpark,42198,false,0.5,271,930,614,0.6602,52.11,177,0,38697.05,8412.42,0.25,4732,381,0.0805,0.4646
646,2025-04-18,2025-04-01,weekend,concert,concerts,Rosa Reyes,6,Austin,false,Austin Arena,18625,false,,285,1002,635,0.6337,160.23,184,0,114337.53,24856.02,0.25,5518,436,0.079,0.422
647,2025-04-18,2025-04-01,weekend,theater,theater & comedy,Northbound,6,Austin,false,Austin Playhouse,2350,false,,42,149,118,0.7919,141.17,30,0,20772.52,4515.78,0.25,1327,83,0.0625,0.3614
648,2025-04-19,2025-04-01,weekend,baseball,sports,Denver Lumberjacks,1,Denver,false,Denver Ballpark,38446,false,0.5,238,814,467,0.5737,51.81,134,0,28057.37,6099.4,0.25,3836,307,0.08,0.4365
649,2025-04-19,2025-04-01,weekend,comedy,theater & comedy,Luis Moreno,1,Denver,false,Denver Playhouse,2520,false,,53,195,135,0.6923,49.32,38,0,8554.9,1859.75,0.25,1163,82,0.0705,0.4634
650,2025-04-19,2025-04-01,weekend,concert,concerts,The Silver Comets,5,Nashville,true,Nashville Arena,19465,false,,294,1033,617,0.5973,125.26,182,0,94520.88,20547.95,0.25,5040,411,0.0815,0.4428
651,2025-04-19,2025-04-01,weekend,baseball,sports,Austin Armadillos,6,Austin,false,Austin Ballpark,42198,false,0.6,257,902,526,0.5831,47.85,154,0,27425.18,5961.98,0.25,4301,342,0.0795,0.4503
652,2025-04-19,2025-04-01,weekend,comedy,theater & comedy,Marcus Mensah,6,Austin,false,Austin Playhouse,2350,false,,45,155,96,0.6194,56.45,29,0,5544.84,1205.38,0.25,853,60,0.0703,0.4833
653,2025-04-19,2025-04-01,weekend,concert,concerts,The Velvet Echoes,8,Sacramento,false,Sacramento Arena,19109,false,,307,1054,615,0.5835,155.55,179,0,101335.93,22029.59,0.25,5241,415,0.0792,0.4313
654,2025-04-20,2025-04-01,weekend,baseball,sports,Denver Lumberjacks,1,Denver,false,Denver Ballpark,38446,false,0.4,285,992,641,0.6462,52.93,187,0,40668.3,8840.93,0.25,5314,433,0.0815,0.4319
655,2025-04-20,2025-04-01,weekend,baseball,sports,Charlotte Copperheads,3,Charlotte,false,Charlotte Ballpark,41486,false,0.5,271,949,562,0.5922,47.7,162,0,33499.34,7282.44,0.25,4264,347,0.0814,0.4669
656,2025-04-20,2025-04-01,weekend,theater,theater & comedy,Dust Bowl Ballads,4,Portland,false,Portland Playhouse,2637,false,,42,137,97,0.708,137.35,29,0,15022.74,3265.8,0.25,995,62,0.0623,0.4677
657,2025-04-21,2025-04-01,weeknight,baseball,sports,Denver Lumberjacks,1,Denver,false,Denver Ballpark,38446,false,0.5,241,854,525,0.6148,47.2,149,0,28702.14,6239.54,0.25,4095,330,0.0806,0.4515
658,2025-04-21,2025-04-01,weeknight,baseball,sports,Phoenix Scorpions,2,Phoenix,true,Phoenix Ballpark,40165,false,0.5,241,854,399,0.4672,33.67,116,0,16556.09,3599.14,0.25,3127,250,0.0799,0.464
659,2025-04-21,2025-04-01,weeknight,baseball,sports,Charlotte Copperheads,3,Charlotte,false,Charlotte Ballpark,41486,false,0.6,257,837,469,0.5603,45.31,142,0,25501.72,5543.85,0.25,3963,320,0.0807,0.4438
660,2025-04-21,2025-04-01,weeknight,theater,theater & comedy,The Lighthouse Keeper,4,Portland,false,Portland Playhouse,2637,false,,47,168,62,0.369,97.89,19,0,6837.89,1486.51,0.25,697,44,0.0631,0.4318
661,2025-04-21,2025-04-01,weeknight,comedy,theater & comedy,Hana Reyes,6,Austin,false,Austin Playhouse,2350,false,,55,185,82,0.4432,73.92,23,0,5681.93,1235.21,0.25,771,51,0.0661,0.451
662,2025-04-21,2025-04-01,weeknight,baseball,sports,Columbus Clippers FC,7,Columbus,true,Columbus Ballpark,39853,false,0.5,248,859,548,0.638,44.62,155,0,29084.3,6322.65,0.25,4086,327,0.08,0.474
663,2025-04-21,2025-04-01,weeknight,comedy,theater & comedy,Marcus Fontaine,7,Columbus,true,Columbus Playhouse,2819,false,,51,160,85,0.5313,53.21,29,0,4507.48,979.88,0.25,919,65,0.0707,0.4462
664,2025-04-22,2025-04-01,weeknight,baseball,sports,Denver Lumberjacks,1,Denver,false,Denver Ballpark,38446,false,0.5,212,720,401,0.5569,46.93,117,0,21389.98,4650.03,0.25,3434,268,0.078,0.4366
665,2025-04-22,2025-04-01,weeknight,baseball,sports,Charlotte Copperheads,3,Charlotte,false,Charlotte Ballpark,41486,false,0.7,235,842,447,0.5309,44.54,125,0,23246.76,5053.64,0.25,3399,276,0.0812,0.4529
666,2025-04-22,2025-04-01,weeknight,theater,theater & comedy,Starlight Express Line,4,Portland,false,Portland Playhouse,2637,false,,43,162,108,0.6667,88.69,30,0,12758.26,2773.53,0.25,954,67,0.0702,0.4478
667,2025-04-22,2025-04-01,weeknight,baseball,sports,Columbus Clippers FC,7,Columbus,true,Columbus Ballpark,39853,false,0.6,236,767,452,0.5893,48.66,138,0,24080.11,5234.83,0.25,4102,320,0.078,0.4313
668,2025-04-22,2025-04-01,weeknight,concert,concerts,The Wild Machines,8,Sacramento,false,Sacramento Arena,19109,false,,242,868,477,0.5495,133.26,136,0,73268.34,15927.86,0.25,4070,330,0.0811,0.4121
669,2025-04-23,2025-04-01,weeknight,baseball,sports,Denver Lumberjacks,1,Denver,false,Denver Ballpark,38446,false,0.5,230,819,481,0.5873,45.65,136,0,25590.3,5563.12,0.25,3963,312,0.0787,0.4359
670,2025-04-23,2025-04-01,weeknight,baseball,sports,Phoenix Scorpions,2,Phoenix,true,Phoenix Ballpark,40165,false,0.6,219,718,338,0.4708,40.0,108,0,16145.29,3509.84,0.25,2957,234,0.0791,0.4615
671,2025-04-23,2025-04-01,weeknight,baseball,sports,Charlotte Copperheads,3,Charlotte,false,Charlotte Ballpark,41486,false,0.7,285,1016,573,0.564,46.38,170,0,34135.53,7420.79,0.25,4876,398,0.0816,0.4271
672,2025-04-23,2025-04-01,weeknight,comedy,theater & comedy,Jordan Hale,5,Nashville,true,Nashville Playhouse,2364,false,,38,121,49,0.405,50.6,18,0,2503.01,544.15,0.25,599,38,0.0634,0.4737
673,2025-04-23,2025-04-01,weeknight,comedy,theater & comedy,Nina Kowalski,6,Austin,false,Austin Playhouse,2350,false,,52,173,112,0.6474,68.1,33,0,9654.15,2098.74,0.25,1117,77,0.0689,0.4286
674,2025-04-23,2025-04-01,weeknight,concert,concerts,The Crimson Harbors,8,Sacramento,false,Sacramento Arena,19109,false,,258,931,584,0.6273,141.88,165,0,91989.32,19997.66,0.25,4685,382,0.0815,0.4319
675,2025-04-24,2025-04-01,weeknight,comedy,theater & comedy,Omar Okafor,1,Denver,false,Denver Playhouse,2520,false,,49,150,99,0.66,47.58,32,0,5350.21,1163.09,0.25,911,65,0.0714,0.4923
676,2025-04-24,2025-04-01,weeknight,baseball,sports,Phoenix Scorpions,2,Phoenix,true,Phoenix Ballpark,40165,false,0.5,262,934,486,0.5203,37.28,140,0,21906.33,4762.2,0.25,3962,320,0.0808,0.4375
677,2025-04-24,2025-04-01,weeknight,baseball,sports,Portland Rivermen,4,Portland,false,Portland Ballpark,42878,false,0.6,289,1021,683,0.669,50.49,187,0,40207.64,8740.74,0.25,5352,438,0.0818,0.4269
678,2025-04-24,2025-04-01,weeknight,concert,concerts,The Lucky Wolves,4,Portland,false,Portland Arena,19339,false,,243,839,471,0.5614,92.17,133,0,52752.5,11467.98,0.25,3699,310,0.0838,0.429
679,2025-04-24,2025-04-01,weeknight,theater,theater & comedy,A Winter Almanac,4,Portland,false,Portland Playhouse,2637,false,,37,116,62,0.5345,94.03,18,0,6678.01,1451.75,0.25,666,43,0.0646,0.4186
680,2025-04-24,2025-04-01,weeknight,theater,theater & comedy,The Lighthouse Keeper,5,Nashville,true,Nashville Playhouse,2364,false,,32,110,63,0.5727,94.42,20,0,6539.45,1421.63,0.25,662,42,0.0634,0.4762
681,2025-04-24,2025-04-01,weeknight,baseball,sports,Austin Armadillos,6,Austin,false,Austin Ballpark,42198,false,0.5,259,927,555,0.5987,48.54,159,0,31788.11,6910.45,0.25,4403,350,0.0795,0.4543
682,2025-04-24,2025-04-01,weeknight,concert,concerts,The Paper Gardens,6,Austin,false,Austin Arena,18625,false,,279,999,668,0.6687,151.29,183,0,117297.48,25499.43,0.25,5049,412,0.0816,0.4442
683,2025-04-24,2025-04-01,weeknight,theater,theater & comedy,The Last Ferry,8,Sacramento,false,Sacramento Playhouse,2242,false,,37,127,73,0.5748,103.06,21,0,9085.14,1975.03,0.25,668,48,0.0719,0.4375
684,2025-04-25,2025-04-01,weekend,concert,concerts,Dana Kowalski,2,Phoenix,true,Phoenix Arena,19646,false,,349,1205,827,0.6863,188.33,239,0,179338.94,38986.72,0.25,6619,528,0.0798,0.4527
685,2025-04-25,2025-04-01,weekend,concert,concerts,The Lunar Echoes,3,Charlotte,false,Charlotte Arena,18003,false,,242,849,556,0.6549,162.15,157,0,102272.52,22233.15,0.25,4286,340,0.0793,0.4618
686,2025-04-25,2025-04-01,weekend,baseball,sports,Portland Rivermen,4,Portland,false,Portland Ballpark,42878,false,0.5,302,1065,677,0.6357,57.58,195,0,46614.5,10133.61,0.25,5359,439,0.0819,0.4442
687,2025-04-25,2025-04-01,weekend,concert,concerts,The Electric Rivers,4,Portland,false,Portland Arena,19339,false,,318,1094,770,0.7038,158.51,222,0,150129.87,32636.89,0.25,6660,521,0.0782,0.4261
688,2025-04-25,2025-04-01,weekend,baseball,sports,Austin Armadillos,6,Austin,false,Austin Ballpark,42198,false,0.5,253,888,503,0.5664,49.88,144,0,29380.9,6387.18,0.25,4123,330,0.08,0.4364
689,2025-04-25,2025-04-01,weekend,comedy,theater & comedy,Ravi Adler,7,Columbus,true,Columbus Playhouse,2819,false,,77,257,169,0.6576,106.09,55,0,20993.63,4563.85,0.25,1781,121,0.0679,0.4545
690,2025-04-25,2025-04-01,weekend,baseball,sports,Sacramento Gold Rush,8,Sacramento,false,Sacramento Ballpark,41907,false,0.8,310,1032,754,0.7306,53.63,229,0,47082.0,10235.29,0.25,6397,513,0.0802,0.4464
691,2025-04-26,2025-04-01,weekend,theater,theater & comedy,The Understudy,1,Denver,false,Denver Playhouse,2520,false,,49,164,90,0.5488,106.79,28,0,10864.01,2361.76,0.25,896,62,0.0692,0.4516
692,2025-04-26,2025-04-01,weekend,theater,theater & comedy,Copper & Coal,2,Phoenix,true,Phoenix Playhouse,1894,false,,36,112,82,0.7321,108.14,27,0,9699.66,2108.62,0.25,1011,73,0.0722,0.3699
693,2025-04-26,2025-04-01,weekend,comedy,theater & comedy,Diego Sato,3,Charlotte,false,Charlotte Playhouse,1903,false,,42,132,78,0.5909,108.18,26,0,7268.65,1580.15,0.25,972,55,0.0566,0.4727
694,2025-04-26,2025-04-01,weekend,concert,concerts,Theo Park,4,Portland,false,Portland Arena,19339,false,,328,1144,822,0.7185,159.43,228,0,165197.59,35912.57,0.25,6419,523,0.0815,0.4359
695,2025-04-26,2025-04-01,weekend,baseball,sports,Nashville Fiddlers,5,Nashville,true,Nashville Ballpark,41587,false,0.4,218,773,378,0.489,41.28,113,0,17862.2,3883.06,0.25,3142,251,0.0799,0.4502
696,2025-04-26,2025-04-01,weekend,theater,theater & comedy,Paper Moons,5,Nashville,true,Nashville Playhouse,2364,false,,46,153,99,0.6471,112.24,32,0,13243.21,2878.96,0.25,1200,80,0.0667,0.4
697,2025-04-26,2025-04-01,weekend,baseball,sports,Austin Armadillos,6,Austin,false,Austin Ballpark,42198,false,0.6,268,944,618,0.6547,50.51,170,0,36594.83,7955.39,0.25,4806,382,0.0795,0.445
698,2025-04-26,2025-04-01,weekend,comedy,theater & comedy,Marcus Fontaine,6,Austin,false,Austin Playhouse,2350,false,,47,171,89,0.5205,63.42,26,0,6674.58,1450.97,0.25,820,57,0.0695,0.4561
699,2025-04-26,2025-04-01,weekend,baseball,sports,Sacramento Gold Rush,8,Sacramento,false,Sacramento Ballpark,41907,false,0.8,342,1246,894,0.7175,52.14,248,0,56449.01,12271.52,0.25,7315,580,0.0793,0.4276
700,2025-04-26,2025-04-01,weekend,concert,concerts,Kofi Adler,8,Sacramento,false,Sacramento Arena,19109,false,,290,1005,627,0.6239,132.24,171,0,93836.02,20399.11,0.25,4632,375,0.081,0.456
701,2025-04-27,2025-04-01,weekend,concert,concerts,Dana Ibarra,1,Denver,false,Denver Arena,19434,false,,220,744,412,0.5538,100.37,118,0,53581.34,11648.13,0.25,3283,262,0.0798,0.4504
702,2025-04-27,2025-04-01,weekend,theater,theater & comedy,Northbound,1,Denver,false,Denver Playhouse,2520,false,,47,144,83,0.5764,135.88,28,0,15759.22,3425.95,0.25,969,60,0.0619,0.4667
703,2025-04-27,2025-04-01,weekend,baseball,sports,Charlotte Copperheads,3,Charlotte,false,Charlotte Ballpark,41486,false,0.7,258,911,639,0.7014,46.27,175,0,37998.48,8260.47,0.25,5287,425,0.0804,0.4118
704,2025-04-27,2025-04-01,weekend,concert,concerts,Hana Brennan,3,Charlotte,false,Charlotte Arena,18003,false,,278,966,618,0.6398,183.27,174,0,128530.19,27941.33,0.25,5092,404,0.0793,0.4307
705,2025-04-27,2025-04-01,weekend,baseball,sports,Nashville Fiddlers,5,Nashville,true,Nashville Ballpark,41587,false,0.4,264,903,478,0.5293,37.27,141,0,22028.62,4788.81,0.25,3936,316,0.0803,0.4462
706,2025-04-27,2025-04-01,weekend,concert,concerts,The Electric Rivers,5,Nashville,true,Nashville Arena,19465,false,,289,1010,605,0.599,130.4,176,0,92768.46,20167.1,0.25,5191,421,0.0811,0.4181
707,2025-04-27,2025-04-01,weekend,baseball,sports,Austin Armadillos,6,Austin,false,Austin Ballpark,42198,false,0.6,299,979,614,0.6272,51.56,183,0,37616.02,8177.42,0.25,5286,419,0.0793,0.4368
708,2025-04-27,2025-04-01,weekend,baseball,sports,Columbus Clippers FC,7,Columbus,true,Columbus Ballpark,39853,false,0.8,256,887,599,0.6753,53.52,175,0,38038.96,8269.38,0.25,4834,388,0.0803,0.451
709,2025-04-27,2025-04-01,weekend,baseball,sports,Sacramento Gold Rush,8,Sacramento,false,Sacramento Ballpark,41907,false,0.8,291,976,635,0.6506,51.36,189,0,37782.69,8213.56,0.25,5529,427,0.0772,0.4426
710,2025-04-28,2025-04-01,weeknight,baseball,sports,Denver Lumberjacks,1,Denver,false,Denver Ballpark,38446,false,0.4,212,777,440,0.5663,45.26,127,0,22029.15,4788.9,0.25,3835,311,0.0811,0.4084
711,2025-04-28,2025-04-01,weeknight,theater,theater & comedy,Northbound,1,Denver,false,Denver Playhouse,2520,false,,50,175,111,0.6343,142.06,33,0,15993.6,3476.87,0.25,1087,74,0.0681,0.4459
712,2025-04-28,2025-04-01,weeknight,comedy,theater & comedy,Ravi Lindqvist,2,Phoenix,true,Phoenix Playhouse,1894,false,,43,143,82,0.5734,60.41,24,0,6061.27,1317.65,0.25,837,56,0.0669,0.4286
713,2025-04-28,2025-04-01,weeknight,baseball,sports,Charlotte Copperheads,3,Charlotte,false,Charlotte Ballpark,41486,false,0.7,284,975,634,0.6503,54.06,185,0,40584.91,8822.83,0.25,5287,426,0.0806,0.4343
714,2025-04-28,2025-04-01,weeknight,theater,theater & comedy,Northbound,4,Portland,false,Portland Playhouse,2637,false,,54,192,118,0.6146,171.46,34,0,23614.51,5133.59,0.25,1151,72,0.0626,0.4722
715,2025-04-28,2025-04-01,weeknight,baseball,sports,Nashville Fiddlers,5,Nashville,true,Nashville Ballpark,41587,false,0.3,210,746,381,0.5107,36.97,107,0,16120.29,3504.38,0.25,2814,226,0.0803,0.4735
716,2025-04-28,2025-04-01,weeknight,concert,concerts,Priya Fontaine,5,Nashville,true,Nashville Arena,19465,false,,184,674,288,0.4273,55.49,79,0,16893.42,3672.5,0.25,2116,178,0.0841,0.4438
717,2025-04-28,2025-04-01,weeknight,comedy,theater & comedy,Rosa Adler,5,Nashville,true,Nashville Playhouse,2364,false,,42,138,49,0.3551,21.03,10,0,1086.22,236.14,0.25,297,20,0.0673,0.5
718,2025-04-28,2025-04-01,weeknight,baseball,sports,Columbus Clippers FC,7,Columbus,true,Columbus Ballpark,39853,false,0.8,254,859,549,0.6391,54.18,159,0,33755.71,7338.22,0.25,4610,374,0.0811,0.4251
719,2025-04-28,2025-04-01,weeknight,concert,concerts,The Midnight Tides,8,Sacramento,false,Sacramento Arena,19109,false,,226,786,397,0.5051,79.91,108,0,38016.98,8264.53,0.25,3164,264,0.0834,0.4091
720,2025-04-29,2025-04-01,weeknight,baseball,sports,Denver Lumberjacks,1,Denver,false,Denver Ballpark,38446,false,0.4,222,796,413,0.5188,40.07,123,0,20832.18,4528.74,0.25,3630,286,0.0788,0.4301
721,2025-04-29,2025-04-01,weeknight,concert,concerts,The Hollow Harbors,1,Denver,false,Denver Arena,19434,false,,255,891,569,0.6386,131.79,165,0,88126.89,19158.02,0.25,5089,401,0.0788,0.4115
722,2025-04-29,2025-04-01,weeknight,baseball,sports,Phoenix Scorpions,2,Phoenix,true,Phoenix Ballpark,40165,false,0.6,235,768,433,0.5638,37.96,132,0,18746.76,4075.4,0.25,3583,293,0.0818,0.4505
723,2025-04-29,2025-04-01,weeknight,baseball,sports,Charlotte Copperheads,3,Charlotte,false,Charlotte Ballpark,41486,false,0.8,256,868,524,0.6037,48.27,157,0,29966.34,6514.41,0.25,4411,356,0.0807,0.441
724,2025-04-29,2025-04-01,weeknight,comedy,theater & comedy,Hana Reyes,4,Portland,false,Portland Playhouse,2637,false,,54,183,111,0.6066,60.59,32,0,7767.5,1688.58,0.25,1033,73,0.0707,0.4384
725,2025-04-29,2025-04-01,weeknight,concert,concerts,The Quiet Pilots,6,Austin,false,Austin Arena,18625,false,,249,823,451,0.548,129.38,128,0,67621.39,14700.25,0.25,3821,314,0.0822,0.4076
726,2025-04-29,2025-04-01,weeknight,concert,concerts,The Silver Ghosts,7,Columbus,true,Columbus Arena,17956,false,,299,1013,790,0.7799,257.06,232,0,255353.55,55511.65,0.25,6713,532,0.0792,0.4361
727,2025-04-30,2025-04-01,weeknight,baseball,sports,Denver Lumberjacks,1,Denver,false,Denver Ballpark,38446,false,0.4,226,800,403,0.5038,44.06,116,0,17810.76,3871.87,0.25,3536,284,0.0803,0.4085
728,2025-04-30,2025-04-01,weeknight,comedy,theater & comedy,Ravi Lindqvist,1,Denver,false,Denver Playhouse,2520,false,,54,188,137,0.7287,54.64,40,0,10803.55,2348.6,0.25,1329,95,0.0715,0.4211
729,2025-04-30,2025-04-01,weeknight,baseball,sports,Phoenix Scorpions,2,Phoenix,true,Phoenix Ballpark,40165,false,0.6,234,748,355,0.4746,35.56,113,0,13700.22,2978.3,0.25,3252,262,0.0806,0.4313
730,2025-04-30,2025-04-01,weeknight,baseball,sports,Charlotte Copperheads,3,Charlotte,false,Charlotte Ballpark,41486,false,0.8,231,797,502,0.6299,45.92,145,0,26938.45,5856.17,0.25,4116,339,0.0824,0.4277
731,2025-04-30,2025-04-01,weeknight,concert,concerts,The Glass Ghosts,5,Nashville,true,Nashville Arena,19465,false,,297,1022,616,0.6027,146.12,174,0,108000.25,23478.37,0.25,4658,382,0.082,0.4555
732,2025-04-30,2025-04-01,weeknight,comedy,theater & comedy,Sam Nguyen,5,Nashville,true,Nashville Playhouse,2364,false,,57,192,108,0.5625,70.44,30,0,8355.86,1816.47,0.25,1078,71,0.0659,0.4225
733,2025-04-30,2025-04-01,weeknight,comedy,theater & comedy,Maya Adler,6,Austin,false,Austin Playhouse,2350,false,,51,194,101,0.5206,63.69,28,0,6916.11,1503.51,0.25,885,59,0.0667,0.4746
734,2025-04-30,2025-04-01,weeknight,concert,concerts,June Sato,7,Columbus,true,Columbus Arena,17956,false,,204,747,279,0.3735,68.07,81,0,21539.24,4682.43,0.25,1942,161,0.0829,0.5031
735,2025-05-01,2025-05-01,weeknight,baseball,sports,Phoenix Scorpions,2,Phoenix,true,Phoenix Ballpark,40165,false,0.6,234,782,476,0.6087,42.75,139,0,22493.75,4890.0,0.25,3947,319,0.0808,0.4357
736,2025-05-01,2025-05-01,weeknight,baseball,sports,Charlotte Copperheads,3,Charlotte,false,Charlotte Ballpark,41486,false,0.9,273,977,514,0.5261,46.52,147,0,29087.68,6323.33,0.25,4025,320,0.0795,0.4594
737,2025-05-01,2025-05-01,weeknight,concert,concerts,The Lucky Echoes,5,Nashville,true,Nashville Arena,19465,false,,323,1135,819,0.7216,219.29,240,0,207488.86,45106.24,0.25,6800,548,0.0806,0.438
738,2025-05-01,2025-05-01,weeknight,baseball,sports,Sacramento Gold Rush,8,Sacramento,false,Sacramento Ballpark,41907,false,0.5,248,848,496,0.5849,38.4,146,0,23762.63,5165.84,0.25,4172,343,0.0822,0.4257
739,2025-05-02,2025-05-01,weekend,baseball,sports,Phoenix Scorpions,2,Phoenix,true,Phoenix Ballpark,40165,false,0.6,228,866,554,0.6397,42.54,139,0,27131.35,5898.09,0.25,3917,319,0.0814,0.4357
740,2025-05-02,2025-05-01,weekend,baseball,sports,Charlotte Copperheads,3,Charlotte,false,Charlotte Ballpark,41486,false,0.9,320,1137,771,0.6781,53.19,223,0,50542.55,10987.46,0.25,6208,497,0.0801,0.4487
741,2025-05-02,2025-05-01,weekend,theater,theater & comedy,Glass Menagerie Revue,4,Portland,false,Portland Playhouse,2637,false,,49,194,115,0.5928,135.22,29,0,15700.94,3413.24,0.25,980,61,0.0622,0.4754
742,2025-05-02,2025-05-01,weekend,comedy,theater & comedy,Ravi Castillo,5,Nashville,true,Nashville Playhouse,2364,false,,80,286,238,0.8322,99.95,66,0,28377.89,6169.1,0.25,2244,148,0.066,0.4459
743,2025-05-02,2025-05-01,weekend,baseball,sports,Austin Armadillos,6,Austin,false,Austin Ballpark,42198,false,0.4,258,950,589,0.62,45.08,158,0,30404.71,6609.62,0.25,4501,368,0.0818,0.4293
744,2025-05-02,2025-05-01,weekend,theater,theater & comedy,Dust Bowl Ballads,6,Austin,false,Austin Playhouse,2350,false,,46,151,86,0.5695,114.53,25,0,11435.15,2485.9,0.25,1049,70,0.0667,0.3571
745,2025-05-02,2025-05-01,weekend,comedy,theater & comedy,Nina Castillo,7,Columbus,true,Columbus Playhouse,2819,false,,56,201,126,0.6269,62.73,35,0,9996.11,2173.06,0.25,1132,82,0.0724,0.4268
746,2025-05-02,2025-05-01,weekend,baseball,sports,Sacramento Gold Rush,8,Sacramento,false,Sacramento Ballpark,41907,false,0.5,255,875,422,0.4823,41.82,126,0,21077.21,4581.96,0.25,3521,281,0.0798,0.4484
747,2025-05-02,2025-05-01,weekend,concert,concerts,The Northern Ghosts,8,Sacramento,false,Sacramento Arena,19109,false,,341,1154,810,0.7019,204.07,240,0,189295.36,41151.12,0.25,6756,534,0.079,0.4494
748,2025-05-03,2025-05-01,weekend,baseball,sports,Charlotte Copperheads,3,Charlotte,false,Charlotte Ballpark,41486,false,0.8,332,1207,873,0.7233,57.81,247,0,58251.45,12663.37,0.25,6946,554,0.0798,0.4458
749,2025-05-03,2025-05-01,weekend,baseball,sports,Portland Rivermen,4,Portland,false,Portland Ballpark,42878,false,0.4,352,1288,976,0.7578,57.68,269,0,75179.64,16343.48,0.25,7648,606,0.0792,0.4439
750,2025-05-03,2025-05-01,weekend,baseball,sports,Nashville Fiddlers,5,Nashville,true,Nashville Ballpark,41587,false,0.3,256,865,504,0.5827,44.47,148,0,26683.05,5800.63,0.25,4395,347,0.079,0.4265
751,2025-05-03,2025-05-01,weekend,baseball,sports,Austin Armadillos,6,Austin,false,Austin Ballpark,42198,false,0.4,314,1044,691,0.6619,61.04,219,0,47607.67,10349.48,0.25,5905,470,0.0796,0.466
752,2025-05-03,2025-05-01,weekend,concert,concerts,The Silver Parade,6,Austin,false,Austin Arena,18625,false,,429,1448,1139,0.7866,310.63,326,0,440341.83,95726.44,0.25,9860,759,0.077,0.4295
753,2025-05-03,2025-05-01,weekend,comedy,theater & comedy,Dana Reyes,6,Austin,false,Austin Playhouse,2350,false,,60,186,149,0.8011,81.55,47,0,14831.98,3224.34,0.25,1539,104,0.0676,0.4519
754,2025-05-03,2025-05-01,weekend,concert,concerts,Omar Castillo,7,Columbus,true,Columbus Arena,17956,false,,386,1281,909,0.7096,316.08,284,0,339097.41,73716.81,0.25,8150,627,0.0769,0.453
755,2025-05-03,2025-05-01,weekend,theater,theater & comedy,Starlight Express Line,8,Sacramento,false,Sacramento Playhouse,2242,false,,39,141,104,0.7376,143.81,26,0,16463.63,3579.02,0.25,1003,58,0.0578,0.4483
756,2025-05-04,2025-05-01,weekend,comedy,theater & comedy,Aisha Reyes,2,Phoenix,true,Phoenix Playhouse,1894,false,,47,149,71,0.4765,67.49,25,0,4489.85,976.06,0.25,1021,70,0.0686,0.3571
757,2025-05-04,2025-05-01,weekend,comedy,theater & comedy,Luis Hale,4,Portland,false,Portland Playhouse,2637,false,,57,207,131,0.6329,68.58,36,0,10437.8,2269.11,0.25,1082,75,0.0693,0.48
758,2025-05-04,2025-05-01,weekend,baseball,sports,Nashville Fiddlers,5,Nashville,true,Nashville Ballpark,41587,false,0.2,196,653,306,0.4686,33.39,94,0,11545.4,2509.8,0.25,2932,246,0.0839,0.3821
759,2025-05-04,2025-05-01,weekend,baseball,sports,Austin Armadillos,6,Austin,false,Austin Ballpark,42198,false,0.3,250,849,496,0.5842,45.08,147,0,26709.22,5806.33,0.25,4302,357,0.083,0.4118
760,2025-05-04,2025-05-01,weekend,theater,theater & comedy,Glass Menagerie Revue,6,Austin,false,Austin Playhouse,2350,false,,33,131,101,0.771,148.62,23,0,17780.62,3865.36,0.25,855,55,0.0643,0.4182
761,2025-05-04,2025-05-01,weekend,concert,concerts,Jordan Mensah,7,Columbus,true,Columbus Arena,17956,false,,285,987,566,0.5735,126.04,170,0,86320.29,18765.24,0.25,4346,364,0.0838,0.467
762,2025-05-05,2025-05-01,weeknight,concert,concerts,Aisha Adler,1,Denver,false,Denver Arena,19434,false,,254,913,476,0.5214,120.57,135,0,67153.02,14598.53,0.25,3912,318,0.0813,0.4245
763,2025-05-05,2025-05-01,weeknight,concert,concerts,The Desert Comets,2,Phoenix,true,Phoenix Arena,19646,false,,282,979,566,0.5781,156.88,176,0,102059.01,22186.78,0.25,5167,413,0.0799,0.4262
764,2025-05-05,2025-05-01,weeknight,theater,theater & comedy,Harbor Lights,2,Phoenix,true,Phoenix Playhouse,1894,false,,38,129,76,0.5891,138.91,22,0,10947.19,2379.83,0.25,912,53,0.0581,0.4151
765,2025-05-05,2025-05-01,weeknight,baseball,sports,Portland Rivermen,4,Portland,false,Portland Ballpark,42878,false,0.4,249,811,409,0.5043,44.7,124,0,21139.0,4595.44,0.25,3494,288,0.0824,0.4306
766,2025-05-05,2025-05-01,weeknight,baseball,sports,Nashville Fiddlers,5,Nashville,true,Nashville Ballpark,41587,false,0.2,218,780,411,0.5269,33.81,116,0,15595.59,3390.33,0.25,3364,272,0.0809,0.4265
767,2025-05-05,2025-05-01,weeknight,concert,concerts,Iris Castillo,5,Nashville,true,Nashville Arena,19465,false,,232,774,369,0.4767,153.46,116,0,68032.48,14789.65,0.25,3178,270,0.085,0.4296
768,2025-05-05,2025-05-01,weeknight,concert,concerts,The Paper Foxes,8,Sacramento,false,Sacramento Arena,19109,false,,245,838,455,0.543,91.73,127,0,45398.69,9869.25,0.25,3531,288,0.0816,0.441
769,2025-05-06,2025-05-01,weeknight,baseball,sports,Phoenix Scorpions,2,Phoenix,true,Phoenix Ballpark,40165,false,0.5,223,822,338,0.4112,30.14,92,0,12261.23,2665.52,0.25,2256,193,0.0855,0.4767
770,2025-05-06,2025-05-01,weeknight,theater,theater & comedy,Dust Bowl Ballads,2,Phoenix,true,Phoenix Playhouse,1894,false,,23,99,65,0.6566,120.95,15,0,9858.79,2143.21,0.25,568,36,0.0634,0.4167
771,2025-05-06,2025-05-01,weeknight,comedy,theater & comedy,Luis Mensah,3,Charlotte,false,Charlotte Playhouse,1903,false,,38,137,51,0.3723,50.57,16,0,2738.18,595.25,0.25,596,38,0.0638,0.4211
772,2025-05-06,2025-05-01,weeknight,baseball,sports,Portland Rivermen,4,Portland,false,Portland Ballpark,42878,false,0.3,234,796,423,0.5314,42.28,122,0,21297.25,4629.84,0.25,3275,264,0.0806,0.4621
773,2025-05-06,2025-05-01,weeknight,concert,concerts,The Glass Rivers,4,Portland,false,Portland Arena,19339,false,,255,824,504,0.6117,112.73,154,0,68278.36,14843.04,0.25,4433,371,0.0837,0.4151
774,2025-05-06,2025-05-01,weeknight,concert,concerts,The Velvet Gardens,5,Nashville,true,Nashville Arena,19465,false,,231,789,307,0.3891,72.16,94,0,23977.43,5212.49,0.25,2574,211,0.082,0.4455
775,2025-05-06,2025-05-01,weeknight,theater,theater & comedy,The Lighthouse Keeper,6,Austin,false,Austin Playhouse,2350,false,,31,108,45,0.4167,103.7,13,0,5140.08,1117.4,0.25,456,28,0.0614,0.4643
776,2025-05-06,2025-05-01,weeknight,theater,theater & comedy,Dust Bowl Ballads,8,Sacramento,false,Sacramento Playhouse,2242,false,,32,106,49,0.4623,112.22,15,0,6245.44,1357.7,0.25,540,36,0.0667,0.4167
777,2025-05-07,2025-05-01,weeknight,theater,theater & comedy,A Winter Almanac,1,Denver,false,Denver Playhouse,2520,false,,45,169,102,0.6036,85.92,26,0,10668.3,2319.19,0.25,798,55,0.0689,0.4727
778,2025-05-07,2025-05-01,weeknight,baseball,sports,Portland Rivermen,4,Portland,false,Portland Ballpark,42878,false,0.3,271,990,543,0.5485,47.65,145,0,31179.71,6778.18,0.25,4034,333,0.0825,0.4354
779,2025-05-07,2025-05-01,weeknight,comedy,theater & comedy,Sam Okafor,6,Austin,false,Austin Playhouse,2350,false,,51,176,95,0.5398,98.22,28,0,11241.57,2443.83,0.25,1021,68,0.0666,0.4118
780,2025-05-08,2025-05-01,weeknight,baseball,sports,Phoenix Scorpions,2,Phoenix,true,Phoenix Ballpark,40165,false,0.4,202,675,343,0.5081,32.52,103,0,12760.39,2774.01,0.25,2959,242,0.0818,0.4256
781,2025-05-08,2025-05-01,weeknight,baseball,sports,Charlotte Copperheads,3,Charlotte,false,Charlotte Ballpark,41486,false,0.9,314,1189,853,0.7174,54.26,231,0,56595.97,12303.47,0.25,6582,516,0.0784,0.4477
782,2025-05-08,2025-05-01,weeknight,baseball,sports,Portland Rivermen,4,Portland,false,Portland Ballpark,42878,false,0.4,271,979,607,0.62,53.3,164,0,38502.06,8370.02,0.25,4942,405,0.082,0.4049
783,2025-05-08,2025-05-01,weeknight,concert,concerts,Kofi Nguyen,4,Portland,false,Portland Arena,19339,false,,237,847,368,0.4345,95.64,105,0,38605.49,8392.5,0.25,2876,236,0.0821,0.4449
784,2025-05-08,2025-05-01,weeknight,theater,theater & comedy,Paper Moons,4,Portland,false,Portland Playhouse,2637,false,,44,134,75,0.5597,78.82,22,0,6440.75,1400.14,0.25,685,44,0.0642,0.5
785,2025-05-09,2025-05-01,weekend,baseball,sports,Denver Lumberjacks,1,Denver,false,Denver Ballpark,38446,false,0.3,251,901,591,0.6559,49.73,165,0,32637.32,7095.07,0.25,4816,380,0.0789,0.4342
786,2025-05-09,2025-05-01,weekend,theater,theater & comedy,The Last Ferry,1,Denver,false,Denver Playhouse,2520,false,,48,165,90,0.5455,116.14,28,0,11517.1,2503.69,0.25,824,56,0.068,0.5
787,2025-05-09,2025-05-01,weekend,theater,theater & comedy,Harbor Lights,3,Charlotte,false,Charlotte Playhouse,1903,false,,35,110,59,0.5364,146.79,19,0,8647.21,1879.85,0.25,791,44,0.0556,0.4318
788,2025-05-09,2025-05-01,weekend,theater,theater & comedy,The Clockmaker,5,Nashville,true,Nashville Playhouse,2364,false,,45,166,120,0.7229,134.08,30,0,19643.56,4270.33,0.25,960,61,0.0635,0.4918
789,2025-05-09,2025-05-01,weekend,baseball,sports,Columbus Clippers FC,7,Columbus,true,Columbus Ballpark,39853,false,0.6,291,1031,737,0.7148,58.59,203,0,52684.37,11453.1,0.25,5409,422,0.078,0.481
790,2025-05-09,2025-05-01,weekend,baseball,sports,Sacramento Gold Rush,8,Sacramento,false,Sacramento Ballpark,41907,false,0.5,232,796,514,0.6457,46.97,143,0,27697.73,6021.23,0.25,4007,329,0.0821,0.4347
791,2025-05-09,2025-05-01,weekend,concert,concerts,Aisha Adler,8,Sacramento,false,Sacramento Arena,19109,false,,301,1050,712,0.6781,148.65,197,0,119446.28,25966.64,0.25,5410,441,0.0815,0.4467
792,2025-05-10,2025-05-01,weekend,baseball,sports,Denver Lumberjacks,1,Denver,false,Denver Ballpark,38446,false,0.4,279,966,658,0.6812,49.85,189,0,40331.68,8767.72,0.25,5255,432,0.0822,0.4375
793,2025-05-10,2025-05-01,weekend,concert,concerts,The Golden Parade,2,Phoenix,true,Phoenix Arena,19646,false,,219,758,362,0.4776,62.47,102,0,25148.9,5467.11,0.25,3026,248,0.082,0.4113
794,2025-05-10,2025-05-01,weekend,comedy,theater & comedy,Jordan Kowalski,2,Phoenix,true,Phoenix Playhouse,1894,false,,48,157,80,0.5096,46.61,26,0,3929.93,854.32,0.25,870,60,0.069,0.4333
795,2025-05-10,2025-05-01,weekend,baseball,sports,Charlotte Copperheads,3,Charlotte,false,Charlotte Ballpark,41486,false,0.8,329,1121,772,0.6887,59.01,237,0,55521.33,12069.94,0.25,6679,533,0.0798,0.4447
796,2025-05-10,2025-05-01,weekend,theater,theater & comedy,The Lighthouse Keeper,3,Charlotte,false,Charlotte Playhouse,1903,false,,38,116,73,0.6293,106.68,23,0,8803.75,1913.84,0.25,871,57,0.0654,0.4035
797,2025-05-10,2025-05-01,weekend,theater,theater & comedy,The Last Ferry,5,Nashville,true,Nashville Playhouse,2364,false,,50,143,83,0.5804,107.9,30,0,11881.8,2583.02,0.25,1117,74,0.0662,0.4054
798,2025-05-10,2025-05-01,weekend,comedy,theater & comedy,Iris Fontaine,6,Austin,false,Austin Playhouse,2350,false,,83,288,202,0.7014,133.5,58,0,36086.32,7844.83,0.25,2058,130,0.0632,0.4462
799,2025-05-10,2025-05-01,weekend,baseball,sports,Columbus Clippers FC,7,Columbus,true,Columbus Ballpark,39853,false,0.7,248,849,552,0.6502,55.7,163,0,35434.91,7703.23,0.25,4391,350,0.0797,0.4657
800,2025-05-10,2025-05-01,weekend,concert,concerts,Rosa Reyes,7,Columbus,true,Columbus Arena,17956,false,,279,979,668,0.6823,172.26,195,0,133522.95,29026.67,0.25,5361,417,0.0778,0.4676
801,2025-05-10,2025-05-01,weekend,baseball,sports,Sacramento Gold Rush,8,Sacramento,false,Sacramento Ballpark,41907,true,0.6,310,1042,743,0.7131,48.97,216,0,0.0,0.0,,6245,496,0.0794,0.4355
802,2025-05-11,2025-05-01,weekend,baseball,sports,Denver Lumberjacks,1,Denver,false,Denver Ballpark,38446,false,0.5,270,960,596,0.6208,46.88,169,0,32539.53,7073.81,0.25,4696,375,0.0799,0.4507
803,2025-05-11,2025-05-01,weekend,comedy,theater & comedy,Omar Sato,1,Denver,false,Denver Playhouse,2520,false,,55,181,113,0.6243,65.61,38,0,8100.46,1760.98,0.25,1394,102,0.0732,0.3725
804,2025-05-11,2025-05-01,weekend,comedy,theater & comedy,Iris Fontaine,2,Phoenix,true,Phoenix Playhouse,1894,false,,52,183,158,0.8634,140.51,45,0,28312.17,6154.83,0.25,1691,100,0.0591,0.45
805,2025-05-11,2025-05-01,weekend,baseball,sports,Columbus Clippers FC,7,Columbus,true,Columbus Ballpark,39853,false,0.7,261,902,584,0.6475,51.42,173,0,37725.96,8201.28,0.25,4886,393,0.0804,0.4402
806,2025-05-11,2025-05-01,weekend,concert,concerts,The Hollow Hearts,7,Columbus,true,Columbus Arena,17956,false,,352,1210,884,0.7306,209.15,254,0,213841.4,46487.2,0.25,7353,585,0.0796,0.4342
807,2025-05-11,2025-05-01,weekend,baseball,sports,Sacramento Gold Rush,8,Sacramento,false,Sacramento Ballpark,41907,false,0.6,260,879,545,0.62,44.45,160,0,28727.34,6245.15,0.25,4775,387,0.081,0.4134
808,2025-05-12,2025-05-01,weeknight,theater,theater & comedy,Copper & Coal,4,Portland,false,Portland Playhouse,2637,false,,50,178,116,0.6517,67.05,31,0,8887.84,1932.15,0.25,841,65,0.0773,0.4769
809,2025-05-12,2025-05-01,weeknight,comedy,theater & comedy,Luis Hale,5,Nashville,true,Nashville Playhouse,2364,false,,43,152,90,0.5921,59.81,24,0,6480.0,1408.7,0.25,714,53,0.0742,0.4528
810,2025-05-12,2025-05-01,weeknight,theater,theater & comedy,The Clockmaker,7,Columbus,true,Columbus Playhouse,2819,false,,49,170,64,0.3765,102.97,22,0,7793.91,1694.35,0.25,726,53,0.073,0.4151
811,2025-05-13,2025-05-01,weeknight,concert,concerts,Omar Reyes,3,Charlotte,false,Charlotte Arena,18003,false,,300,1035,674,0.6512,218.8,203,0,173434.36,37703.09,0.25,5972,461,0.0772,0.4403
812,2025-05-13,2025-05-01,weeknight,baseball,sports,Nashville Fiddlers,5,Nashville,true,Nashville Ballpark,41587,false,0.1,221,712,349,0.4902,32.87,107,0,12766.18,2775.22,0.25,3017,254,0.0842,0.4213
813,2025-05-13,2025-05-01,weeknight,theater,theater & comedy,Paper Moons,5,Nashville,true,Nashville Playhouse,2364,false,,37,134,71,0.5299,107.19,20,0,8363.21,1818.07,0.25,712,50,0.0702,0.4
814,2025-05-13,2025-05-01,weeknight,baseball,sports,Austin Armadillos,6,Austin,false,Austin Ballpark,42198,false,0.1,217,738,360,0.4878,36.88,104,0,14693.97,3194.4,0.25,2999,245,0.0817,0.4245
815,2025-05-13,2025-05-01,weeknight,theater,theater & comedy,The Clockmaker,6,Austin,false,Austin Playhouse,2350,false,,33,118,79,0.6695,118.48,22,0,9335.65,2029.49,0.25,752,52,0.0691,0.4231
816,2025-05-14,2025-05-01,weeknight,concert,concerts,The Glass Harbors,1,Denver,false,Denver Arena,19434,false,,236,768,404,0.526,100.03,117,0,40906.14,8892.67,0.25,3039,249,0.0819,0.4699
817,2025-05-14,2025-05-01,weeknight,comedy,theater & comedy,Priya Whitaker,1,Denver,false,Denver Playhouse,2520,false,,51,189,106,0.5608,39.19,30,0,4902.56,1065.77,0.25,874,68,0.0778,0.4412
818,2025-05-14,2025-05-01,weeknight,baseball,sports,Phoenix Scorpions,2,Phoenix,true,Phoenix Ballpark,40165,false,0.2,179,583,233,0.3997,31.65,76,0,8338.01,1812.63,0.25,2118,178,0.084,0.427
819,2025-05-14,2025-05-01,weeknight,baseball,sports,Portland Rivermen,4,Portland,false,Portland Ballpark,42878,false,0.3,258,844,531,0.6291,48.21,161,0,33636.76,7312.36,0.25,4579,375,0.0819,0.4293
820,2025-05-14,2025-05-01,weeknight,baseball,sports,Austin Armadillos,6,Austin,false,Austin Ballpark,42198,false,0.2,215,739,377,0.5101,36.75,110,0,17040.21,3704.33,0.25,2998,241,0.0804,0.4564
821,2025-05-14,2025-05-01,weeknight,concert,concerts,The Paper Foxes,7,Columbus,true,Columbus Arena,17956,false,,198,721,377,0.5229,95.06,101,0,44832.07,9746.09,0.25,2627,214,0.0815,0.472
822,2025-05-14,2025-05-01,weeknight,theater,theater & comedy,Paper Moons,8,Sacramento,false,Sacramento Playhouse,2242,false,,32,113,54,0.4779,84.26,16,0,5330.8,1158.88,0.25,500,32,0.064,0.5
823,2025-05-15,2025-05-01,weeknight,baseball,sports,Phoenix Scorpions,2,Phoenix,true,Phoenix Ballpark,40165,true,0.3,195,667,320,0.4798,31.94,95,0,0.0,0.0,,2528,207,0.0819,0.4589
824,2025-05-15,2025-05-01,weeknight,baseball,sports,Portland Rivermen,4,Portland,false,Portland Ballpark,42878,false,0.4,297,992,609,0.6139,55.87,191,0,39441.02,8574.07,0.25,5396,432,0.0801,0.4421
825,2025-05-15,2025-05-01,weeknight,baseball,sports,Nashville Fiddlers,5,Nashville,true,Nashville Ballpark,41587,false,0.1,228,805,372,0.4621,36.41,105,0,16756.16,3642.63,0.25,2800,235,0.0839,0.4468
826,2025-05-15,2025-05-01,weeknight,baseball,sports,Austin Armadillos,6,Austin,false,Austin Ballpark,42198,false,0.2,262,926,485,0.5238,39.64,141,0,22492.8,4889.73,0.25,3770,314,0.0833,0.449
827,2025-05-15,2025-05-01,weeknight,baseball,sports,Columbus Clippers FC,7,Columbus,true,Columbus Ballpark,39853,false,0.8,233,785,527,0.6713,52.37,154,0,33744.79,7335.74,0.25,4405,357,0.081,0.4314
828,2025-05-15,2025-05-01,weeknight,concert,concerts,The Wild Gardens,8,Sacramento,false,Sacramento Arena,19109,false,,283,940,582,0.6191,143.2,174,0,97506.8,21197.14,0.25,4848,399,0.0823,0.4361
829,2025-05-15,2025-05-01,weeknight,comedy,theater & comedy,Sam Okafor,8,Sacramento,false,Sacramento Playhouse,2242,false,,69,231,166,0.7186,120.26,49,0,25600.05,5565.21,0.25,1739,114,0.0656,0.4298
830,2025-05-16,2025-05-01,weekend,baseball,sports,Denver Lumberjacks,1,Denver,false,Denver Ballpark,38446,false,0.4,234,848,473,0.5578,50.65,135,0,28909.42,6284.69,0.25,3684,297,0.0806,0.4545
831,2025-05-16,2025-05-01,weekend,baseball,sports,Phoenix Scorpions,2,Phoenix,true,Phoenix Ballpark,40165,false,0.2,235,775,453,0.5845,42.17,134,0,20340.88,4421.96,0.25,4128,340,0.0824,0.3941
832,2025-05-16,2025-05-01,weekend,concert,concerts,Aisha Nguyen,2,Phoenix,true,Phoenix Arena,19646,false,,276,989,605,0.6117,130.38,171,0,99087.06,21540.69,0.25,4943,387,0.0783,0.4419
833,2025-05-16,2025-05-01,weekend,theater,theater & comedy,Dust Bowl Ballads,2,Phoenix,true,Phoenix Playhouse,1894,false,,33,112,69,0.6161,126.91,22,0,9745.61,2118.61,0.25,629,39,0.062,0.5641
834,2025-05-16,2025-05-01,weekend,baseball,sports,Charlotte Copperheads,3,Charlotte,false,Charlotte Ballpark,41486,false,0.7,306,1078,693,0.6429,55.48,203,0,46982.68,10213.62,0.25,5520,445,0.0806,0.4562
835,2025-05-16,2025-05-01,weekend,baseball,sports,Portland Rivermen,4,Portland,false,Portland Ballpark,42878,false,0.4,266,958,567,0.5919,52.88,153,0,34773.91,7559.54,0.25,4408,351,0.0796,0.4359
836,2025-05-16,2025-05-01,weekend,theater,theater & comedy,The Understudy,5,Nashville,true,Nashville Playhouse,2364,false,,38,163,106,0.6503,92.65,23,0,10670.55,2319.69,0.25,710,46,0.0648,0.5
837,2025-05-16,2025-05-01,weekend,baseball,sports,Austin Armadillos,6,Austin,false,Austin Ballpark,42198,false,0.2,233,810,445,0.5494,44.91,129,0,24582.67,5344.05,0.25,3637,295,0.0811,0.4373
838,2025-05-16,2025-05-01,weekend,baseball,sports,Columbus Clippers FC,7,Columbus,true,Columbus Ballpark,39853,false,0.7,320,1177,803,0.6822,58.14,221,0,54955.94,11946.96,0.25,6049,486,0.0803,0.4547
839,2025-05-16,2025-05-01,weekend,comedy,theater & comedy,Maya Adler,7,Columbus,true,Columbus Playhouse,2819,false,,85,301,221,0.7342,89.62,65,0,23008.93,5001.91,0.25,1933,136,0.0704,0.4779
840,2025-05-17,2025-05-01,weekend,baseball,sports,Denver Lumberjacks,1,Denver,false,Denver Ballpark,38446,false,0.4,218,719,411,0.5716,45.3,126,0,20096.4,4368.76,0.25,3629,295,0.0813,0.4271
841,2025-05-17,2025-05-01,weekend,baseball,sports,Phoenix Scorpions,2,Phoenix,true,Phoenix Ballpark,40165,false,0.1,256,866,512,0.5912,42.6,153,0,25228.38,5484.41,0.25,4243,343,0.0808,0.4461
842,2025-05-17,2025-05-01,weekend,baseball,sports,Charlotte Copperheads,3,Charlotte,false,Charlotte Ballpark,41486,false,0.7,322,1120,719,0.642,50.65,201,0,41373.43,8994.17,0.25,5557,451,0.0812,0.4457
843,2025-05-17,2025-05-01,weekend,baseball,sports,Portland Rivermen,4,Portland,false,Portland Ballpark,42878,false,0.5,329,1134,810,0.7143,59.23,236,0,61237.62,13312.49,0.25,6555,522,0.0796,0.4521
844,2025-05-17,2025-05-01,weekend,baseball,sports,Austin Armadillos,6,Austin,false,Austin Ballpark,42198,false,0.2,237,796,406,0.5101,41.09,122,0,20851.25,4532.89,0.25,3519,287,0.0816,0.4251
845,2025-05-17,2025-05-01,weekend,baseball,sports,Columbus Clippers FC,7,Columbus,true,Columbus Ballpark,39853,false,0.8,320,1072,755,0.7043,66.88,227,0,61034.05,13268.27,0.25,6534,506,0.0774,0.4486
846,2025-05-17,2025-05-01,weekend,comedy,theater & comedy,Maya Adler,7,Columbus,true,Columbus Playhouse,2819,false,,62,240,84,0.35,64.04,29,0,6257.08,1360.23,0.25,1196,76,0.0635,0.3816
847,2025-05-17,2025-05-01,weekend,baseball,sports,Sacramento Gold Rush,8,Sacramento,false,Sacramento Ballpark,41907,false,0.7,280,953,648,0.68,47.47,189,0,38031.83,8267.77,0.25,5507,441,0.0801,0.4286
848,2025-05-17,2025-05-01,weekend,theater,theater & comedy,The Lighthouse Keeper,8,Sacramento,false,Sacramento Playhouse,2242,false,,33,106,76,0.717,108.48,22,0,9686.29,2105.72,0.25,798,54,0.0677,0.4074
849,2025-05-18,2025-05-01,weekend,baseball,sports,Denver Lumberjacks,1,Denver,false,Denver Ballpark,38446,false,0.5,255,821,525,0.6395,46.3,163,0,31266.98,6797.15,0.25,4620,372,0.0805,0.4382
850,2025-05-18,2025-05-01,weekend,concert,concerts,Hana Whitaker,1,Denver,false,Denver Arena,19434,false,,342,1132,777,0.6864,188.73,242,0,179065.56,38927.27,0.25,6470,503,0.0777,0.4811
851,2025-05-18,2025-05-01,weekend,baseball,sports,Phoenix Scorpions,2,Phoenix,true,Phoenix Ballpark,40165,false,0.2,228,780,388,0.4974,37.12,118,0,16769.9,3645.63,0.25,3106,256,0.0824,0.4609
852,2025-05-18,2025-05-01,weekend,baseball,sports,Portland Rivermen,4,Portland,false,Portland Ballpark,42878,false,0.5,349,1210,872,0.7207,61.14,250,0,63434.76,13790.2,0.25,7184,586,0.0816,0.4266
853,2025-05-18,2025-05-01,weekend,baseball,sports,Austin Armadillos,6,Austin,false,Austin Ballpark,42198,false,0.2,248,820,488,0.5951,46.1,143,0,25413.46,5524.64,0.25,4046,331,0.0818,0.432
854,2025-05-18,2025-05-01,weekend,comedy,theater & comedy,Sam Ibarra,6,Austin,false,Austin Playhouse,2350,false,,47,151,60,0.3974,41.23,20,0,2968.73,645.38,0.25,550,38,0.0691,0.5263
855,2025-05-18,2025-05-01,weekend,concert,concerts,Omar Castillo,7,Columbus,true,Columbus Arena,17956,false,,466,1605,1340,0.8349,353.39,387,0,590636.21,128399.14,0.25,11175,865,0.0774,0.4474
856,2025-05-18,2025-05-01,weekend,baseball,sports,Sacramento Gold Rush,8,Sacramento,false,Sacramento Ballpark,41907,false,0.7,251,878,556,0.6333,49.65,154,0,31626.23,6875.29,0.25,4249,347,0.0817,0.4438
857,2025-05-18,2025-05-01,weekend,theater,theater & comedy,Northbound,8,Sacramento,false,Sacramento Playhouse,2242,false,,55,194,149,0.768,131.31,40,0,26388.38,5736.59,0.25,1330,90,0.0677,0.4444
858,2025-05-19,2025-05-01,weeknight,baseball,sports,Denver Lumberjacks,1,Denver,false,Denver Ballpark,38446,false,0.6,258,942,547,0.5807,45.23,147,0,30028.06,6527.81,0.25,4095,332,0.0811,0.4428
859,2025-05-19,2025-05-01,weeknight,theater,theater & comedy,The Lighthouse Keeper,1,Denver,false,Denver Playhouse,2520,false,,47,174,114,0.6552,97.11,30,0,11805.59,2566.42,0.25,917,70,0.0763,0.4286
860,2025-05-19,2025-05-01,weeknight,baseball,sports,Phoenix Scorpions,2,Phoenix,true,Phoenix Ballpark,40165,false,0.3,199,676,257,0.3802,27.46,73,0,7417.2,1612.46,0.25,1975,161,0.0815,0.4534
861,2025-05-19,2025-05-01,weeknight,baseball,sports,Portland Rivermen,4,Portland,false,Portland Ballpark,42878,false,0.5,271,990,576,0.5818,51.17,160,0,32775.47,7125.06,0.25,4189,346,0.0826,0.4624
862,2025-05-19,2025-05-01,weeknight,concert,concerts,The Golden Parade,7,Columbus,true,Columbus Arena,17956,false,,178,581,208,0.358,44.51,63,0,10944.71,2379.3,0.25,1804,155,0.0859,0.4065
863,2025-05-19,2025-05-01,weeknight,baseball,sports,Sacramento Gold Rush,8,Sacramento,false,Sacramento Ballpark,41907,false,0.6,258,896,588,0.6563,48.2,164,0,32367.34,7036.4,0.25,4620,370,0.0801,0.4432
864,2025-05-20,2025-05-01,weeknight,baseball,sports,Denver Lumberjacks,1,Denver,false,Denver Ballpark,38446,false,0.6,274,931,614,0.6595,47.51,181,0,34708.74,7545.37,0.25,5146,419,0.0814,0.432
865,2025-05-20,2025-05-01,weeknight,theater,theater & comedy,The Understudy,1,Denver,false,Denver Playhouse,2520,false,,41,155,77,0.4968,94.68,22,0,7942.37,1726.59,0.25,741,52,0.0702,0.4231
866,2025-05-20,2025-05-01,weeknight,concert,concerts,The Silver Wolves,3,Charlotte,false,Charlotte Arena,18003,false,,249,940,582,0.6191,183.4,149,0,124861.05,27143.73,0.25,4498,358,0.0796,0.4162
867,2025-05-20,2025-05-01,weeknight,baseball,sports,Portland Rivermen,4,Portland,false,Portland Ballpark,42878,false,0.4,246,940,523,0.5564,44.03,134,0,26659.6,5795.54,0.25,3695,306,0.0828,0.4379
868,2025-05-20,2025-05-01,weeknight,concert,concerts,The Wild Saints,4,Portland,false,Portland Arena,19339,false,,273,906,528,0.5828,145.2,162,0,86217.98,18742.98,0.25,4470,364,0.0814,0.4451
869,2025-05-20,2025-05-01,weeknight,concert,concerts,The Lucky Wolves,5,Nashville,true,Nashville Arena,19465,false,,241,856,386,0.4509,91.0,113,0,40448.32,8793.13,0.25,2856,242,0.0847,0.4669
870,2025-05-21,2025-05-01,weeknight,baseball,sports,Nashville Fiddlers,5,Nashville,true,Nashville Ballpark,41587,false,0.0,217,780,294,0.3769,31.15,84,0,10070.64,2189.26,0.25,2344,192,0.0819,0.4375
871,2025-05-21,2025-05-01,weeknight,theater,theater & comedy,The Lighthouse Keeper,8,Sacramento,false,Sacramento Playhouse,2242,false,,26,119,73,0.6134,96.9,14,0,7644.65,1661.88,0.25,437,29,0.0664,0.4828
872,2025-05-22,2025-05-01,weeknight,baseball,sports,Denver Lumberjacks,1,Denver,false,Denver Ballpark,38446,false,0.5,247,857,500,0.5834,52.01,154,0,30195.88,6564.33,0.25,4300,349,0.0812,0.4413
873,2025-05-22,2025-05-01,weeknight,theater,theater & comedy,Glass Menagerie Revue,4,Portland,false,Portland Playhouse,2637,false,,64,214,124,0.5794,151.46,38,0,24225.32,5266.38,0.25,1284,87,0.0678,0.4368
874,2025-05-22,2025-05-01,weeknight,baseball,sports,Nashville Fiddlers,5,Nashville,true,Nashville Ballpark,41587,false,0.0,225,780,379,0.4859,37.75,109,0,16755.38,3642.47,0.25,2935,243,0.0828,0.4486
875,2025-05-23,2025-05-01,weekend,comedy,theater & comedy,Kofi Moreno,1,Denver,false,Denver Playhouse,2520,false,,51,192,119,0.6198,70.17,34,0,8993.97,1955.21,0.25,1110,76,0.0685,0.4474
876,2025-05-23,2025-05-01,weekend,concert,concerts,Omar Fontaine,2,Phoenix,true,Phoenix Arena,19646,false,,322,1132,707,0.6246,130.37,204,0,106600.58,23174.04,0.25,5631,452,0.0803,0.4513
877,2025-05-23,2025-05-01,weekend,baseball,sports,Columbus Clippers FC,7,Columbus,true,Columbus Ballpark,39853,false,0.6,270,942,657,0.6975,52.2,181,0,40785.41,8866.4,0.25,5183,419,0.0808,0.432
878,2025-05-23,2025-05-01,weekend,theater,theater & comedy,Harbor Lights,7,Columbus,true,Columbus Playhouse,2819,false,,53,200,130,0.65,127.52,36,0,19775.41,4298.99,0.25,1080,74,0.0685,0.4865
879,2025-05-23,2025-05-01,weekend,theater,theater & comedy,A Winter Almanac,8,Sacramento,false,Sacramento Playhouse,2242,false,,38,133,59,0.4436,83.58,18,0,6367.74,1384.3,0.25,607,35,0.0577,0.5143
880,2025-05-24,2025-05-01,weekend,concert,concerts,Ben Hale,2,Phoenix,true,Phoenix Arena,19646,false,,433,1488,1180,0.793,262.65,340,0,378132.56,82202.79,0.25,10066,806,0.0801,0.4218
881,2025-05-24,2025-05-01,weekend,comedy,theater & comedy,Ravi Adler,2,Phoenix,true,Phoenix Playhouse,1894,false,,55,182,125,0.6868,97.1,36,0,14317.51,3112.48,0.25,1359,75,0.0552,0.48
882,2025-05-24,2025-05-01,weekend,baseball,sports,Charlotte Copperheads,3,Charlotte,false,Charlotte Ballpark,41486,false,0.6,303,1068,687,0.6433,50.03,203,0,42603.09,9261.56,0.25,5787,469,0.081,0.4328
883,2025-05-24,2025-05-01,weekend,concert,concerts,The Velvet Lanterns,4,Portland,false,Portland Arena,19339,false,,238,842,378,0.4489,59.6,100,0,23790.22,5171.83,0.25,2812,237,0.0843,0.4219
884,2025-05-24,2025-05-01,weekend,comedy,theater & comedy,Iris Reyes,6,Austin,false,Austin Playhouse,2350,false,,59,192,123,0.6406,50.91,36,0,8117.71,1764.71,0.25,1130,82,0.0726,0.439
885,2025-05-24,2025-05-01,weekend,baseball,sports,Columbus Clippers FC,7,Columbus,true,Columbus Ballpark,39853,false,0.5,322,1121,735,0.6557,62.17,218,0,57789.99,12562.96,0.25,6038,480,0.0795,0.4542
886,2025-05-24,2025-05-01,weekend,concert,concerts,The Wild Gardens,7,Columbus,true,Columbus Arena,17956,false,,321,1043,700,0.6711,173.92,221,0,141291.89,30715.63,0.25,6697,531,0.0793,0.4162
887,2025-05-24,2025-05-01,weekend,theater,theater & comedy,Starlight Express Line,8,Sacramento,false,Sacramento Playhouse,2242,false,,47,147,92,0.6259,137.53,28,0,13708.94,2980.2,0.25,1051,62,0.059,0.4516
888,2025-05-25,2025-05-01,weekend,theater,theater & comedy,Copper & Coal,2,Phoenix,true,Phoenix Playhouse,1894,false,,28,76,32,0.4211,104.97,11,0,3037.51,660.32,0.25,511,33,0.0646,0.3333
889,2025-05-25,2025-05-01,weekend,theater,theater & comedy,The Clockmaker,3,Charlotte,false,Charlotte Playhouse,1903,false,,40,149,72,0.4832,116.67,18,0,8670.33,1884.87,0.25,628,37,0.0589,0.4865
890,2025-05-25,2025-05-01,weekend,baseball,sports,Portland Rivermen,4,Portland,false,Portland Ballpark,42878,false,0.5,320,1105,771,0.6977,59.77,220,0,52748.18,11467.04,0.25,6005,472,0.0786,0.4661
891,2025-05-25,2025-05-01,weekend,theater,theater & comedy,Dust Bowl Ballads,4,Portland,false,Portland Playhouse,2637,false,,61,221,157,0.7104,150.56,42,0,27401.14,5956.77,0.25,1411,88,0.0624,0.4773
892,2025-05-25,2025-05-01,weekend,concert,concerts,Ravi Nguyen,6,Austin,false,Austin Arena,18625,false,,252,887,552,0.6223,138.96,155,0,87758.68,19077.97,0.25,4304,346,0.0804,0.448
893,2025-05-25,2025-05-01,weekend,baseball,sports,Columbus Clippers FC,7,Columbus,true,Columbus Ballpark,39853,false,0.6,263,936,563,0.6015,52.76,166,0,37513.06,8155.01,0.25,4858,389,0.0801,0.4267
894,2025-05-25,2025-05-01,weekend,concert,concerts,The Velvet Satellites,7,Columbus,true,Columbus Arena,17956,false,,224,738,424,0.5745,118.85,130,0,61055.16,13272.85,0.25,3798,309,0.0814,0.4207
895,2025-05-25,2025-05-01,weekend,baseball,sports,Sacramento Gold Rush,8,Sacramento,false,Sacramento Ballpark,41907,false,0.6,242,898,562,0.6258,48.77,153,0,30792.13,6693.98,0.25,4340,347,0.08,0.4409
896,2025-05-26,2025-05-01,weeknight,baseball,sports,Charlotte Copperheads,3,Charlotte,false,Charlotte Ballpark,41486,false,0.6,278,984,598,0.6077,50.19,167,0,37185.92,8083.9,0.25,4780,387,0.081,0.4315
897,2025-05-26,2025-05-01,weeknight,baseball,sports,Portland Rivermen,4,Portland,false,Portland Ballpark,42878,false,0.6,335,1154,784,0.6794,59.55,216,0,57743.09,12552.85,0.25,5929,475,0.0801,0.4547
898,2025-05-26,2025-05-01,weeknight,baseball,sports,Austin Armadillos,6,Austin,false,Austin Ballpark,42198,false,0.2,217,740,391,0.5284,37.36,118,0,16983.9,3692.15,0.25,3230,273,0.0845,0.4322
899,2025-05-26,2025-05-01,weeknight,baseball,sports,Sacramento Gold Rush,8,Sacramento,false,Sacramento Ballpark,41907,false,0.6,264,878,515,0.5866,44.98,151,0,26082.83,5670.16,0.25,4140,338,0.0816,0.4467
900,2025-05-27,2025-05-01,weeknight,baseball,sports,Denver Lumberjacks,1,Denver,false,Denver Ballpark,38446,false,0.5,218,796,440,0.5528,41.34,119,0,22373.5,4863.75,0.25,3435,274,0.0798,0.4343
901,2025-05-27,2025-05-01,weeknight,baseball,sports,Charlotte Copperheads,3,Charlotte,false,Charlotte Ballpark,41486,false,0.7,245,845,456,0.5396,44.04,133,0,22201.45,4826.49,0.25,3488,288,0.0826,0.4618
902,2025-05-27,2025-05-01,weeknight,baseball,sports,Portland Rivermen,4,Portland,false,Portland Ballpark,42878,false,0.5,300,1039,655,0.6304,53.26,186,0,38754.37,8424.91,0.25,5389,441,0.0818,0.4218
903,2025-05-27,2025-05-01,weeknight,concert,concerts,Dana Kowalski,5,Nashville,true,Nashville Arena,19465,false,,251,875,517,0.5909,146.42,147,0,91884.06,19974.79,0.25,3930,319,0.0812,0.4608
904,2025-05-27,2025-05-01,weeknight,theater,theater & comedy,Northbound,5,Nashville,true,Nashville Playhouse,2364,false,,42,146,103,0.7055,152.38,29,0,20457.4,4447.25,0.25,1034,69,0.0667,0.4203
905,2025-05-27,2025-05-01,weeknight,baseball,sports,Austin Armadillos,6,Austin,false,Austin Ballpark,42198,false,0.3,240,821,368,0.4482,36.67,113,0,15174.14,3298.73,0.25,3184,263,0.0826,0.4297
906,2025-05-27,2025-05-01,weeknight,baseball,sports,Sacramento Gold Rush,8,Sacramento,false,Sacramento Ballpark,41907,false,0.7,257,899,522,0.5806,42.44,148,0,26569.58,5775.93,0.25,4000,327,0.0818,0.4526
907,2025-05-28,2025-05-01,weeknight,baseball,sports,Denver Lumberjacks,1,Denver,false,Denver Ballpark,38446,false,0.5,224,771,400,0.5188,43.76,124,0,19214.16,4176.97,0.25,3589,290,0.0808,0.4276
908,2025-05-28,2025-05-01,weeknight,baseball,sports,Phoenix Scorpions,2,Phoenix,true,Phoenix Ballpark,40165,false,0.6,173,610,304,0.4984,36.08,89,0,12961.37,2817.68,0.25,2634,212,0.0805,0.4198
909,2025-05-28,2025-05-01,weeknight,baseball,sports,Charlotte Copperheads,3,Charlotte,false,Charlotte Ballpark,41486,false,0.7,294,996,608,0.6104,45.75,178,0,34990.55,7606.64,0.25,4868,401,0.0824,0.4439
910,2025-05-28,2025-05-01,weeknight,theater,theater & comedy,Northbound,3,Charlotte,false,Charlotte Playhouse,1903,false,,34,144,82,0.5694,130.23,20,0,13886.28,3018.77,0.25,745,43,0.0577,0.4651
911,2025-05-28,2025-05-01,weeknight,baseball,sports,Portland Rivermen,4,Portland,false,Portland Ballpark,42878,false,0.6,299,1015,683,0.6729,57.35,200,0,45973.9,9994.33,0.25,5812,481,0.0828,0.4158
912,2025-05-28,2025-05-01,weeknight,baseball,sports,Nashville Fiddlers,5,Nashville,true,Nashville Ballpark,41587,false,0.1,191,669,257,0.3842,31.87,76,0,8653.14,1881.09,0.25,1717,145,0.0844,0.5241
913,2025-05-28,2025-05-01,weeknight,baseball,sports,Austin Armadillos,6,Austin,false,Austin Ballpark,42198,false,0.4,261,879,445,0.5063,45.27,135,0,22341.34,4856.79,0.25,3795,317,0.0835,0.4259
914,2025-05-29,2025-05-01,weeknight,baseball,sports,Denver Lumberjacks,1,Denver,false,Denver Ballpark,38446,false,0.6,263,905,587,0.6486,51.68,170,0,35628.68,7745.36,0.25,4737,387,0.0817,0.4393
915,2025-05-29,2025-05-01,weeknight,baseball,sports,Phoenix Scorpions,2,Phoenix,true,Phoenix Ballpark,40165,false,0.7,251,866,496,0.5727,39.02,147,0,21654.77,4707.49,0.25,3989,324,0.0812,0.4537
916,2025-05-29,2025-05-01,weeknight,baseball,sports,Charlotte Copperheads,3,Charlotte,false,Charlotte Ballpark,41486,false,0.6,262,916,543,0.5928,48.47,161,0,29415.61,6394.7,0.25,4725,372,0.0787,0.4328
917,2025-05-29,2025-05-01,weeknight,baseball,sports,Portland Rivermen,4,Portland,false,Portland Ballpark,42878,false,0.6,256,941,612,0.6504,57.1,169,0,43531.25,9463.27,0.25,4824,395,0.0819,0.4278
918,2025-05-29,2025-05-01,weeknight,baseball,sports,Nashville Fiddlers,5,Nashville,true,Nashville Ballpark,41587,false,0.1,212,716,294,0.4106,38.77,84,0,12987.04,2823.27,0.25,2288,187,0.0817,0.4492
919,2025-05-29,2025-05-01,weeknight,baseball,sports,Austin Armadillos,6,Austin,false,Austin Ballpark,42198,false,0.5,262,874,531,0.6076,51.02,157,0,31940.37,6943.54,0.25,4219,338,0.0801,0.4645
920,2025-05-29,2025-05-01,weeknight,comedy,theater & comedy,Marcus Whitaker,6,Austin,false,Austin Playhouse,2350,false,,53,216,130,0.6019,81.52,33,0,12030.33,2615.3,0.25,1057,68,0.0643,0.4853
921,2025-05-29,2025-05-01,weeknight,comedy,theater & comedy,Luis Moreno,8,Sacramento,false,Sacramento Playhouse,2242,false,,41,136,84,0.6176,45.3,27,0,4319.03,938.9,0.25,938,66,0.0704,0.4091
922,2025-05-30,2025-05-01,weekend,concert,concerts,Theo Park,1,Denver,false,Denver Arena,19434,false,,265,908,612,0.674,151.93,177,0,105541.32,22943.82,0.25,5068,406,0.0801,0.436
923,2025-05-30,2025-05-01,weekend,baseball,sports,Phoenix Scorpions,2,Phoenix,true,Phoenix Ballpark,40165,false,0.6,305,1011,694,0.6864,50.3,211,0,42714.39,9285.72,0.25,5971,487,0.0816,0.4333
924,2025-05-30,2025-05-01,weekend,baseball,sports,Charlotte Copperheads,3,Charlotte,false,Charlotte Ballpark,41486,false,0.7,314,1044,713,0.683,56.1,217,0,47405.96,10305.64,0.25,6331,498,0.0787,0.4357
925,2025-05-30,2025-05-01,weekend,baseball,sports,Portland Rivermen,4,Portland,false,Portland Ballpark,42878,false,0.6,320,1070,759,0.7093,56.41,226,0,54764.98,11905.39,0.25,6129,506,0.0826,0.4466
926,2025-05-30,2025-05-01,weekend,comedy,theater & comedy,Rosa Adler,4,Portland,false,Portland Playhouse,2637,false,,52,149,64,0.4295,29.58,20,0,2090.22,454.4,0.25,619,43,0.0695,0.4651
927,2025-05-30,2025-05-01,weekend,theater,theater & comedy,Paper Moons,5,Nashville,true,Nashville Playhouse,2364,false,,37,123,58,0.4715,97.19,19,0,6423.0,1396.31,0.25,654,41,0.0627,0.4634
928,2025-05-30,2025-05-01,weekend,baseball,sports,Austin Armadillos,6,Austin,false,Austin Ballpark,42198,false,0.5,318,1129,814,0.721,58.23,217,0,57313.22,12459.41,0.25,6240,501,0.0803,0.4331
929,2025-05-31,2025-05-01,weekend,theater,theater & comedy,Northbound,1,Denver,false,Denver Playhouse,2520,false,,69,242,190,0.7851,156.5,54,0,41579.66,9039.03,0.25,1894,119,0.0628,0.4538
930,2025-05-31,2025-05-01,weekend,concert,concerts,Dana Ibarra,2,Phoenix,true,Phoenix Arena,19646,false,,306,1080,605,0.5602,100.51,176,0,72841.18,15835.0,0.25,4711,383,0.0813,0.4595
931,2025-05-31,2025-05-01,weekend,theater,theater & comedy,Harbor Lights,4,Portland,false,Portland Playhouse,2637,false,,50,151,112,0.7417,144.01,37,0,20613.75,4481.24,0.25,1452,90,0.062,0.4111
932,2025-05-31,2025-05-01,weekend,comedy,theater & comedy,Elena Castillo,5,Nashville,true,Nashville Playhouse,2364,false,,46,144,98,0.6806,86.25,32,0,10286.7,2236.27,0.25,1156,74,0.064,0.4324
933,2025-05-31,2025-05-01,weekend,baseball,sports,Austin Armadillos,6,Austin,false,Austin Ballpark,42198,false,0.5,363,1266,910,0.7188,60.03,270,0,68173.22,14820.27,0.25,7961,636,0.0799,0.4245
934,2025-05-31,2025-05-01,weekend,baseball,sports,Columbus Clippers FC,7,Columbus,true,Columbus Ballpark,39853,false,0.5,246,875,547,0.6251,48.41,152,0,32756.76,7120.99,0.25,4550,373,0.082,0.4075
935,2025-05-31,2025-05-01,weekend,comedy,theater & comedy,Marcus Brennan,7,Columbus,true,Columbus Playhouse,2819,false,,108,367,284,0.7738,103.07,83,0,37806.79,8218.89,0.25,2676,189,0.0706,0.4392
936,2025-06-01,2025-06-01,weekend,comedy,theater & comedy,Marcus Mensah,1,Denver,false,Denver Playhouse,2520,false,,44,139,95,0.6835,47.12,27,0,5324.05,1157.41,0.25,852,60,0.0704,0.45
937,2025-06-01,2025-06-01,weekend,baseball,sports,Phoenix Scorpions,2,Phoenix,true,Phoenix Ballpark,40165,false,0.6,223,755,461,0.6106,41.7,131,0,21571.28,4689.36,0.25,3521,284,0.0807,0.4613
938,2025-06-01,2025-06-01,weekend,theater,theater & comedy,Harbor Lights,4,Portland,false,Portland Playhouse,2637,false,,57,198,123,0.6212,147.4,37,0,21658.85,4708.44,0.25,1374,89,0.0648,0.4157
939,2025-06-01,2025-06-01,weekend,baseball,sports,Austin Armadillos,6,Austin,false,Austin Ballpark,42198,false,0.4,255,866,564,0.6513,49.2,172,0,34146.6,7423.18,0.25,4920,392,0.0797,0.4388
940,2025-06-01,2025-06-01,weekend,theater,theater & comedy,The Lighthouse Keeper,6,Austin,false,Austin Playhouse,2350,false,,41,132,49,0.3712,98.8,18,0,5202.11,1130.9,0.25,692,41,0.0592,0.439
941,2025-06-01,2025-06-01,weekend,baseball,sports,Columbus Clippers FC,7,Columbus,true,Columbus Ballpark,39853,false,0.6,272,917,616,0.6718,52.42,174,0,38560.36,8382.75,0.25,4913,381,0.0775,0.4567
942,2025-06-01,2025-06-01,weekend,concert,concerts,Priya Adler,7,Columbus,true,Columbus Arena,17956,false,,247,885,595,0.6723,140.24,163,0,98371.67,21385.17,0.25,4434,353,0.0796,0.4618
943,2025-06-02,2025-06-01,weeknight,comedy,theater & comedy,Dana Reyes,1,Denver,false,Denver Playhouse,2520,false,,50,162,90,0.5556,76.88,25,0,9717.7,2112.55,0.25,792,47,0.0593,0.5319
944,2025-06-02,2025-06-01,weeknight,baseball,sports,Phoenix Scorpions,2,Phoenix,true,Phoenix Ballpark,40165,false,0.7,186,626,366,0.5847,35.88,108,0,16469.5,3580.34,0.25,3040,246,0.0809,0.439
945,2025-06-02,2025-06-01,weeknight,baseball,sports,Columbus Clippers FC,7,Columbus,true,Columbus Ballpark,39853,false,0.7,264,867,528,0.609,48.58,160,0,31380.37,6821.85,0.25,4752,378,0.0795,0.4233
946,2025-06-02,2025-06-01,weeknight,theater,theater & comedy,Paper Moons,7,Columbus,true,Columbus Playhouse,2819,false,,46,163,101,0.6196,100.34,26,0,11969.93,2602.17,0.25,750,50,0.0667,0.52
947,2025-06-03,2025-06-01,weeknight,concert,concerts,Hana Kowalski,2,Phoenix,true,Phoenix Arena,19646,false,,251,877,368,0.4196,95.58,112,0,39970.06,8689.15,0.25,2855,230,0.0806,0.487
948,2025-06-03,2025-06-01,weeknight,baseball,sports,Columbus Clippers FC,7,Columbus,true,Columbus Ballpark,39853,false,0.6,245,840,531,0.6321,45.73,159,0,30495.73,6629.54,0.25,4271,355,0.0831,0.4479
949,2025-06-03,2025-06-01,weeknight,comedy,theater & comedy,Luis Sato,7,Columbus,true,Columbus Playhouse,2819,false,,63,234,163,0.6966,73.2,40,0,14227.17,3092.86,0.25,1259,89,0.0707,0.4494
950,2025-06-03,2025-06-01,weeknight,baseball,sports,Sacramento Gold Rush,8,Sacramento,false,Sacramento Ballpark,41907,false,0.7,241,832,408,0.4904,36.53,121,0,17098.17,3717.01,0.25,3441,285,0.0828,0.4246
951,2025-06-04,2025-06-01,weeknight,baseball,sports,Denver Lumberjacks,1,Denver,false,Denver Ballpark,38446,false,0.4,236,834,445,0.5336,41.76,125,0,22488.78,4888.82,0.25,3623,292,0.0806,0.4281
952,2025-06-04,2025-06-01,weeknight,comedy,theater & comedy,Maya Sato,2,Phoenix,true,Phoenix Playhouse,1894,false,,33,98,51,0.5204,32.66,15,0,1995.22,433.73,0.25,610,41,0.0672,0.3659
953,2025-06-04,2025-06-01,weeknight,baseball,sports,Charlotte Copperheads,3,Charlotte,false,Charlotte Ballpark,41486,false,0.7,275,993,615,0.6193,48.47,172,0,36349.31,7901.99,0.25,4847,393,0.0811,0.4377
954,2025-06-04,2025-06-01,weeknight,theater,theater & comedy,The Clockmaker,3,Charlotte,false,Charlotte Playhouse,1903,false,,34,118,79,0.6695,131.51,23,0,13507.24,2936.33,0.25,899,56,0.0623,0.4107
955,2025-06-04,2025-06-01,weeknight,baseball,sports,Portland Rivermen,4,Portland,false,Portland Ballpark,42878,false,0.7,340,1211,854,0.7052,63.65,240,0,60943.08,13248.53,0.25,6919,557,0.0805,0.4309
956,2025-06-04,2025-06-01,weeknight,concert,concerts,The Silver Comets,5,Nashville,true,Nashville Arena,19465,false,,256,880,455,0.517,105.76,132,0,55240.18,12008.69,0.25,3724,300,0.0806,0.44
957,2025-06-04,2025-06-01,weeknight,concert,concerts,Priya Brennan,6,Austin,false,Austin Arena,18625,false,,299,1011,648,0.6409,201.55,195,0,160320.58,34852.31,0.25,5374,427,0.0795,0.4567
958,2025-06-04,2025-06-01,weeknight,baseball,sports,Sacramento Gold Rush,8,Sacramento,false,Sacramento Ballpark,41907,false,0.7,236,815,415,0.5092,40.27,125,0,20263.51,4405.08,0.25,3166,261,0.0824,0.4789
959,2025-06-05,2025-06-01,weeknight,baseball,sports,Denver Lumberjacks,1,Denver,false,Denver Ballpark,38446,false,0.4,244,812,487,0.5998,46.96,145,0,28870.42,6276.19,0.25,4029,331,0.0822,0.4381
960,2025-06-05,2025-06-01,weeknight,comedy,theater & comedy,Ben Park,2,Phoenix,true,Phoenix Playhouse,1894,false,,20,65,45,0.6923,52.85,12,0,2714.7,590.16,0.25,491,32,0.0652,0.375
961,2025-06-05,2025-06-01,weeknight,baseball,sports,Charlotte Copperheads,3,Charlotte,false,Charlotte Ballpark,41486,false,0.7,257,901,536,0.5949,48.56,150,0,28070.36,6102.25,0.25,4064,327,0.0805,0.4587
962,2025-06-05,2025-06-01,weeknight,baseball,sports,Portland Rivermen,4,Portland,false,Portland Ballpark,42878,false,0.6,388,1373,1065,0.7757,70.12,301,0,85419.61,18569.41,0.25,8630,681,0.0789,0.442
963,2025-06-05,2025-06-01,weeknight,concert,concerts,The Glass Tides,6,Austin,false,Austin Arena,18625,false,,215,759,342,0.4506,56.72,95,0,20788.57,4519.24,0.25,2652,225,0.0848,0.4222
964,2025-06-05,2025-06-01,weeknight,theater,theater & comedy,A Winter Almanac,6,Austin,false,Austin Playhouse,2350,false,,38,133,83,0.6241,88.66,21,0,8548.29,1858.31,0.25,656,46,0.0701,0.4565
965,2025-06-05,2025-06-01,weeknight,baseball,sports,Sacramento Gold Rush,8,Sacramento,false,Sacramento Ballpark,41907,false,0.6,278,966,546,0.5652,41.87,167,0,27454.17,5968.34,0.25,4517,362,0.0801,0.4613
966,2025-06-05,2025-06-01,weeknight,theater,theater & comedy,Harbor Lights,8,Sacramento,false,Sacramento Playhouse,2242,false,,50,160,94,0.5875,147.42,30,0,15362.05,3339.56,0.25,1214,82,0.0675,0.3659
967,2025-06-06,2025-06-01,weekend,baseball,sports,Denver Lumberjacks,1,Denver,false,Denver Ballpark,38446,false,0.3,234,817,476,0.5826,48.39,135,0,26435.91,5746.95,0.25,3760,307,0.0816,0.4397
968,2025-06-06,2025-06-01,weekend,baseball,sports,Charlotte Copperheads,3,Charlotte,false,Charlotte Ballpark,41486,false,0.6,358,1258,863,0.686,59.0,246,0,61525.03,13374.94,0.25,7041,564,0.0801,0.4362
969,2025-06-06,2025-06-01,weekend,baseball,sports,Portland Rivermen,4,Portland,false,Portland Ballpark,42878,false,0.6,418,1442,1058,0.7337,68.56,309,0,87249.45,18967.24,0.25,9133,726,0.0795,0.4256
970,2025-06-06,2025-06-01,weekend,concert,concerts,Iris Moreno,5,Nashville,true,Nashville Arena,19465,false,,318,1096,780,0.7117,148.18,226,0,144481.78,31409.17,0.25,6116,502,0.0821,0.4502
971,2025-06-06,2025-06-01,weekend,theater,theater & comedy,Dust Bowl Ballads,6,Austin,false,Austin Playhouse,2350,false,,41,133,82,0.6165,130.99,24,0,12348.93,2684.55,0.25,786,48,0.0611,0.5
972,2025-06-07,2025-06-01,weekend,baseball,sports,Denver Lumberjacks,1,Denver,false,Denver Ballpark,38446,false,0.4,246,810,502,0.6198,52.23,154,0,28663.6,6231.24,0.25,4030,323,0.0801,0.4768
973,2025-06-07,2025-06-01,weekend,concert,concerts,The Glass Rivers,2,Phoenix,true,Phoenix Arena,19646,false,,312,1054,760,0.7211,140.85,218,0,130525.43,28375.1,0.25,6035,492,0.0815,0.4431
974,2025-06-07,2025-06-01,weekend,comedy,theater & comedy,Ravi Adler,2,Phoenix,true,Phoenix Playhouse,1894,false,,57,173,122,0.7052,100.31,43,0,17388.76,3780.15,0.25,1725,110,0.0638,0.3909
975,2025-06-07,2025-06-01,weekend,baseball,sports,Nashville Fiddlers,5,Nashville,true,Nashville Ballpark,41587,false,0.4,217,767,449,0.5854,38.26,124,0,19200.77,4174.1,0.25,3352,279,0.0832,0.4444
976,2025-06-07,2025-06-01,weekend,baseball,sports,Austin Armadillos,6,Austin,false,Austin Ballpark,42198,false,0.4,351,1322,899,0.68,59.39,239,0,65398.94,14217.15,0.25,6944,550,0.0792,0.4345
977,2025-06-07,2025-06-01,weekend,theater,theater & comedy,Northbound,7,Columbus,true,Columbus Playhouse,2819,false,,57,191,148,0.7749,164.09,41,0,26692.6,5802.72,0.25,1535,94,0.0612,0.4362
978,2025-06-07,2025-06-01,weekend,theater,theater & comedy,Starlight Express Line,8,Sacramento,false,Sacramento Playhouse,2242,false,,44,161,99,0.6149,137.37,26,0,14617.0,3177.64,0.25,880,53,0.0602,0.4906
979,2025-06-08,2025-06-01,weekend,baseball,sports,Denver Lumberjacks,1,Denver,false,Denver Ballpark,38446,false,0.5,279,1005,636,0.6328,57.79,186,0,42128.57,9158.45,0.25,4999,401,0.0802,0.4638
980,2025-06-08,2025-06-01,weekend,concert,concerts,The Neon Tides,4,Portland,false,Portland Arena,19339,false,,221,768,371,0.4831,69.82,110,0,29842.91,6487.57,0.25,2951,252,0.0854,0.4365
981,2025-06-08,2025-06-01,weekend,baseball,sports,Nashville Fiddlers,5,Nashville,true,Nashville Ballpark,41587,false,0.4,251,828,498,0.6014,40.19,150,0,23846.7,5184.04,0.25,4044,326,0.0806,0.4601
982,2025-06-08,2025-06-01,weekend,comedy,theater & comedy,Dana Reyes,5,Nashville,true,Nashville Playhouse,2364,false,,36,122,70,0.5738,72.91,20,0,5632.61,1224.49,0.25,789,42,0.0532,0.4762
983,2025-06-08,2025-06-01,weekend,baseball,sports,Austin Armadillos,6,Austin,false,Austin Ballpark,42198,false,0.5,249,861,508,0.59,49.33,144,0,26140.95,5682.8,0.25,4132,338,0.0818,0.426
984,2025-06-09,2025-06-01,weeknight,baseball,sports,Denver Lumberjacks,1,Denver,false,Denver Ballpark,38446,false,0.4,254,832,489,0.5877,50.97,153,0,27926.98,6071.09,0.25,4484,370,0.0825,0.4135
985,2025-06-09,2025-06-01,weeknight,comedy,theater & comedy,Ravi Castillo,1,Denver,false,Denver Playhouse,2520,false,,60,207,160,0.7729,87.56,46,0,16258.78,3534.48,0.25,1536,99,0.0645,0.4646
986,2025-06-09,2025-06-01,weeknight,concert,concerts,Jordan Mensah,2,Phoenix,true,Phoenix Arena,19646,false,,225,771,376,0.4877,107.7,114,0,47295.0,10281.49,0.25,3158,256,0.0811,0.4453
987,2025-06-09,2025-06-01,weeknight,baseball,sports,Nashville Fiddlers,5,Nashville,true,Nashville Ballpark,41587,false,0.4,247,835,404,0.4838,38.38,129,0,16484.81,3583.61,0.25,3414,277,0.0811,0.4657
988,2025-06-09,2025-06-01,weeknight,theater,theater & comedy,Paper Moons,5,Nashville,true,Nashville Playhouse,2364,false,,44,161,81,0.5031,108.41,23,0,10798.91,2347.58,0.25,833,55,0.066,0.4182
989,2025-06-09,2025-06-01,weeknight,baseball,sports,Austin Armadillos,6,Austin,false,Austin Ballpark,42198,false,0.4,246,887,462,0.5209,43.31,133,0,23293.59,5063.82,0.25,3984,317,0.0796,0.4196
990,2025-06-09,2025-06-01,weeknight,theater,theater & comedy,Dust Bowl Ballads,6,Austin,false,Austin Playhouse,2350,false,,43,121,63,0.5207,92.04,22,0,6264.69,1361.88,0.25,732,51,0.0697,0.4314
991,2025-06-10,2025-06-01,weeknight,baseball,sports,Denver Lumberjacks,1,Denver,false,Denver Ballpark,38446,false,0.4,217,783,438,0.5594,42.98,130,0,22324.85,4853.25,0.25,3490,288,0.0825,0.4514
992,2025-06-10,2025-06-01,weeknight,theater,theater & comedy,The Understudy,2,Phoenix,true,Phoenix Playhouse,1894,false,,27,100,53,0.53,98.16,13,0,4795.76,1042.55,0.25,507,31,0.0611,0.4194
993,2025-06-10,2025-06-01,weeknight,baseball,sports,Nashville Fiddlers,5,Nashville,true,Nashville Ballpark,41587,false,0.4,225,792,355,0.4482,32.76,97,0,15413.3,3350.68,0.25,2817,231,0.082,0.4199
994,2025-06-10,2025-06-01,weeknight,comedy,theater & comedy,Luis Moreno,5,Nashville,true,Nashville Playhouse,2364,false,,50,160,79,0.4938,46.66,24,0,3812.66,828.85,0.25,707,49,0.0693,0.4898
995,2025-06-10,2025-06-01,weeknight,baseball,sports,Austin Armadillos,6,Austin,false,Austin Ballpark,42198,false,0.3,231,795,398,0.5006,39.92,113,0,19101.53,4152.49,0.25,3181,260,0.0817,0.4346
996,2025-06-10,2025-06-01,weeknight,baseball,sports,Sacramento Gold Rush,8,Sacramento,false,Sacramento Ballpark,41907,false,0.4,244,913,482,0.5279,37.85,134,0,21280.81,4626.2,0.25,3862,317,0.0821,0.4227
997,2025-06-11,2025-06-01,weeknight,baseball,sports,Phoenix Scorpions,2,Phoenix,true,Phoenix Ballpark,40165,false,0.6,232,805,484,0.6012,42.16,139,0,23304.77,5066.24,0.25,3945,317,0.0804,0.4385
998,2025-06-11,2025-06-01,weeknight,concert,concerts,The Quiet Harbors,2,Phoenix,true,Phoenix Arena,19646,false,,245,842,492,0.5843,114.76,146,0,71226.68,15484.07,0.25,3987,327,0.082,0.4465
999,2025-06-11,2025-06-01,weeknight,baseball,sports,Nashville Fiddlers,5,Nashville,true,Nashville Ballpark,41587,false,0.4,223,790,495,0.6266,44.74,135,0,26482.2,5757.02,0.25,3477,282,0.0811,0.4787
1000,2025-06-11,2025-06-01,weeknight,baseball,sports,Columbus Clippers FC,7,Columbus,true,Columbus Ballpark,39853,false,0.5,261,848,518,0.6108,49.1,161,0,32343.27,7031.13,0.25,4605,368,0.0799,0.4375
1001,2025-06-11,2025-06-01,weeknight,comedy,theater & comedy,Dana Moreno,7,Columbus,true,Columbus Playhouse,2819,false,,40,130,58,0.4462,40.31,21,0,2702.45,587.52,0.25,570,41,0.0719,0.5122
1002,2025-06-11,2025-06-01,weeknight,baseball,sports,Sacramento Gold Rush,8,Sacramento,false,Sacramento Ballpark,41907,false,0.3,240,842,321,0.3812,36.44,99,0,12823.79,2787.74,0.25,2786,233,0.0836,0.4249
1003,2025-06-12,2025-06-01,weeknight,baseball,sports,Phoenix Scorpions,2,Phoenix,true,Phoenix Ballpark,40165,false,0.6,227,848,439,0.5177,42.21,121,0,19991.25,4345.94,0.25,3376,266,0.0788,0.4549
1004,2025-06-12,2025-06-01,weeknight,theater,theater & comedy,Harbor Lights,3,Charlotte,false,Charlotte Playhouse,1903,false,,31,100,66,0.66,175.92,18,0,12300.34,2674.0,0.25,680,38,0.0559,0.4737
1005,2025-06-12,2025-06-01,weeknight,baseball,sports,Nashville Fiddlers,5,Nashville,true,Nashville Ballpark,41587,false,0.3,258,926,515,0.5562,42.1,134,0,25267.82,5493.03,0.25,3540,283,0.0799,0.4735
1006,2025-06-12,2025-06-01,weeknight,baseball,sports,Columbus Clippers FC,7,Columbus,true,Columbus Ballpark,39853,false,0.6,295,1063,714,0.6717,52.71,199,0,44578.12,9690.91,0.25,5420,437,0.0806,0.4554
1007,2025-06-12,2025-06-01,weeknight,theater,theater & comedy,The Last Ferry,7,Columbus,true,Columbus Playhouse,2819,false,,34,120,78,0.65,87.78,23,0,8043.47,1748.55,0.25,678,45,0.0664,0.5111
1008,2025-06-12,2025-06-01,weeknight,baseball,sports,Sacramento Gold Rush,8,Sacramento,false,Sacramento Ballpark,41907,false,0.4,261,861,467,0.5424,42.72,146,0,24548.98,5336.72,0.25,3998,326,0.0815,0.4479
1009,2025-06-13,2025-06-01,weekend,concert,concerts,Diego Lindqvist,1,Denver,false,Denver Ballpark,38446,false,,833,2871,2171,0.7562,259.48,633,0,686521.64,149243.85,0.25,17445,1408,0.0807,0.4496
1010,2025-06-13,2025-06-01,weekend,baseball,sports,Phoenix Scorpions,2,Phoenix,true,Phoenix Ballpark,40165,false,0.5,276,940,600,0.6383,42.14,183,0,31858.59,6925.84,0.25,4914,393,0.08,0.4656
1011,2025-06-13,2025-06-01,weekend,concert,concerts,Omar Reyes,3,Charlotte,false,Charlotte Stadium,67685,false,,1394,4900,3639,0.7427,253.26,1045,0,1118547.93,243162.49,0.25,28674,2375,0.0828,0.44
1012,2025-06-13,2025-06-01,weekend,baseball,sports,Portland Rivermen,4,Portland,false,Portland Ballpark,42878,false,0.6,319,1066,679,0.637,57.88,206,0,45168.54,9819.17,0.25,5891,475,0.0806,0.4337
1013,2025-06-13,2025-06-01,weekend,theater,theater & comedy,Paper Moons,4,Portland,false,Portland Playhouse,2637,false,,41,132,92,0.697,97.31,27,0,10758.99,2338.92,0.25,890,59,0.0663,0.4576
1014,2025-06-13,2025-06-01,weekend,baseball,sports,Nashville Fiddlers,5,Nashville,true,Nashville Ballpark,41587,false,0.4,278,958,565,0.5898,45.76,163,0,30571.83,6646.1,0.25,4186,344,0.0822,0.4738
1015,2025-06-13,2025-06-01,weekend,theater,theater & comedy,The Understudy,6,Austin,false,Austin Playhouse,2350,false,,48,171,82,0.4795,127.93,23,0,12846.51,2792.72,0.25,785,45,0.0573,0.5111
1016,2025-06-13,2025-06-01,weekend,concert,concerts,The Crimson Machines,7,Columbus,true,Columbus Arena,17956,false,,291,1015,647,0.6374,155.3,184,0,113147.26,24597.24,0.25,5105,401,0.0786,0.4589
1017,2025-06-14,2025-06-01,weekend,comedy,theater & comedy,Maya Sato,1,Denver,false,Denver Playhouse,2520,false,,48,166,54,0.3253,35.73,16,0,2527.35,549.43,0.25,546,41,0.0751,0.3902
1018,2025-06-14,2025-06-01,weekend,baseball,sports,Phoenix Scorpions,2,Phoenix,true,Phoenix Ballpark,40165,false,0.5,269,942,585,0.621,41.67,170,0,29757.86,6469.05,0.25,4647,379,0.0816,0.4485
1019,2025-06-14,2025-06-01,weekend,theater,theater & comedy,The Lighthouse Keeper,2,Phoenix,true,Phoenix Playhouse,1894,false,,43,159,106,0.6667,129.05,27,0,16633.47,3615.96,0.25,828,50,0.0604,0.54
1020,2025-06-14,2025-06-01,weekend,concert,concerts,The Hollow Rivers,3,Charlotte,false,Charlotte Stadium,67685,false,,1150,3936,2764,0.7022,210.22,825,0,701894.71,152585.66,0.25,22637,1861,0.0822,0.4433
1021,2025-06-14,2025-06-01,weekend,baseball,sports,Portland Rivermen,4,Portland,false,Portland Ballpark,42878,false,0.5,342,1212,845,0.6972,62.75,231,0,63862.01,13883.02,0.25,6867,544,0.0792,0.4246
1022,2025-06-14,2025-06-01,weekend,theater,theater & comedy,A Winter Almanac,4,Portland,false,Portland Playhouse,2637,false,,52,178,98,0.5506,95.34,27,0,10832.66,2354.92,0.25,848,53,0.0625,0.5094
1023,2025-06-14,2025-06-01,weekend,concert,concerts,The Silver Wolves,5,Nashville,true,Nashville Stadium,64896,false,,1101,3867,2801,0.7243,201.4,790,0,680027.67,147832.19,0.25,22083,1833,0.083,0.431
1024,2025-06-14,2025-06-01,weekend,concert,concerts,Iris Castillo,6,Austin,false,Austin Arena,18625,false,,309,1020,750,0.7353,202.82,223,0,190812.9,41481.07,0.25,6361,509,0.08,0.4381
1025,2025-06-14,2025-06-01,weekend,concert,concerts,The Hollow Rivers,8,Sacramento,false,Sacramento Ballpark,41907,false,,847,2936,2199,0.749,240.18,630,0,647791.54,140824.27,0.25,17311,1410,0.0815,0.4468
1026,2025-06-14,2025-06-01,weekend,theater,theater & comedy,Copper & Coal,8,Sacramento,false,Sacramento Playhouse,2242,false,,31,93,48,0.5161,91.42,19,0,5076.26,1103.55,0.25,622,38,0.0611,0.5
1027,2025-06-15,2025-06-01,weekend,baseball,sports,Denver Lumberjacks,1,Denver,false,Denver Ballpark,38446,false,0.4,265,971,633,0.6519,51.2,172,0,37897.5,8238.59,0.25,4678,384,0.0821,0.4479
1028,2025-06-15,2025-06-01,weekend,concert,concerts,The Velvet Wolves,1,Denver,false,Denver Arena,19434,false,,452,1555,1168,0.7511,279.14,333,0,389718.24,84721.29,0.25,9502,755,0.0795,0.4411
1029,2025-06-15,2025-06-01,weekend,baseball,sports,Phoenix Scorpions,2,Phoenix,true,Phoenix Ballpark,40165,false,0.5,227,781,406,0.5198,41.7,118,0,19712.84,4285.43,0.25,3059,247,0.0807,0.4777
1030,2025-06-15,2025-06-01,weekend,concert,concerts,Kofi Okafor,2,Phoenix,true,Phoenix Arena,19646,false,,249,830,438,0.5277,78.1,129,0,39518.24,8590.92,0.25,3462,279,0.0806,0.4624
1031,2025-06-15,2025-06-01,weekend,baseball,sports,Portland Rivermen,4,Portland,false,Portland Ballpark,42878,false,0.6,279,991,618,0.6236,54.27,172,0,41602.36,9044.02,0.25,4826,386,0.08,0.4456
1032,2025-06-15,2025-06-01,weekend,theater,theater & comedy,Copper & Coal,4,Portland,false,Portland Playhouse,2637,false,,43,151,76,0.5033,78.28,22,0,7860.6,1708.84,0.25,749,51,0.0681,0.4314
1033,2025-06-15,2025-06-01,weekend,theater,theater & comedy,The Understudy,8,Sacramento,false,Sacramento Playhouse,2242,false,,30,97,48,0.4948,110.95,16,0,5731.04,1245.9,0.25,540,30,0.0556,0.5333
1034,2025-06-16,2025-06-01,weeknight,baseball,sports,Denver Lumberjacks,1,Denver,false,Denver Ballpark,38446,false,0.4,221,755,353,0.4675,44.75,110,0,17500.48,3804.47,0.25,2938,237,0.0807,0.4641
1035,2025-06-16,2025-06-01,weeknight,comedy,theater & comedy,Ravi Adler,1,Denver,false,Denver Playhouse,2520,false,,72,264,187,0.7083,91.61,50,0,20294.02,4411.75,0.25,1597,108,0.0676,0.463
1036,2025-06-16,2025-06-01,weeknight,baseball,sports,Phoenix Scorpions,2,Phoenix,true,Phoenix Ballpark,40165,false,0.5,223,754,399,0.5292,35.39,121,0,15598.42,3390.97,0.25,3384,275,0.0813,0.44
1037,2025-06-16,2025-06-01,weeknight,baseball,sports,Charlotte Copperheads,3,Charlotte,false,Charlotte Ballpark,41486,false,0.5,254,869,479,0.5512,41.04,137,0,22597.18,4912.43,0.25,3560,287,0.0806,0.4774
1038,2025-06-16,2025-06-01,weeknight,baseball,sports,Portland Rivermen,4,Portland,false,Portland Ballpark,42878,false,0.6,351,1256,889,0.7078,61.89,249,0,64014.28,13916.12,0.25,6874,538,0.0783,0.4628
1039,2025-06-16,2025-06-01,weeknight,concert,concerts,The Wild Harbors,6,Austin,false,Austin Arena,18625,false,,255,882,481,0.5454,102.52,145,0,58496.95,12716.74,0.25,4126,332,0.0805,0.4367
1040,2025-06-17,2025-06-01,weeknight,baseball,sports,Denver Lumberjacks,1,Denver,false,Denver Ballpark,38446,false,0.4,223,808,442,0.547,43.58,122,0,22902.4,4978.77,0.25,3686,294,0.0798,0.415
1041,2025-06-17,2025-06-01,weeknight,baseball,sports,Phoenix Scorpions,2,Phoenix,true,Phoenix Ballpark,40165,false,0.5,222,775,380,0.4903,37.86,111,0,15421.86,3352.56,0.25,3223,253,0.0785,0.4387
1042,2025-06-17,2025-06-01,weeknight,baseball,sports,Charlotte Copperheads,3,Charlotte,false,Charlotte Ballpark,41486,false,0.5,266,905,545,0.6022,40.57,163,0,27789.26,6041.12,0.25,4884,401,0.0821,0.4065
1043,2025-06-17,2025-06-01,weeknight,baseball,sports,Portland Rivermen,4,Portland,false,Portland Ballpark,42878,false,0.5,285,978,692,0.7076,56.75,203,0,47538.16,10334.38,0.25,5645,465,0.0824,0.4366
1044,2025-06-17,2025-06-01,weeknight,comedy,theater & comedy,June Ibarra,4,Portland,false,Portland Playhouse,2637,false,,45,156,45,0.2885,38.8,15,0,1649.92,358.69,0.25,422,31,0.0735,0.4839
1045,2025-06-17,2025-06-01,weeknight,baseball,sports,Columbus Clippers FC,7,Columbus,true,Columbus Ballpark,39853,false,0.6,238,794,488,0.6146,47.79,139,0,27265.81,5927.33,0.25,4021,321,0.0798,0.433
1046,2025-06-18,2025-06-01,weeknight,baseball,sports,Charlotte Copperheads,3,Charlotte,false,Charlotte Ballpark,41486,false,0.5,205,717,351,0.4895,40.12,107,0,15227.25,3310.24,0.25,2836,237,0.0836,0.4515
1047,2025-06-18,2025-06-01,weeknight,baseball,sports,Portland Rivermen,4,Portland,false,Portland Ballpark,42878,false,0.6,296,1038,672,0.6474,50.46,193,0,44265.88,9622.97,0.25,5652,466,0.0824,0.4142
1048,2025-06-18,2025-06-01,weeknight,concert,concerts,The Broken Echoes,5,Nashville,true,Nashville Arena,19465,false,,201,696,212,0.3046,45.78,62,0,10025.91,2179.53,0.25,1896,160,0.0844,0.3875
1049,2025-06-18,2025-06-01,weeknight,baseball,sports,Austin Armadillos,6,Austin,false,Austin Ballpark,42198,false,0.4,237,843,474,0.5623,40.87,131,0,24150.54,5250.12,0.25,3689,296,0.0802,0.4426
1050,2025-06-19,2025-06-01,weeknight,concert,concerts,The Silver Comets,3,Charlotte,false,Charlotte Arena,18003,false,,243,835,453,0.5425,113.17,130,0,58361.52,12687.25,0.25,3724,301,0.0808,0.4319
1051,2025-06-19,2025-06-01,weeknight,theater,theater & comedy,Copper & Coal,4,Portland,false,Portland Playhouse,2637,false,,37,130,81,0.6231,88.62,21,0,9006.98,1958.04,0.25,702,45,0.0641,0.4667
1052,2025-06-19,2025-06-01,weeknight,baseball,sports,Nashville Fiddlers,5,Nashville,true,Nashville Ballpark,41587,false,0.5,218,752,472,0.6277,40.47,129,0,23246.42,5053.6,0.25,3456,289,0.0836,0.4464
1053,2025-06-19,2025-06-01,weeknight,baseball,sports,Austin Armadillos,6,Austin,false,Austin Ballpark,42198,false,0.3,263,941,548,0.5824,45.02,148,0,27660.78,6013.26,0.25,4105,335,0.0816,0.4418
1054,2025-06-19,2025-06-01,weeknight,concert,concerts,The Glass Harbors,6,Austin,false,Austin Arena,18625,false,,236,795,368,0.4629,97.54,107,0,39177.78,8516.89,0.25,2886,239,0.0828,0.4477
1055,2025-06-19,2025-06-01,weeknight,baseball,sports,Columbus Clippers FC,7,Columbus,true,Columbus Ballpark,39853,false,0.6,261,863,537,0.6222,52.45,164,0,33065.96,7188.32,0.25,4694,370,0.0788,0.4432
1056,2025-06-20,2025-06-01,weekend,comedy,theater & comedy,Rosa Adler,2,Phoenix,true,Phoenix Playhouse,1894,false,,38,142,26,0.1831,31.79,11,0,1019.79,221.7,0.25,306,23,0.0752,0.4783
1057,2025-06-20,2025-06-01,weekend,baseball,sports,Charlotte Copperheads,3,Charlotte,false,Charlotte Ballpark,41486,false,0.4,273,942,546,0.5796,41.95,170,0,27317.28,5938.56,0.25,4631,379,0.0818,0.4485
1058,2025-06-20,2025-06-01,weekend,theater,theater & comedy,Harbor Lights,3,Charlotte,false,Charlotte Playhouse,1903,false,,44,137,107,0.781,151.83,34,0,17978.99,3908.48,0.25,1553,94,0.0605,0.3617
1059,2025-06-20,2025-06-01,weekend,comedy,theater & comedy,Theo Moreno,4,Portland,false,Portland Playhouse,2637,false,,48,152,77,0.5066,47.5,24,0,4767.55,1036.41,0.25,869,54,0.0621,0.4444
1060,2025-06-20,2025-06-01,weekend,baseball,sports,Nashville Fiddlers,5,Nashville,true,Nashville Ballpark,41587,false,0.5,263,964,622,0.6452,43.81,168,0,34458.28,7490.94,0.25,4285,350,0.0817,0.48
1061,2025-06-20,2025-06-01,weekend,comedy,theater & comedy,Omar Okafor,5,Nashville,true,Nashville Playhouse,2364,false,,56,211,162,0.7678,63.84,45,0,11767.51,2558.19,0.25,1428,98,0.0686,0.4592
1062,2025-06-20,2025-06-01,weekend,baseball,sports,Austin Armadillos,6,Austin,false,Austin Ballpark,42198,false,0.3,237,785,438,0.558,44.24,130,0,25185.98,5475.19,0.25,3613,285,0.0789,0.4561
1063,2025-06-20,2025-06-01,weekend,concert,concerts,The Lucky Gardens,6,Austin,false,Austin Arena,18625,false,,268,899,497,0.5528,98.8,155,0,55336.76,12029.78,0.25,4104,337,0.0821,0.4599
1064,2025-06-20,2025-06-01,weekend,baseball,sports,Columbus Clippers FC,7,Columbus,true,Columbus Ballpark,39853,false,0.6,243,854,546,0.6393,51.97,155,0,33513.76,7285.61,0.25,4258,336,0.0789,0.4613
1065,2025-06-21,2025-06-01,weekend,baseball,sports,Charlotte Copperheads,3,Charlotte,false,Charlotte Ballpark,41486,false,0.4,256,948,647,0.6825,47.71,170,0,37350.05,8119.63,0.25,4813,385,0.08,0.4416
1066,2025-06-21,2025-06-01,weekend,theater,theater & comedy,Paper Moons,3,Charlotte,false,Charlotte Playhouse,1903,false,,27,103,69,0.6699,99.02,18,0,9112.94,1981.09,0.25,698,44,0.063,0.4091
1067,2025-06-21,2025-06-01,weekend,concert,concerts,Ben Hale,4,Portland,false,Portland Ballpark,42878,false,,941,3187,2398,0.7524,269.9,705,0,746812.74,162350.58,0.25,19756,1626,0.0823,0.4336
1068,2025-06-21,2025-06-01,weekend,theater,theater & comedy,Dust Bowl Ballads,4,Portland,false,Portland Playhouse,2637,false,,51,160,110,0.6875,130.87,37,0,15631.99,3398.24,0.25,1308,86,0.0657,0.4302
1069,2025-06-21,2025-06-01,weekend,baseball,sports,Nashville Fiddlers,5,Nashville,true,Nashville Ballpark,41587,false,0.5,305,1042,628,0.6027,48.57,181,0,36750.83,7989.29,0.25,5387,445,0.0826,0.4067
1070,2025-06-21,2025-06-01,weekend,concert,concerts,Priya Lindqvist,5,Nashville,true,Nashville Arena,19465,false,,257,881,474,0.538,78.91,141,0,47297.91,10282.15,0.25,3943,323,0.0819,0.4365
1071,2025-06-21,2025-06-01,weekend,theater,theater & comedy,Harbor Lights,5,Nashville,true,Nashville Playhouse,2364,false,,46,180,92,0.5111,133.48,28,0,15683.24,3409.42,0.25,964,54,0.056,0.5185
1072,2025-06-21,2025-06-01,weekend,concert,concerts,The Static Tides,6,Austin,false,Austin Arena,18625,false,,284,1015,679,0.669,147.88,187,0,114894.9,24977.17,0.25,5483,437,0.0797,0.4279
1073,2025-06-21,2025-06-01,weekend,concert,concerts,The Static Ghosts,7,Columbus,true,Columbus Arena,17956,false,,242,877,555,0.6328,103.89,155,0,68295.08,14846.78,0.25,4523,366,0.0809,0.4235
1074,2025-06-21,2025-06-01,weekend,baseball,sports,Sacramento Gold Rush,8,Sacramento,false,Sacramento Ballpark,41907,false,0.6,287,992,643,0.6482,44.5,182,0,33028.79,7180.13,0.25,5270,421,0.0799,0.4323
1075,2025-06-22,2025-06-01,weekend,baseball,sports,Charlotte Copperheads,3,Charlotte,false,Charlotte Ballpark,41486,false,0.4,223,792,402,0.5076,47.08,114,0,20625.69,4483.8,0.25,2950,236,0.08,0.4831
1076,2025-06-22,2025-06-01,weekend,comedy,theater & comedy,Jordan Hale,3,Charlotte,false,Charlotte Playhouse,1903,false,,39,110,70,0.6364,48.7,23,0,5053.01,1098.47,0.25,623,43,0.069,0.5349
1077,2025-06-22,2025-06-01,weekend,comedy,theater & comedy,Sam Fontaine,4,Portland,false,Portland Playhouse,2637,false,,58,214,138,0.6449,57.09,38,0,10343.59,2248.62,0.25,1080,75,0.0694,0.5067
1078,2025-06-22,2025-06-01,weekend,baseball,sports,Nashville Fiddlers,5,Nashville,true,Nashville Ballpark,41587,false,0.4,290,966,619,0.6408,45.24,192,0,31789.64,6910.78,0.25,5018,396,0.0789,0.4848
1079,2025-06-22,2025-06-01,weekend,concert,concerts,Ben Fontaine,6,Austin,false,Austin Arena,18625,false,,285,990,631,0.6374,150.59,182,0,116883.33,25409.38,0.25,5303,423,0.0798,0.4303
1080,2025-06-22,2025-06-01,weekend,baseball,sports,Sacramento Gold Rush,8,Sacramento,false,Sacramento Ballpark,41907,false,0.7,307,1124,700,0.6228,46.91,189,0,39787.22,8649.41,0.25,5323,420,0.0789,0.45
1081,2025-06-23,2025-06-01,weeknight,baseball,sports,Phoenix Scorpions,2,Phoenix,true,Phoenix Ballpark,40165,false,0.5,211,736,380,0.5163,36.62,107,0,15799.18,3434.6,0.25,2951,238,0.0807,0.4496
1082,2025-06-23,2025-06-01,weeknight,concert,concerts,Ben Fontaine,2,Phoenix,true,Phoenix Arena,19646,false,,313,1036,558,0.5386,144.09,168,0,88074.18,19146.57,0.25,4518,371,0.0821,0.4528
1083,2025-06-23,2025-06-01,weeknight,baseball,sports,Portland Rivermen,4,Portland,false,Portland Ballpark,42878,false,0.5,297,1042,600,0.5758,53.01,173,0,36994.04,8042.19,0.25,4674,387,0.0828,0.447
1084,2025-06-23,2025-06-01,weeknight,baseball,sports,Nashville Fiddlers,5,Nashville,true,Nashville Ballpark,41587,false,0.4,231,747,402,0.5382,40.8,121,0,18797.78,4086.44,0.25,3376,267,0.0791,0.4532
1085,2025-06-23,2025-06-01,weeknight,baseball,sports,Sacramento Gold Rush,8,Sacramento,false,Sacramento Ballpark,41907,false,0.6,234,864,567,0.6563,42.55,147,0,28156.25,6120.91,0.25,4188,338,0.0807,0.4349
1086,2025-06-24,2025-06-01,weeknight,baseball,sports,Phoenix Scorpions,2,Phoenix,true,Phoenix Ballpark,40165,false,0.5,219,743,421,0.5666,36.73,124,0,19909.11,4328.07,0.25,3411,280,0.0821,0.4429
1087,2025-06-24,2025-06-01,weeknight,theater,theater & comedy,Glass Menagerie Revue,3,Charlotte,false,Charlotte Playhouse,1903,false,,24,87,65,0.7471,123.06,20,0,8099.0,1760.66,0.25,733,50,0.0682,0.4
1088,2025-06-24,2025-06-01,weeknight,baseball,sports,Portland Rivermen,4,Portland,false,Portland Ballpark,42878,false,0.6,259,908,540,0.5947,52.2,155,0,33179.02,7212.87,0.25,4154,335,0.0806,0.4627
1089,2025-06-24,2025-06-01,weeknight,baseball,sports,Nashville Fiddlers,5,Nashville,true,Nashville Ballpark,41587,false,0.4,228,792,449,0.5669,39.56,135,0,21527.38,4679.88,0.25,3740,293,0.0783,0.4608
1090,2025-06-24,2025-06-01,weeknight,baseball,sports,Sacramento Gold Rush,8,Sacramento,false,Sacramento Ballpark,41907,false,0.5,223,788,402,0.5102,31.45,105,0,14928.5,3245.28,0.25,2957,245,0.0829,0.4286
1091,2025-06-25,2025-06-01,weeknight,baseball,sports,Phoenix Scorpions,2,Phoenix,true,Phoenix Ballpark,40165,false,0.6,257,895,409,0.457,40.67,116,0,17130.39,3724.02,0.25,3129,259,0.0828,0.4479
1092,2025-06-25,2025-06-01,weeknight,concert,concerts,The Glass Tides,2,Phoenix,true,Phoenix Arena,19646,false,,208,715,309,0.4322,47.93,86,0,17116.01,3720.87,0.25,2211,193,0.0873,0.4456
1093,2025-06-25,2025-06-01,weeknight,baseball,sports,Nashville Fiddlers,5,Nashville,true,Nashville Ballpark,41587,false,0.4,250,838,456,0.5442,38.82,143,0,19992.06,4346.11,0.25,3890,303,0.0779,0.4719
1094,2025-06-25,2025-06-01,weeknight,baseball,sports,Austin Armadillos,6,Austin,false,Austin Ballpark,42198,false,0.4,246,883,478,0.5413,43.01,134,0,23601.85,5130.81,0.25,3914,311,0.0795,0.4309
1095,2025-06-25,2025-06-01,weeknight,baseball,sports,Sacramento Gold Rush,8,Sacramento,false,Sacramento Ballpark,41907,false,0.4,248,817,457,0.5594,37.66,136,0,21304.91,4631.44,0.25,3823,318,0.0832,0.4277
1096,2025-06-26,2025-06-01,weeknight,baseball,sports,Phoenix Scorpions,2,Phoenix,true,Phoenix Ballpark,40165,false,0.5,215,750,359,0.4787,38.97,101,0,15868.08,3449.56,0.25,2609,215,0.0824,0.4698
1097,2025-06-26,2025-06-01,weeknight,concert,concerts,The Lunar Echoes,2,Phoenix,true,Phoenix Arena,19646,false,,298,952,575,0.604,166.32,177,0,117662.01,25578.71,0.25,5059,402,0.0795,0.4403
1098,2025-06-26,2025-06-01,weeknight,baseball,sports,Charlotte Copperheads,3,Charlotte,false,Charlotte Ballpark,41486,false,0.3,239,812,395,0.4865,41.84,115,0,18658.26,4056.15,0.25,3049,250,0.082,0.46
1099,2025-06-26,2025-06-01,weeknight,baseball,sports,Portland Rivermen,4,Portland,false,Portland Ballpark,42878,false,0.5,270,899,544,0.6051,55.76,167,0,37816.25,8220.9,0.25,5084,408,0.0803,0.4093
1100,2025-06-26,2025-06-01,weeknight,baseball,sports,Austin Armadillos,6,Austin,false,Austin Ballpark,42198,false,0.5,245,778,474,0.6093,46.95,151,0,25000.86,5435.0,0.25,4544,364,0.0801,0.4148
1101,2025-06-26,2025-06-01,weeknight,baseball,sports,Columbus Clippers FC,7,Columbus,true,Columbus Ballpark,39853,false,0.5,242,839,496,0.5912,52.43,147,0,28677.15,6234.19,0.25,4118,345,0.0838,0.4261
1102,2025-06-26,2025-06-01,weeknight,baseball,sports,Sacramento Gold Rush,8,Sacramento,false,Sacramento Ballpark,41907,false,0.5,265,953,517,0.5425,37.36,146,0,22378.04,4864.8,0.25,3928,318,0.081,0.4591
1103,2025-06-26,2025-06-01,weeknight,theater,theater & comedy,Harbor Lights,8,Sacramento,false,Sacramento Playhouse,2242,false,,42,140,52,0.3714,125.76,19,0,6967.56,1514.68,0.25,716,44,0.0615,0.4318
1104,2025-06-27,2025-06-01,weekend,theater,theater & comedy,Starlight Express Line,1,Denver,false,Denver Playhouse,2520,false,,38,105,51,0.4857,149.9,22,0,9077.35,1973.36,0.25,681,37,0.0543,0.5946
1105,2025-06-27,2025-06-01,weekend,baseball,sports,Phoenix Scorpions,2,Phoenix,true,Phoenix Ballpark,40165,false,0.5,276,947,576,0.6082,41.47,171,0,28804.81,6261.93,0.25,4970,388,0.0781,0.4407
1106,2025-06-27,2025-06-01,weekend,baseball,sports,Charlotte Copperheads,3,Charlotte,false,Charlotte Ballpark,41486,false,0.2,238,770,383,0.4974,37.4,118,0,16519.24,3591.09,0.25,3489,282,0.0808,0.4184
1107,2025-06-27,2025-06-01,weekend,baseball,sports,Portland Rivermen,4,Portland,false,Portland Ballpark,42878,false,0.4,328,1118,762,0.6816,59.47,228,0,54146.54,11771.0,0.25,6265,517,0.0825,0.441
1108,2025-06-27,2025-06-01,weekend,concert,concerts,Hana Kowalski,5,Nashville,true,Nashville Arena,19465,false,,251,824,431,0.5231,107.08,135,0,58323.98,12679.13,0.25,3971,313,0.0788,0.4313
1109,2025-06-27,2025-06-01,weekend,comedy,theater & comedy,Sam Fontaine,5,Nashville,true,Nashville Playhouse,2364,false,,55,202,124,0.6139,66.39,33,0,9366.04,2036.08,0.25,1113,73,0.0656,0.4521
1110,2025-06-27,2025-06-01,weekend,baseball,sports,Austin Armadillos,6,Austin,false,Austin Ballpark,42198,false,0.5,307,1052,704,0.6692,55.12,204,0,48763.54,10600.74,0.25,5726,466,0.0814,0.4378
1111,2025-06-27,2025-06-01,weekend,baseball,sports,Columbus Clippers FC,7,Columbus,true,Columbus Ballpark,39853,false,0.5,300,1020,699,0.6853,59.31,207,0,47125.38,10244.61,0.25,5921,472,0.0797,0.4386
1112,2025-06-28,2025-06-01,weekend,baseball,sports,Denver Lumberjacks,1,Denver,false,Denver Ballpark,38446,false,0.2,270,911,592,0.6498,55.79,178,0,36484.28,7931.36,0.25,5251,423,0.0806,0.4208
1113,2025-06-28,2025-06-01,weekend,concert,concerts,Aisha Adler,1,Denver,false,Denver Arena,19434,false,,300,1044,703,0.6734,156.42,196,0,131596.37,28607.86,0.25,5468,430,0.0786,0.4558
1114,2025-06-28,2025-06-01,weekend,baseball,sports,Phoenix Scorpions,2,Phoenix,true,Phoenix Ballpark,40165,false,0.6,259,890,532,0.5978,42.05,164,0,26173.12,5689.81,0.25,4847,380,0.0784,0.4316
1115,2025-06-28,2025-06-01,weekend,baseball,sports,Charlotte Copperheads,3,Charlotte,false,Charlotte Ballpark,41486,false,0.2,212,759,415,0.5468,39.72,116,0,18900.86,4108.88,0.25,3319,274,0.0826,0.4234
1116,2025-06-28,2025-06-01,weekend,concert,concerts,The Lunar Harbors,3,Charlotte,false,Charlotte Stadium,67685,false,,1818,6374,5194,0.8149,291.17,1485,0,1887972.98,410428.84,0.25,41021,3393,0.0827,0.4377
1117,2025-06-28,2025-06-01,weekend,baseball,sports,Portland Rivermen,4,Portland,false,Portland Ballpark,42878,false,0.5,401,1383,1051,0.7599,66.96,301,0,91937.83,19986.42,0.25,8887,706,0.0794,0.4263
1118,2025-06-28,2025-06-01,weekend,concert,concerts,Priya Brennan,5,Nashville,true,Nashville Ballpark,41587,false,,782,2664,1831,0.6873,218.31,540,0,474056.1,103055.61,0.25,14536,1197,0.0823,0.4511
1119,2025-06-28,2025-06-01,weekend,concert,concerts,Diego Lindqvist,6,Austin,false,Austin Ballpark,42198,false,,798,2629,1822,0.693,235.51,572,0,519658.76,112969.28,0.25,15993,1308,0.0818,0.4373
1120,2025-06-28,2025-06-01,weekend,concert,concerts,The Static Tides,6,Austin,false,Austin Arena,18625,false,,277,956,600,0.6276,132.88,177,0,92189.65,20041.26,0.25,5095,410,0.0805,0.4317
1121,2025-06-28,2025-06-01,weekend,baseball,sports,Columbus Clippers FC,7,Columbus,true,Columbus Ballpark,39853,false,0.6,318,1066,727,0.682,62.88,222,0,56539.5,12291.21,0.25,6288,490,0.0779,0.4531
1122,2025-06-28,2025-06-01,weekend,concert,concerts,Theo Park,8,Sacramento,false,Sacramento Arena,19109,false,,286,988,576,0.583,137.25,174,0,89865.85,19536.04,0.25,4568,371,0.0812,0.469
1123,2025-06-29,2025-06-01,weekend,baseball,sports,Phoenix Scorpions,2,Phoenix,true,Phoenix Ballpark,40165,false,0.7,242,812,484,0.5961,39.43,137,0,21969.29,4775.98,0.25,3837,317,0.0826,0.4322
1124,2025-06-29,2025-06-01,weekend,theater,theater & comedy,Dust Bowl Ballads,2,Phoenix,true,Phoenix Playhouse,1894,false,,38,148,109,0.7365,129.94,28,0,18208.44,3958.35,0.25,1073,64,0.0596,0.4375
1125,2025-06-29,2025-06-01,weekend,concert,concerts,The Wild Gardens,3,Charlotte,false,Charlotte Arena,18003,false,,262,936,589,0.6293,151.04,165,0,105410.07,22915.21,0.25,4908,379,0.0772,0.4354
1126,2025-06-29,2025-06-01,weekend,baseball,sports,Columbus Clippers FC,7,Columbus,true,Columbus Ballpark,39853,false,0.6,284,1005,672,0.6687,52.4,185,0,40571.44,8819.92,0.25,5638,450,0.0798,0.4111
1127,2025-06-30,2025-06-01,weeknight,theater,theater & comedy,Harbor Lights,2,Phoenix,true,Phoenix Playhouse,1894,false,,32,115,58,0.5043,115.18,17,0,7619.61,1656.44,0.25,633,39,0.0616,0.4359
1128,2025-06-30,2025-06-01,weeknight,concert,concerts,Priya Adler,4,Portland,false,Portland Arena,19339,false,,264,890,505,0.5674,124.86,154,0,72227.78,15701.69,0.25,4249,352,0.0828,0.4375
1129,2025-06-30,2025-06-01,weeknight,baseball,sports,Nashville Fiddlers,5,Nashville,true,Nashville Ballpark,41587,false,0.3,223,750,322,0.4293,34.0,103,0,12813.12,2785.46,0.25,2780,230,0.0827,0.4478
1130,2025-07-01,2025-07-01,weeknight,concert,concerts,The Electric Rivers,1,Denver,false,Denver Arena,19434,false,,279,955,477,0.4995,112.65,141,0,62533.4,13594.23,0.25,3892,315,0.0809,0.4476
1131,2025-07-01,2025-07-01,weeknight,theater,theater & comedy,The Lighthouse Keeper,2,Phoenix,true,Phoenix Playhouse,1894,false,,30,100,72,0.72,84.87,23,0,7892.21,1715.7,0.25,776,52,0.067,0.4423
1132,2025-07-01,2025-07-01,weeknight,theater,theater & comedy,Northbound,4,Portland,false,Portland Playhouse,2637,false,,44,179,125,0.6983,126.81,30,0,22689.09,4932.41,0.25,920,66,0.0717,0.4545
1133,2025-07-01,2025-07-01,weeknight,baseball,sports,Nashville Fiddlers,5,Nashville,true,Nashville Ballpark,41587,false,0.3,239,811,387,0.4772,36.02,119,0,15985.39,3475.09,0.25,3530,291,0.0824,0.4089
1134,2025-07-01,2025-07-01,weeknight,comedy,theater & comedy,Iris Mensah,8,Sacramento,false,Sacramento Playhouse,2242,false,,40,151,78,0.5166,67.66,22,0,5561.5,1209.02,0.25,700,50,0.0714,0.44
1135,2025-07-02,2025-07-01,weeknight,concert,concerts,The Wild Foxes,1,Denver,false,Denver Arena,19434,false,,236,803,344,0.4284,77.24,108,0,31764.68,6905.34,0.25,2955,245,0.0829,0.4408
1136,2025-07-02,2025-07-01,weeknight,baseball,sports,Portland Rivermen,4,Portland,false,Portland Ballpark,42878,false,0.4,260,902,499,0.5532,48.72,144,0,29246.57,6357.96,0.25,3797,303,0.0798,0.4752
1137,2025-07-02,2025-07-01,weeknight,baseball,sports,Nashville Fiddlers,5,Nashville,true,Nashville Ballpark,41587,false,0.4,209,686,335,0.4883,35.76,106,0,14673.11,3189.8,0.25,2866,234,0.0816,0.453
1138,2025-07-02,2025-07-01,weeknight,concert,concerts,The Paper Rivers,7,Columbus,true,Columbus Arena,17956,false,,269,904,582,0.6438,171.99,177,0,118226.06,25701.34,0.25,4840,392,0.081,0.4515
1139,2025-07-02,2025-07-01,weeknight,baseball,sports,Sacramento Gold Rush,8,Sacramento,false,Sacramento Ballpark,41907,false,0.6,251,864,464,0.537,41.98,146,0,22677.47,4929.91,0.25,4197,339,0.0808,0.4307
1140,2025-07-02,2025-07-01,weeknight,theater,theater & comedy,The Last Ferry,8,Sacramento,false,Sacramento Playhouse,2242,false,,35,123,71,0.5772,76.68,22,0,6656.38,1447.03,0.25,673,50,0.0743,0.44
1141,2025-07-03,2025-07-01,weeknight,concert,concerts,Diego Lindqvist,1,Denver,false,Denver Arena,19434,false,,284,1005,617,0.6139,205.63,181,0,148248.24,32227.83,0.25,5371,428,0.0797,0.4229
1142,2025-07-03,2025-07-01,weeknight,theater,theater & comedy,The Understudy,1,Denver,false,Denver Playhouse,2520,false,,57,218,128,0.5872,87.67,34,0,12863.86,2796.49,0.25,1060,76,0.0717,0.4474
1143,2025-07-03,2025-07-01,weeknight,baseball,sports,Charlotte Copperheads,3,Charlotte,false,Charlotte Ballpark,41486,false,0.4,259,901,525,0.5827,42.9,149,0,25527.22,5549.39,0.25,4453,356,0.0799,0.4185
1144,2025-07-03,2025-07-01,weeknight,concert,concerts,The Hollow Hearts,3,Charlotte,false,Charlotte Arena,18003,false,,262,878,592,0.6743,161.57,171,0,124491.59,27063.36,0.25,4882,383,0.0785,0.4465
1145,2025-07-03,2025-07-01,weeknight,baseball,sports,Portland Rivermen,4,Portland,false,Portland Ballpark,42878,false,0.5,242,840,468,0.5571,47.37,134,0,25726.06,5592.6,0.25,3822,306,0.0801,0.4379
1146,2025-07-03,2025-07-01,weeknight,baseball,sports,Nashville Fiddlers,5,Nashville,true,Nashville Ballpark,41587,false,0.4,254,876,499,0.5696,42.54,137,0,24188.14,5258.23,0.25,3855,323,0.0838,0.4241
1147,2025-07-03,2025-07-01,weeknight,baseball,sports,Austin Armadillos,6,Austin,false,Austin Ballpark,42198,false,0.6,259,895,538,0.6011,45.16,154,0,29044.94,6314.12,0.25,4416,359,0.0813,0.429
1148,2025-07-03,2025-07-01,weeknight,baseball,sports,Columbus Clippers FC,7,Columbus,true,Columbus Ballpark,39853,false,0.7,287,978,582,0.5951,59.14,173,0,39525.62,8592.57,0.25,5038,396,0.0786,0.4369
1149,2025-07-03,2025-07-01,weeknight,baseball,sports,Sacramento Gold Rush,8,Sacramento,false,Sacramento Ballpark,41907,false,0.5,252,862,475,0.551,40.83,135,0,21637.3,4703.7,0.25,3385,279,0.0824,0.4839
1150,2025-07-03,2025-07-01,weeknight,theater,theater & comedy,Glass Menagerie Revue,8,Sacramento,false,Sacramento Playhouse,2242,false,,49,163,116,0.7117,102.63,35,0,14221.64,3091.67,0.25,1298,91,0.0701,0.3846
1151,2025-07-04,2025-07-01,weekend,concert,concerts,Iris Castillo,2,Phoenix,true,Phoenix Ballpark,40165,false,,795,2746,2070,0.7538,218.26,595,0,555202.79,120696.33,0.25,17091,1380,0.0807,0.4312
1152,2025-07-04,2025-07-01,weekend,baseball,sports,Charlotte Copperheads,3,Charlotte,false,Charlotte Ballpark,41486,false,0.5,297,969,619,0.6388,52.05,186,0,38511.5,8372.1,0.25,4802,374,0.0779,0.4973
1153,2025-07-04,2025-07-01,weekend,baseball,sports,Portland Rivermen,4,Portland,false,Portland Ballpark,42878,false,0.6,374,1281,978,0.7635,68.19,280,0,79301.21,17239.48,0.25,7856,620,0.0789,0.4516
1154,2025-07-04,2025-07-01,weekend,concert,concerts,The Midnight Gardens,4,Portland,false,Portland Arena,19339,false,,316,1100,800,0.7273,163.51,232,0,158749.42,34510.79,0.25,6403,513,0.0801,0.4522
1155,2025-07-04,2025-07-01,weekend,concert,concerts,The Lucky Gardens,5,Nashville,true,Nashville Arena,19465,false,,251,907,505,0.5568,95.44,139,0,55928.69,12158.45,0.25,3507,290,0.0827,0.4793
1156,2025-07-04,2025-07-01,weekend,theater,theater & comedy,Northbound,5,Nashville,true,Nashville Playhouse,2364,false,,42,137,95,0.6934,155.91,27,0,17245.45,3749.01,0.25,892,56,0.0628,0.4821
1157,2025-07-04,2025-07-01,weekend,baseball,sports,Austin Armadillos,6,Austin,false,Austin Ballpark,42198,false,0.6,305,1023,725,0.7087,52.96,214,0,47472.24,10320.08,0.25,6238,501,0.0803,0.4271
1158,2025-07-04,2025-07-01,weekend,baseball,sports,Columbus Clippers FC,7,Columbus,true,Columbus Ballpark,39853,false,0.8,328,1093,772,0.7063,55.75,234,0,54539.06,11856.33,0.25,6723,531,0.079,0.4407
1159,2025-07-04,2025-07-01,weekend,baseball,sports,Sacramento Gold Rush,8,Sacramento,false,Sacramento Ballpark,41907,false,0.6,343,1188,783,0.6591,51.98,224,0,50375.98,10951.32,0.25,6320,505,0.0799,0.4436
1160,2025-07-05,2025-07-01,weekend,baseball,sports,Denver Lumberjacks,1,Denver,false,Denver Ballpark,38446,false,0.4,244,925,498,0.5384,52.65,139,0,27462.85,5970.17,0.25,4013,312,0.0777,0.4455
1161,2025-07-05,2025-07-01,weekend,comedy,theater & comedy,Luis Mensah,1,Denver,false,Denver Playhouse,2520,false,,61,206,124,0.6019,75.14,35,0,11945.75,2596.9,0.25,1207,78,0.0646,0.4487
1162,2025-07-05,2025-07-01,weekend,baseball,sports,Phoenix Scorpions,2,Phoenix,true,Phoenix Ballpark,40165,false,0.8,308,1058,699,0.6607,49.67,206,0,42043.66,9139.94,0.25,5545,442,0.0797,0.4661
1163,2025-07-05,2025-07-01,weekend,theater,theater & comedy,The Understudy,2,Phoenix,true,Phoenix Playhouse,1894,false,,35,106,64,0.6038,140.07,22,0,9644.67,2096.67,0.25,923,57,0.0618,0.386
1164,2025-07-05,2025-07-01,weekend,baseball,sports,Charlotte Copperheads,3,Charlotte,false,Charlotte Ballpark,41486,false,0.5,286,984,589,0.5986,52.25,176,0,34622.38,7526.65,0.25,4897,405,0.0827,0.4346
1165,2025-07-05,2025-07-01,weekend,theater,theater & comedy,The Last Ferry,3,Charlotte,false,Charlotte Playhouse,1903,false,,46,129,96,0.7442,102.62,36,0,11810.25,2567.46,0.25,1149,74,0.0644,0.4865
1166,2025-07-05,2025-07-01,weekend,baseball,sports,Portland Rivermen,4,Portland,false,Portland Ballpark,42878,false,0.5,310,1107,692,0.6251,59.27,194,0,47019.94,10221.68,0.25,5630,457,0.0812,0.4245
1167,2025-07-05,2025-07-01,weekend,baseball,sports,Austin Armadillos,6,Austin,false,Austin Ballpark,42198,false,0.6,278,901,614,0.6815,50.0,180,0,37554.37,8163.93,0.25,5254,422,0.0803,0.4265
1168,2025-07-05,2025-07-01,weekend,concert,concerts,The Silver Ghosts,7,Columbus,true,Columbus Ballpark,39853,false,,723,2477,1827,0.7376,253.69,535,0,552194.81,120042.29,0.25,15254,1249,0.0819,0.4283
1169,2025-07-05,2025-07-01,weekend,concert,concerts,Nina Adler,7,Columbus,true,Columbus Arena,17956,false,,337,1136,826,0.7271,205.59,252,0,205096.22,44586.18,0.25,7176,563,0.0785,0.4476
1170,2025-07-06,2025-07-01,weekend,concert,concerts,The Desert Comets,1,Denver,false,Denver Arena,19434,false,,333,1186,791,0.6669,163.63,221,0,152534.99,33159.79,0.25,6016,483,0.0803,0.4576
1171,2025-07-06,2025-07-01,weekend,baseball,sports,Phoenix Scorpions,2,Phoenix,true,Phoenix Ballpark,40165,false,0.8,319,1079,682,0.6321,49.8,205,0,40707.9,8849.57,0.25,5924,470,0.0793,0.4362
1172,2025-07-06,2025-07-01,weekend,theater,theater & comedy,Starlight Express Line,3,Charlotte,false,Charlotte Playhouse,1903,false,,36,121,72,0.595,103.46,23,0,9580.21,2082.66,0.25,783,51,0.0651,0.451
1173,2025-07-06,2025-07-01,weekend,theater,theater & comedy,The Understudy,4,Portland,false,Portland Playhouse,2637,false,,45,146,113,0.774,97.84,33,0,12937.76,2812.54,0.25,914,69,0.0755,0.4783
1174,2025-07-07,2025-07-01,weeknight,baseball,sports,Phoenix Scorpions,2,Phoenix,true,Phoenix Ballpark,40165,false,0.8,245,813,531,0.6531,42.4,157,0,25750.82,5598.04,0.25,4374,348,0.0796,0.4511
1175,2025-07-07,2025-07-01,weeknight,concert,concerts,Luis Castillo,4,Portland,false,Portland Arena,19339,false,,239,770,529,0.687,138.82,157,0,88433.38,19224.63,0.25,4713,379,0.0804,0.4142
1176,2025-07-07,2025-07-01,weeknight,concert,concerts,The Wild Lanterns,8,Sacramento,false,Sacramento Arena,19109,false,,260,877,602,0.6864,113.04,172,0,82824.04,18005.19,0.25,4779,390,0.0816,0.441
1177,2025-07-08,2025-07-01,weeknight,concert,concerts,Theo Hale,6,Austin,false,Austin Arena,18625,false,,270,937,524,0.5592,115.21,155,0,71637.65,15573.41,0.25,4138,343,0.0829,0.4519
1178,2025-07-08,2025-07-01,weeknight,theater,theater & comedy,Starlight Express Line,7,Columbus,true,Columbus Playhouse,2819,false,,48,172,109,0.6337,88.06,28,0,11611.44,2524.24,0.25,871,63,0.0723,0.4444
1179,2025-07-09,2025-07-01,weeknight,theater,theater & comedy,The Clockmaker,3,Charlotte,false,Charlotte Playhouse,1903,false,,30,88,56,0.6364,119.02,19,0,6899.45,1499.87,0.25,635,33,0.052,0.5758
1180,2025-07-09,2025-07-01,weeknight,baseball,sports,Nashville Fiddlers,5,Nashville,true,Nashville Ballpark,41587,false,0.3,234,765,371,0.485,36.17,112,0,14442.29,3139.6,0.25,3055,252,0.0825,0.4444
1181,2025-07-09,2025-07-01,weeknight,concert,concerts,The Lucky Ghosts,5,Nashville,true,Nashville Arena,19465,false,,235,802,431,0.5374,93.2,119,0,48328.97,10506.27,0.25,3333,272,0.0816,0.4375
1182,2025-07-09,2025-07-01,weeknight,concert,concerts,Hana Whitaker,6,Austin,false,Austin Arena,18625,false,,236,821,495,0.6029,160.48,141,0,94239.58,20486.89,0.25,3960,322,0.0813,0.4379
1183,2025-07-10,2025-07-01,weeknight,concert,concerts,Jordan Park,1,Denver,false,Denver Arena,19434,false,,269,905,418,0.4619,131.77,134,0,62563.66,13600.79,0.25,3880,319,0.0822,0.4201
1184,2025-07-10,2025-07-01,weeknight,theater,theater & comedy,The Clockmaker,2,Phoenix,true,Phoenix Playhouse,1894,false,,28,119,83,0.6975,113.7,19,0,12966.94,2818.9,0.25,596,35,0.0587,0.5429
1185,2025-07-10,2025-07-01,weeknight,theater,theater & comedy,Harbor Lights,3,Charlotte,false,Charlotte Playhouse,1903,false,,40,121,81,0.6694,127.86,25,0,10865.02,2361.97,0.25,852,58,0.0681,0.431
1186,2025-07-10,2025-07-01,weeknight,baseball,sports,Portland Rivermen,4,Portland,false,Portland Ballpark,42878,false,0.5,321,1150,742,0.6452,56.19,199,0,52474.4,11407.46,0.25,5824,455,0.0781,0.4374
1187,2025-07-10,2025-07-01,weeknight,baseball,sports,Nashville Fiddlers,5,Nashville,true,Nashville Ballpark,41587,false,0.4,253,888,538,0.6059,41.85,148,0,28658.68,6230.13,0.25,4423,361,0.0816,0.41
1188,2025-07-11,2025-07-01,weekend,concert,concerts,Theo Adler,1,Denver,false,Denver Arena,19434,false,,444,1555,1166,0.7498,216.33,325,0,322520.15,70113.17,0.25,9599,769,0.0801,0.4226
1189,2025-07-11,2025-07-01,weekend,concert,concerts,Diego Lindqvist,2,Phoenix,true,Phoenix Arena,19646,false,,320,1094,791,0.723,202.14,232,0,195268.12,42449.64,0.25,6539,522,0.0798,0.4444
1190,2025-07-11,2025-07-01,weekend,comedy,theater & comedy,Marcus Brennan,2,Phoenix,true,Phoenix Playhouse,1894,false,,50,158,113,0.7152,98.15,36,0,12000.58,2608.81,0.25,1211,75,0.0619,0.48
1191,2025-07-11,2025-07-01,weekend,concert,concerts,The Glass Harbors,3,Charlotte,false,Charlotte Arena,18003,false,,236,732,404,0.5519,103.59,130,0,51436.6,11181.85,0.25,3473,287,0.0826,0.453
1192,2025-07-11,2025-07-01,weekend,baseball,sports,Portland Rivermen,4,Portland,false,Portland Ballpark,42878,false,0.5,277,956,667,0.6977,59.1,191,0,46899.8,10195.58,0.25,5394,428,0.0793,0.4463
1193,2025-07-11,2025-07-01,weekend,baseball,sports,Nashville Fiddlers,5,Nashville,true,Nashville Ballpark,41587,false,0.3,253,860,487,0.5663,42.18,144,0,22053.33,4794.2,0.25,3881,317,0.0817,0.4543
1194,2025-07-11,2025-07-01,weekend,concert,concerts,The Quiet Lanterns,5,Nashville,true,Nashville Arena,19465,false,,407,1434,1055,0.7357,221.42,301,0,277783.47,60387.75,0.25,8352,654,0.0783,0.4602
1195,2025-07-11,2025-07-01,weekend,concert,concerts,The Paper Rivers,6,Austin,false,Austin Ballpark,42198,false,,784,2725,2039,0.7483,225.43,579,0,559056.15,121534.02,0.25,16292,1333,0.0818,0.4344
1196,2025-07-12,2025-07-01,weekend,concert,concerts,The Electric Rivers,2,Phoenix,true,Phoenix Arena,19646,false,,296,1037,669,0.6451,148.33,190,0,122413.82,26611.74,0.25,5273,432,0.0819,0.4398
1197,2025-07-12,2025-07-01,weekend,comedy,theater & comedy,June Ibarra,3,Charlotte,false,Charlotte Playhouse,1903,false,,37,131,50,0.3817,42.37,19,0,2478.2,538.75,0.25,608,38,0.0625,0.5
1198,2025-07-12,2025-07-01,weekend,baseball,sports,Portland Rivermen,4,Portland,false,Portland Ballpark,42878,false,0.5,289,1035,723,0.6986,56.06,196,0,47733.89,10376.83,0.25,5599,451,0.0806,0.4346
1199,2025-07-12,2025-07-01,weekend,baseball,sports,Austin Armadillos,6,Austin,false,Austin Ballpark,42198,false,0.4,286,947,642,0.6779,54.52,193,0,42908.96,9328.04,0.25,5395,421,0.078,0.4584
1200,2025-07-12,2025-07-01,weekend,comedy,theater & comedy,Omar Sato,7,Columbus,true,Columbus Playhouse,2819,false,,66,223,151,0.6771,71.7,45,0,14709.52,3197.7,0.25,1362,89,0.0653,0.5056
1201,2025-07-12,2025-07-01,weekend,baseball,sports,Sacramento Gold Rush,8,Sacramento,false,Sacramento Ballpark,41907,false,0.7,384,1378,986,0.7155,57.55,263,0,66337.06,14421.06,0.25,7450,604,0.0811,0.4354
1202,2025-07-12,2025-07-01,weekend,comedy,theater & comedy,Rosa Adler,8,Sacramento,false,Sacramento Playhouse,2242,false,,39,125,66,0.528,30.01,18,0,2080.52,452.27,0.25,684,48,0.0702,0.375
1203,2025-07-13,2025-07-01,weekend,theater,theater & comedy,The Clockmaker,2,Phoenix,true,Phoenix Playhouse,1894,false,,21,87,48,0.5517,106.71,13,0,6325.6,1375.12,0.25,483,26,0.0538,0.5
1204,2025-07-13,2025-07-01,weekend,theater,theater & comedy,The Clockmaker,5,Nashville,true,Nashville Playhouse,2364,false,,43,146,74,0.5068,130.63,23,0,12614.37,2742.24,0.25,705,48,0.0681,0.4792
1205,2025-07-13,2025-07-01,weekend,baseball,sports,Austin Armadillos,6,Austin,false,Austin Ballpark,42198,false,0.4,272,929,589,0.634,49.15,170,0,36614.64,7959.7,0.25,4786,390,0.0815,0.4359
1206,2025-07-13,2025-07-01,weekend,baseball,sports,Sacramento Gold Rush,8,Sacramento,false,Sacramento Ballpark,41907,false,0.8,321,1096,709,0.6469,48.18,205,0,40217.4,8742.91,0.25,5950,484,0.0813,0.4236
1207,2025-07-14,2025-07-01,weeknight,concert,concerts,The Velvet Satellites,1,Denver,false,Denver Arena,19434,false,,217,760,427,0.5618,94.95,112,0,49816.64,10829.69,0.25,3187,262,0.0822,0.4275
1208,2025-07-14,2025-07-01,weeknight,theater,theater & comedy,Paper Moons,1,Denver,false,Denver Playhouse,2520,false,,49,196,104,0.5306,83.05,26,0,10751.22,2337.23,0.25,875,63,0.072,0.4127
1209,2025-07-14,2025-07-01,weeknight,baseball,sports,Phoenix Scorpions,2,Phoenix,true,Phoenix Ballpark,40165,false,0.9,254,888,541,0.6092,43.09,152,0,28263.66,6144.28,0.25,4335,343,0.0791,0.4431
1210,2025-07-14,2025-07-01,weeknight,comedy,theater & comedy,Luis Sato,3,Charlotte,false,Charlotte Playhouse,1903,false,,41,126,73,0.5794,88.62,24,0,6809.71,1480.37,0.25,943,57,0.0604,0.4211
1211,2025-07-14,2025-07-01,weeknight,theater,theater & comedy,A Winter Almanac,5,Nashville,true,Nashville Playhouse,2364,false,,46,159,100,0.6289,80.22,29,0,9032.27,1963.54,0.25,909,66,0.0726,0.4394
1212,2025-07-14,2025-07-01,weeknight,baseball,sports,Austin Armadillos,6,Austin,false,Austin Ballpark,42198,false,0.4,240,874,470,0.5378,42.87,135,0,22181.89,4822.16,0.25,3697,309,0.0836,0.4369
1213,2025-07-14,2025-07-01,weeknight,baseball,sports,Columbus Clippers FC,7,Columbus,true,Columbus Ballpark,39853,false,0.5,263,872,530,0.6078,48.78,153,0,29923.79,6505.12,0.25,4615,372,0.0806,0.4113
1214,2025-07-14,2025-07-01,weeknight,theater,theater & comedy,The Understudy,7,Columbus,true,Columbus Playhouse,2819,false,,53,194,119,0.6134,97.49,30,0,12311.51,2676.42,0.25,886,60,0.0677,0.5
1215,2025-07-15,2025-07-01,weeknight,baseball,sports,Denver Lumberjacks,1,Denver,false,Denver Ballpark,38446,false,0.4,220,717,404,0.5635,43.92,130,0,20566.66,4470.95,0.25,3563,286,0.0803,0.4545
1216,2025-07-15,2025-07-01,weeknight,baseball,sports,Phoenix Scorpions,2,Phoenix,true,Phoenix Ballpark,40165,false,0.9,230,773,356,0.4605,35.64,110,0,14143.44,3074.69,0.25,3396,265,0.078,0.4151
1217,2025-07-15,2025-07-01,weeknight,comedy,theater & comedy,Ravi Castillo,2,Phoenix,true,Phoenix Playhouse,1894,false,,35,111,75,0.6757,64.18,23,0,4904.97,1066.32,0.25,906,58,0.064,0.3966
1218,2025-07-15,2025-07-01,weeknight,baseball,sports,Charlotte Copperheads,3,Charlotte,false,Charlotte Ballpark,41486,false,0.8,248,845,497,0.5882,48.15,142,0,26568.49,5775.7,0.25,3971,314,0.0791,0.4522
1219,2025-07-15,2025-07-01,weeknight,theater,theater & comedy,Dust Bowl Ballads,4,Portland,false,Portland Playhouse,2637,false,,47,163,106,0.6503,109.58,33,0,13127.11,2853.73,0.25,1152,78,0.0677,0.4231
1220,2025-07-15,2025-07-01,weeknight,concert,concerts,The Glass Rivers,5,Nashville,true,Nashville Arena,19465,false,,196,647,301,0.4652,89.78,87,0,31966.4,6949.23,0.25,2333,190,0.0814,0.4579
1221,2025-07-15,2025-07-01,weeknight,comedy,theater & comedy,Hana Fontaine,7,Columbus,true,Columbus Playhouse,2819,false,,48,146,74,0.5068,64.25,27,0,5351.77,1163.4,0.25,840,59,0.0702,0.4576
1222,2025-07-15,2025-07-01,weeknight,theater,theater & comedy,The Last Ferry,8,Sacramento,false,Sacramento Playhouse,2242,false,,34,105,44,0.419,90.67,14,0,4640.26,1008.75,0.25,498,32,0.0643,0.4375
1223,2025-07-16,2025-07-01,weeknight,baseball,sports,Denver Lumberjacks,1,Denver,false,Denver Ballpark,38446,false,0.4,255,906,532,0.5872,46.79,151,0,31813.99,6916.09,0.25,4058,328,0.0808,0.4604
1224,2025-07-16,2025-07-01,weeknight,baseball,sports,Phoenix Scorpions,2,Phoenix,true,Phoenix Ballpark,40165,false,0.8,244,823,522,0.6343,42.61,151,0,25570.62,5558.86,0.25,4283,352,0.0822,0.429
1225,2025-07-16,2025-07-01,weeknight,theater,theater & comedy,The Last Ferry,2,Phoenix,true,Phoenix Playhouse,1894,false,,38,123,76,0.6179,114.61,25,0,8942.4,1943.97,0.25,840,61,0.0726,0.4098
1226,2025-07-16,2025-07-01,weeknight,baseball,sports,Charlotte Copperheads,3,Charlotte,false,Charlotte Ballpark,41486,false,0.8,268,941,522,0.5547,46.72,158,0,27837.56,6051.63,0.25,4267,350,0.082,0.4514
1227,2025-07-16,2025-07-01,weeknight,baseball,sports,Columbus Clippers FC,7,Columbus,true,Columbus Ballpark,39853,false,0.5,262,923,508,0.5504,46.1,142,0,26087.87,5671.31,0.25,4128,333,0.0807,0.4264
1228,2025-07-16,2025-07-01,weeknight,concert,concerts,Kofi Okafor,8,Sacramento,false,Sacramento Arena,19109,false,,228,784,382,0.4872,88.04,118,0,38409.72,8349.98,0.25,3160,262,0.0829,0.4504
1229,2025-07-16,2025-07-01,weeknight,theater,theater & comedy,The Understudy,8,Sacramento,false,Sacramento Playhouse,2242,false,,33,130,69,0.5308,103.6,19,0,7118.74,1547.54,0.25,569,39,0.0685,0.4872
1230,2025-07-17,2025-07-01,weeknight,baseball,sports,Denver Lumberjacks,1,Denver,false,Denver Ballpark,38446,false,0.4,241,809,527,0.6514,44.54,161,0,29289.16,6367.26,0.25,4630,374,0.0808,0.4305
1231,2025-07-17,2025-07-01,weeknight,baseball,sports,Charlotte Copperheads,3,Charlotte,false,Charlotte Ballpark,41486,false,0.9,243,834,456,0.5468,45.56,135,0,24462.55,5317.9,0.25,3983,322,0.0808,0.4193
1232,2025-07-17,2025-07-01,weeknight,baseball,sports,Portland Rivermen,4,Portland,false,Portland Ballpark,42878,false,0.7,346,1156,788,0.6817,62.68,242,0,57952.12,12598.27,0.25,6783,529,0.078,0.4575
1233,2025-07-18,2025-07-01,weekend,baseball,sports,Denver Lumberjacks,1,Denver,false,Denver Ballpark,38446,false,0.3,236,836,513,0.6136,50.19,145,0,30622.23,6656.98,0.25,4115,328,0.0797,0.4421
1234,2025-07-18,2025-07-01,weekend,baseball,sports,Charlotte Copperheads,3,Charlotte,false,Charlotte Ballpark,41486,false,0.9,327,1129,756,0.6696,51.83,218,0,48010.94,10437.11,0.25,5993,479,0.0799,0.4551
1235,2025-07-18,2025-07-01,weekend,comedy,theater & comedy,Jordan Kowalski,7,Columbus,true,Columbus Playhouse,2819,false,,34,120,61,0.5083,37.74,17,0,2631.49,572.05,0.25,656,43,0.0655,0.3953
1236,2025-07-18,2025-07-01,weekend,baseball,sports,Sacramento Gold Rush,8,Sacramento,false,Sacramento Ballpark,41907,false,0.5,251,813,511,0.6285,45.66,155,0,26107.14,5675.5,0.25,4516,365,0.0808,0.4247
1237,2025-07-18,2025-07-01,weekend,theater,theater & comedy,Paper Moons,8,Sacramento,false,Sacramento Playhouse,2242,false,,42,134,108,0.806,108.66,33,0,15854.24,3446.58,0.25,1190,82,0.0689,0.4024
1238,2025-07-19,2025-07-01,weekend,baseball,sports,Denver Lumberjacks,1,Denver,false,Denver Ballpark,38446,false,0.3,240,864,563,0.6516,49.73,152,0,35194.2,7650.88,0.25,4236,333,0.0786,0.4565
1239,2025-07-19,2025-07-01,weekend,theater,theater & comedy,The Lighthouse Keeper,2,Phoenix,true,Phoenix Playhouse,1894,false,,39,144,92,0.6389,146.88,25,0,15827.7,3440.8,0.25,934,56,0.06,0.4464
1240,2025-07-19,2025-07-01,weekend,baseball,sports,Charlotte Copperheads,3,Charlotte,false,Charlotte Ballpark,41486,false,0.9,330,1183,791,0.6686,57.88,223,0,50971.1,11080.65,0.25,6246,494,0.0791,0.4514
1241,2025-07-19,2025-07-01,weekend,baseball,sports,Portland Rivermen,4,Portland,false,Portland Ballpark,42878,false,0.8,402,1372,1022,0.7449,66.82,289,0,82152.17,17859.13,0.25,8556,687,0.0803,0.4207
1242,2025-07-19,2025-07-01,weekend,theater,theater & comedy,Glass Menagerie Revue,4,Portland,false,Portland Playhouse,2637,false,,46,156,104,0.6667,152.44,31,0,15715.94,3416.5,0.25,1132,75,0.0663,0.4133
1243,2025-07-19,2025-07-01,weekend,concert,concerts,The Lucky Gardens,6,Austin,false,Austin Arena,18625,false,,241,809,499,0.6168,92.55,142,0,56809.03,12349.82,0.25,4018,320,0.0796,0.4438
1244,2025-07-19,2025-07-01,weekend,theater,theater & comedy,The Lighthouse Keeper,7,Columbus,true,Columbus Playhouse,2819,false,,66,231,156,0.6753,102.03,45,0,19185.88,4170.86,0.25,1355,89,0.0657,0.5056
1245,2025-07-19,2025-07-01,weekend,baseball,sports,Sacramento Gold Rush,8,Sacramento,false,Sacramento Ballpark,41907,false,0.4,267,881,621,0.7049,47.16,184,0,34867.72,7579.95,0.25,5112,408,0.0798,0.451
1246,2025-07-19,2025-07-01,weekend,concert,concerts,Omar Nguyen,8,Sacramento,false,Sacramento Arena,19109,false,,214,756,273,0.3611,62.87,85,0,18852.72,4098.43,0.25,2444,201,0.0822,0.4229
1247,2025-07-20,2025-07-01,weekend,baseball,sports,Denver Lumberjacks,1,Denver,false,Denver Ballpark,38446,false,0.4,241,849,508,0.5984,50.09,144,0,29927.25,6505.91,0.25,3993,320,0.0801,0.45
1248,2025-07-20,2025-07-01,weekend,baseball,sports,Phoenix Scorpions,2,Phoenix,true,Phoenix Ballpark,40165,false,0.6,263,933,619,0.6635,43.05,180,0,31537.82,6856.05,0.25,4956,401,0.0809,0.4489
1249,2025-07-20,2025-07-01,weekend,baseball,sports,Charlotte Copperheads,3,Charlotte,false,Charlotte Ballpark,41486,false,0.9,329,1183,755,0.6382,54.6,215,0,47706.54,10370.99,0.25,5885,476,0.0809,0.4517
1250,2025-07-20,2025-07-01,weekend,theater,theater & comedy,Northbound,3,Charlotte,false,Charlotte Playhouse,1903,false,,32,102,64,0.6275,120.88,19,0,9565.59,2079.47,0.25,754,42,0.0557,0.4524
1251,2025-07-20,2025-07-01,weekend,baseball,sports,Austin Armadillos,6,Austin,false,Austin Ballpark,42198,false,0.2,293,1008,559,0.5546,51.02,152,0,31054.65,6751.0,0.25,4121,333,0.0808,0.4565
1252,2025-07-20,2025-07-01,weekend,comedy,theater & comedy,Dana Moreno,7,Columbus,true,Columbus Playhouse,2819,false,,51,154,70,0.4545,44.6,23,0,3000.22,652.22,0.25,766,53,0.0692,0.434
1253,2025-07-20,2025-07-01,weekend,baseball,sports,Sacramento Gold Rush,8,Sacramento,false,Sacramento Ballpark,41907,false,0.4,264,832,553,0.6647,44.19,173,0,29833.61,6485.54,0.25,4957,398,0.0803,0.4347
1254,2025-07-21,2025-07-01,weeknight,concert,concerts,The Crimson Machines,1,Denver,false,Denver Arena,19434,false,,258,895,500,0.5587,111.98,149,0,64237.01,13964.58,0.25,4118,340,0.0826,0.4382
1255,2025-07-21,2025-07-01,weeknight,baseball,sports,Phoenix Scorpions,2,Phoenix,true,Phoenix Ballpark,40165,false,0.5,246,880,566,0.6432,37.39,149,0,24713.32,5372.46,0.25,4123,331,0.0803,0.4502
1256,2025-07-21,2025-07-01,weeknight,baseball,sports,Charlotte Copperheads,3,Charlotte,false,Charlotte Ballpark,41486,false,0.9,281,943,575,0.6098,51.47,169,0,36129.66,7854.27,0.25,4896,390,0.0797,0.4333
1257,2025-07-21,2025-07-01,weeknight,concert,concerts,The Hollow Comets,3,Charlotte,false,Charlotte Arena,18003,false,,217,776,384,0.4948,102.87,106,0,46809.3,10175.91,0.25,2793,230,0.0823,0.4609
1258,2025-07-21,2025-07-01,weeknight,comedy,theater & comedy,Sam Okafor,3,Charlotte,false,Charlotte Playhouse,1903,true,,47,166,95,0.5723,103.37,27,0,0.0,0.0,,814,51,0.0627,0.5294
1259,2025-07-21,2025-07-01,weeknight,baseball,sports,Nashville Fiddlers,5,Nashville,true,Nashville Ballpark,41587,false,0.4,222,784,356,0.4541,35.73,98,0,14574.33,3168.3,0.25,2902,233,0.0803,0.4206
1260,2025-07-21,2025-07-01,weeknight,baseball,sports,Austin Armadillos,6,Austin,false,Austin Ballpark,42198,false,0.1,195,685,307,0.4482,36.47,91,0,14086.23,3062.24,0.25,2807,228,0.0812,0.3991
1261,2025-07-21,2025-07-01,weeknight,theater,theater & comedy,Harbor Lights,6,Austin,false,Austin Playhouse,2350,false,,57,208,144,0.6923,116.36,37,0,19959.15,4338.97,0.25,1138,82,0.0721,0.4512
1262,2025-07-21,2025-07-01,weeknight,concert,concerts,Theo Castillo,7,Columbus,true,Columbus Arena,17956,false,,190,699,258,0.3691,70.1,69,0,22195.0,4825.03,0.25,1796,149,0.083,0.4631
1263,2025-07-21,2025-07-01,weeknight,baseball,sports,Sacramento Gold Rush,8,Sacramento,false,Sacramento Ballpark,41907,false,0.4,244,853,448,0.5252,40.61,129,0,20613.26,4481.2,0.25,3865,312,0.0807,0.4135
1264,2025-07-22,2025-07-01,weeknight,baseball,sports,Phoenix Scorpions,2,Phoenix,true,Phoenix Ballpark,40165,false,0.5,226,822,372,0.4526,33.36,105,0,13884.32,3018.34,0.25,2799,228,0.0815,0.4605
1265,2025-07-22,2025-07-01,weeknight,concert,concerts,The Glass Lanterns,4,Portland,false,Portland Arena,19339,false,,266,896,564,0.6295,133.68,162,0,92037.81,20008.24,0.25,4576,381,0.0833,0.4252
1266,2025-07-22,2025-07-01,weeknight,baseball,sports,Nashville Fiddlers,5,Nashville,true,Nashville Ballpark,41587,false,0.4,214,731,356,0.487,36.62,104,0,14106.11,3066.57,0.25,2758,220,0.0798,0.4727
1267,2025-07-22,2025-07-01,weeknight,baseball,sports,Austin Armadillos,6,Austin,false,Austin Ballpark,42198,false,0.0,228,719,354,0.4924,35.8,109,0,14186.49,3084.02,0.25,3195,267,0.0836,0.4082
1268,2025-07-22,2025-07-01,weeknight,comedy,theater & comedy,Aisha Lindqvist,6,Austin,false,Austin Playhouse,2350,false,,38,125,59,0.472,48.49,16,0,3498.24,760.49,0.25,542,39,0.072,0.4103
1269,2025-07-23,2025-07-01,weeknight,comedy,theater & comedy,Omar Sato,2,Phoenix,true,Phoenix Playhouse,1894,false,,37,133,102,0.7669,56.29,26,0,6613.17,1437.66,0.25,768,55,0.0716,0.4727
1270,2025-07-24,2025-07-01,weeknight,comedy,theater & comedy,Marcus Mensah,1,Denver,false,Denver Playhouse,2520,false,,34,131,72,0.5496,38.56,20,0,3639.06,791.11,0.25,638,45,0.0705,0.4444
1271,2025-07-24,2025-07-01,weeknight,comedy,theater & comedy,Dana Reyes,2,Phoenix,true,Phoenix Playhouse,1894,false,,31,78,51,0.6538,70.76,20,0,3552.47,772.28,0.25,850,55,0.0647,0.3636
1272,2025-07-24,2025-07-01,weeknight,concert,concerts,The Lunar Echoes,4,Portland,false,Portland Arena,19339,false,,273,909,511,0.5622,151.8,158,0,93867.93,20406.01,0.25,4474,353,0.0789,0.4476
1273,2025-07-25,2025-07-01,weekend,concert,concerts,The Wild Satellites,1,Denver,false,Denver Arena,19434,false,,314,1098,628,0.5719,128.47,187,0,95651.8,20793.91,0.25,5128,412,0.0803,0.4539
1274,2025-07-25,2025-07-01,weekend,concert,concerts,The Velvet Echoes,4,Portland,false,Portland Arena,19339,false,,294,933,587,0.6292,143.66,183,0,98772.65,21472.26,0.25,5053,418,0.0827,0.4378
1275,2025-07-25,2025-07-01,weekend,concert,concerts,The Paper Lanterns,6,Austin,false,Austin Arena,18625,false,,226,828,479,0.5785,102.81,127,0,58872.67,12798.43,0.25,3548,286,0.0806,0.4441
1276,2025-07-25,2025-07-01,weekend,baseball,sports,Columbus Clippers FC,7,Columbus,true,Columbus Ballpark,39853,false,0.5,262,922,579,0.628,49.88,164,0,35474.32,7711.82,0.25,4719,372,0.0788,0.4409
1277,2025-07-25,2025-07-01,weekend,theater,theater & comedy,Northbound,7,Columbus,true,Columbus Playhouse,2819,false,,66,214,138,0.6449,185.29,44,0,28959.38,6295.53,0.25,1584,98,0.0619,0.449
1278,2025-07-25,2025-07-01,weekend,theater,theater & comedy,Northbound,8,Sacramento,false,Sacramento Playhouse,2242,false,,38,126,72,0.5714,164.53,21,0,11948.89,2597.59,0.25,734,37,0.0504,0.5676
1279,2025-07-26,2025-07-01,weekend,baseball,sports,Denver Lumberjacks,1,Denver,false,Denver Ballpark,38446,false,0.5,311,1129,771,0.6829,59.19,218,0,58857.75,12795.21,0.25,5962,476,0.0798,0.458
1280,2025-07-26,2025-07-01,weekend,concert,concerts,Kofi Ibarra,1,Denver,false,Denver Stadium,67072,false,,1342,4692,3382,0.7208,231.41,979,0,953800.23,207347.99,0.25,26996,2228,0.0825,0.4394
1281,2025-07-26,2025-07-01,weekend,baseball,sports,Phoenix Scorpions,2,Phoenix,true,Phoenix Ballpark,40165,false,0.5,248,886,580,0.6546,46.45,165,0,30863.29,6709.43,0.25,4822,387,0.0803,0.4264
1282,2025-07-26,2025-07-01,weekend,concert,concerts,Diego Whitaker,2,Phoenix,true,Phoenix Arena,19646,false,,353,1236,849,0.6869,162.97,242,0,167169.62,36341.28,0.25,7082,565,0.0798,0.4283
1283,2025-07-26,2025-07-01,weekend,theater,theater & comedy,Copper & Coal,2,Phoenix,true,Phoenix Playhouse,1894,false,,38,135,91,0.6741,102.32,25,0,11349.42,2467.27,0.25,855,55,0.0643,0.4545
1284,2025-07-26,2025-07-01,weekend,concert,concerts,The Silver Parade,3,Charlotte,false,Charlotte Arena,18003,false,,368,1269,963,0.7589,265.99,279,0,316496.15,68803.55,0.25,7967,633,0.0795,0.4408
1285,2025-07-26,2025-07-01,weekend,theater,theater & comedy,Copper & Coal,3,Charlotte,false,Charlotte Playhouse,1903,false,,23,68,45,0.6618,81.31,13,0,4379.25,952.0,0.25,523,29,0.0554,0.4483
1286,2025-07-26,2025-07-01,weekend,concert,concerts,Kofi Ibarra,5,Nashville,true,Nashville Ballpark,41587,false,,930,3245,2527,0.7787,258.15,723,0,789732.18,171680.85,0.25,19491,1592,0.0817,0.4541
1287,2025-07-26,2025-07-01,weekend,concert,concerts,Luis Ibarra,5,Nashville,true,Nashville Arena,19465,false,,333,1162,820,0.7057,183.12,225,0,185992.34,40433.12,0.25,6419,515,0.0802,0.4369
1288,2025-07-26,2025-07-01,weekend,concert,concerts,The Glass Pilots,6,Austin,false,Austin Arena,18625,false,,269,903,585,0.6478,126.88,175,0,87666.11,19057.84,0.25,5255,415,0.079,0.4217
1289,2025-07-26,2025-07-01,weekend,baseball,sports,Columbus Clippers FC,7,Columbus,true,Columbus Ballpark,39853,false,0.5,281,925,619,0.6692,51.88,193,0,38423.42,8352.9,0.25,5375,426,0.0793,0.4531
1290,2025-07-26,2025-07-01,weekend,concert,concerts,The Velvet Pilots,7,Columbus,true,Columbus Arena,17956,false,,248,910,550,0.6044,89.48,146,0,59421.76,12917.77,0.25,3859,316,0.0819,0.462
1291,2025-07-27,2025-07-01,weekend,baseball,sports,Denver Lumberjacks,1,Denver,false,Denver Ballpark,38446,false,0.6,271,916,558,0.6092,50.45,161,0,33087.64,7192.97,0.25,4496,363,0.0807,0.4435
1292,2025-07-27,2025-07-01,weekend,baseball,sports,Phoenix Scorpions,2,Phoenix,true,Phoenix Ballpark,40165,false,0.5,254,858,465,0.542,39.57,140,0,22571.89,4906.92,0.25,3860,326,0.0845,0.4294
1293,2025-07-27,2025-07-01,weekend,concert,concerts,Omar Castillo,3,Charlotte,false,Charlotte Arena,18003,false,,334,1147,817,0.7123,312.04,247,0,326072.8,70885.33,0.25,6946,537,0.0773,0.46
1294,2025-07-27,2025-07-01,weekend,baseball,sports,Portland Rivermen,4,Portland,false,Portland Ballpark,42878,false,0.8,354,1194,839,0.7027,66.36,247,0,64746.15,14075.25,0.25,7171,575,0.0802,0.4296
1295,2025-07-27,2025-07-01,weekend,baseball,sports,Columbus Clippers FC,7,Columbus,true,Columbus Ballpark,39853,false,0.5,265,936,624,0.6667,52.64,185,0,39266.85,8536.25,0.25,5550,443,0.0798,0.4176
1296,2025-07-27,2025-07-01,weekend,baseball,sports,Sacramento Gold Rush,8,Sacramento,false,Sacramento Ballpark,41907,false,0.4,264,923,541,0.5861,40.27,154,0,28320.44,6156.6,0.25,4372,363,0.083,0.4242
1297,2025-07-27,2025-07-01,weekend,comedy,theater & comedy,Luis Mensah,8,Sacramento,false,Sacramento Playhouse,2242,false,,50,172,100,0.5814,61.53,29,0,7373.13,1602.84,0.25,1010,69,0.0683,0.4203
1298,2025-07-28,2025-07-01,weeknight,baseball,sports,Denver Lumberjacks,1,Denver,false,Denver Ballpark,38446,false,0.6,248,878,476,0.5421,44.04,138,0,24775.54,5385.97,0.25,3436,289,0.0841,0.4775
1299,2025-07-28,2025-07-01,weeknight,theater,theater & comedy,Starlight Express Line,1,Denver,false,Denver Playhouse,2520,false,,34,116,60,0.5172,103.69,18,0,8046.86,1749.33,0.25,648,38,0.0586,0.4737
1300,2025-07-28,2025-07-01,weeknight,baseball,sports,Phoenix Scorpions,2,Phoenix,true,Phoenix Ballpark,40165,false,0.6,235,797,343,0.4304,37.42,102,0,14682.76,3191.88,0.25,3055,241,0.0789,0.4232
1301,2025-07-28,2025-07-01,weeknight,baseball,sports,Portland Rivermen,4,Portland,false,Portland Ballpark,42878,false,0.8,310,1041,736,0.707,62.35,214,0,56689.17,12323.72,0.25,5949,474,0.0797,0.4515
1302,2025-07-28,2025-07-01,weeknight,baseball,sports,Nashville Fiddlers,5,Nashville,true,Nashville Ballpark,41587,false,0.4,223,776,424,0.5464,39.3,114,0,18739.78,4073.87,0.25,3096,250,0.0807,0.456
1303,2025-07-28,2025-07-01,weeknight,baseball,sports,Sacramento Gold Rush,8,Sacramento,false,Sacramento Ballpark,41907,false,0.5,241,809,437,0.5402,42.25,131,0,20307.62,4414.68,0.25,3625,297,0.0819,0.4411
1304,2025-07-28,2025-07-01,weeknight,comedy,theater & comedy,Sam Ibarra,8,Sacramento,false,Sacramento Playhouse,2242,false,,41,138,78,0.5652,42.64,24,0,3951.49,859.02,0.25,765,57,0.0745,0.4211
1305,2025-07-29,2025-07-01,weeknight,concert,concerts,June Castillo,1,Denver,false,Denver Arena,19434,false,,270,974,651,0.6684,159.56,179,0,130740.56,28421.9,0.25,4888,396,0.081,0.452
1306,2025-07-29,2025-07-01,weeknight,baseball,sports,Phoenix Scorpions,2,Phoenix,true,Phoenix Ballpark,40165,false,0.5,209,688,307,0.4462,32.88,95,0,11164.72,2427.08,0.25,2685,223,0.0831,0.426
1307,2025-07-29,2025-07-01,weeknight,baseball,sports,Charlotte Copperheads,3,Charlotte,false,Charlotte Ballpark,41486,false,0.9,233,781,497,0.6364,41.81,143,0,24105.45,5240.36,0.25,4036,333,0.0825,0.4294
1308,2025-07-29,2025-07-01,weeknight,baseball,sports,Portland Rivermen,4,Portland,false,Portland Ballpark,42878,false,0.7,337,1195,802,0.6711,55.85,228,0,56392.92,12259.29,0.25,6881,549,0.0798,0.4153
1309,2025-07-29,2025-07-01,weeknight,comedy,theater & comedy,Elena Castillo,4,Portland,false,Portland Playhouse,2637,false,,56,222,131,0.5901,65.25,30,0,8936.43,1942.72,0.25,1222,85,0.0696,0.3529
1310,2025-07-29,2025-07-01,weeknight,baseball,sports,Nashville Fiddlers,5,Nashville,true,Nashville Ballpark,41587,false,0.4,187,659,276,0.4188,32.21,85,0,11111.76,2415.59,0.25,2516,205,0.0815,0.4146
1311,2025-07-29,2025-07-01,weeknight,baseball,sports,Sacramento Gold Rush,8,Sacramento,false,Sacramento Ballpark,41907,false,0.6,251,884,502,0.5679,41.31,142,0,24756.15,5381.75,0.25,3724,309,0.083,0.4595
1312,2025-07-30,2025-07-01,weeknight,comedy,theater & comedy,Ravi Lindqvist,1,Denver,false,Denver Playhouse,2520,false,,51,176,84,0.4773,55.7,25,0,4756.42,1034.01,0.25,865,64,0.074,0.3906
1313,2025-07-30,2025-07-01,weeknight,baseball,sports,Phoenix Scorpions,2,Phoenix,true,Phoenix Ballpark,40165,false,0.6,231,802,451,0.5623,38.07,121,0,18342.08,3987.43,0.25,3314,271,0.0818,0.4465
1314,2025-07-30,2025-07-01,weeknight,baseball,sports,Charlotte Copperheads,3,Charlotte,false,Charlotte Ballpark,41486,false,0.8,268,915,523,0.5716,44.8,156,0,27333.96,5942.2,0.25,4241,338,0.0797,0.4615
1315,2025-07-30,2025-07-01,weeknight,baseball,sports,Nashville Fiddlers,5,Nashville,true,Nashville Ballpark,41587,false,0.4,254,928,534,0.5754,37.94,144,0,24484.81,5322.74,0.25,4039,334,0.0827,0.4311
1316,2025-07-30,2025-07-01,weeknight,concert,concerts,The Hollow Rivers,8,Sacramento,false,Sacramento Arena,19109,false,,247,892,504,0.565,172.32,147,0,101662.18,22100.4,0.25,3948,317,0.0803,0.4637
1317,2025-07-31,2025-07-01,weeknight,baseball,sports,Phoenix Scorpions,2,Phoenix,true,Phoenix Ballpark,40165,false,0.7,247,854,483,0.5656,39.13,143,0,22302.98,4848.5,0.25,4151,336,0.0809,0.4256
1318,2025-07-31,2025-07-01,weeknight,baseball,sports,Charlotte Copperheads,3,Charlotte,false,Charlotte Ballpark,41486,false,0.7,271,886,565,0.6377,47.67,169,0,32573.21,7081.16,0.25,4435,360,0.0812,0.4694
1319,2025-07-31,2025-07-01,weeknight,concert,concerts,The Paper Rivers,4,Portland,false,Portland Arena,19339,false,,351,1190,861,0.7235,221.0,256,0,225274.67,48972.7,0.25,7752,619,0.0799,0.4136
1320,2025-07-31,2025-07-01,weeknight,theater,theater & comedy,The Understudy,4,Portland,false,Portland Playhouse,2637,false,,42,132,59,0.447,79.03,17,0,6089.92,1323.9,0.25,688,45,0.0654,0.3778
1321,2025-07-31,2025-07-01,weeknight,baseball,sports,Nashville Fiddlers,5,Nashville,true,Nashville Ballpark,41587,false,0.5,222,792,440,0.5556,43.11,129,0,20878.55,4538.79,0.25,3734,305,0.0817,0.423
1322,2025-07-31,2025-07-01,weeknight,baseball,sports,Austin Armadillos,6,Austin,false,Austin Ballpark,42198,false,0.3,273,953,547,0.574,47.75,160,0,30839.91,6704.33,0.25,4581,360,0.0786,0.4444
1323,2025-07-31,2025-07-01,weeknight,comedy,theater & comedy,Sam Ibarra,7,Columbus,true,Columbus Playhouse,2819,false,,66,241,114,0.473,41.05,32,0,5643.39,1226.82,0.25,969,76,0.0784,0.4211
1324,2025-08-01,2025-08-01,weekend,concert,concerts,The Paper Rivers,1,Denver,false,Denver Ballpark,38446,false,,723,2479,1799,0.7257,230.89,518,0,502929.17,109332.31,0.25,14917,1218,0.0817,0.4253
1325,2025-08-01,2025-08-01,weekend,concert,concerts,The Quiet Gardens,1,Denver,false,Denver Stadium,67072,false,,1283,4407,3171,0.7195,204.55,926,0,788602.85,171435.33,0.25,24935,2083,0.0835,0.4446
1326,2025-08-01,2025-08-01,weekend,baseball,sports,Phoenix Scorpions,2,Phoenix,true,Phoenix Ballpark,40165,false,0.7,251,875,555,0.6343,42.39,160,45,26440.15,5981.37,0.2631,4550,372,0.0818,0.4301
1327,2025-08-01,2025-08-01,weekend,theater,theater & comedy,Dust Bowl Ballads,2,Phoenix,true,Phoenix Playhouse,1894,false,,40,123,86,0.6992,133.16,27,8,13254.18,3064.5,0.2707,990,64,0.0646,0.4219
1328,2025-08-01,2025-08-01,weekend,theater,theater & comedy,Glass Menagerie Revue,5,Nashville,true,Nashville Playhouse,2364,false,,43,127,73,0.5748,118.29,26,4,9135.93,2057.9,0.2617,960,59,0.0615,0.4407
1329,2025-08-01,2025-08-01,weekend,baseball,sports,Austin Armadillos,6,Austin,false,Austin Ballpark,42198,false,0.4,306,1083,732,0.6759,50.1,204,0,44253.81,9620.42,0.25,6121,499,0.0815,0.4088
1330,2025-08-01,2025-08-01,weekend,theater,theater & comedy,Harbor Lights,6,Austin,false,Austin Playhouse,2350,false,,40,139,61,0.4388,110.49,18,0,6896.02,1499.15,0.25,738,42,0.0569,0.4286
1331,2025-08-01,2025-08-01,weekend,theater,theater & comedy,Copper & Coal,7,Columbus,true,Columbus Playhouse,2819,false,,59,221,126,0.5701,101.32,35,10,14769.35,3320.44,0.261,998,70,0.0701,0.5
1332,2025-08-01,2025-08-01,weekend,comedy,theater & comedy,Hana Fontaine,8,Sacramento,false,Sacramento Playhouse,2242,false,,52,183,123,0.6721,72.49,35,0,10932.62,2376.64,0.25,1034,65,0.0629,0.5385
1333,2025-08-02,2025-08-01,weekend,theater,theater & comedy,Starlight Express Line,2,Phoenix,true,Phoenix Playhouse,1894,false,,42,179,152,0.8492,111.41,33,15,26203.38,6222.1,0.2803,1359,90,0.0662,0.3667
1334,2025-08-02,2025-08-01,weekend,concert,concerts,The Paper Rivers,3,Charlotte,false,Charlotte Ballpark,41486,false,,830,2842,2036,0.7164,228.4,606,0,569816.89,123873.28,0.25,17163,1409,0.0821,0.4301
1335,2025-08-02,2025-08-01,weekend,concert,concerts,Omar Reyes,4,Portland,false,Portland Ballpark,42878,false,,1073,3689,2957,0.8016,275.21,864,0,1017012.7,221089.69,0.25,24577,2009,0.0817,0.4301
1336,2025-08-02,2025-08-01,weekend,concert,concerts,Priya Brennan,5,Nashville,true,Nashville Stadium,64896,false,,1259,4337,3212,0.7406,230.71,945,360,908291.75,208254.37,0.2677,26278,2176,0.0828,0.4343
1337,2025-08-02,2025-08-01,weekend,baseball,sports,Austin Armadillos,6,Austin,false,Austin Ballpark,42198,false,0.5,306,1064,721,0.6776,55.65,210,0,46095.93,10020.84,0.25,5590,452,0.0809,0.4646
1338,2025-08-02,2025-08-01,weekend,concert,concerts,Diego Lindqvist,8,Sacramento,false,Sacramento Ballpark,41907,false,,981,3418,2661,0.7785,250.44,751,0,826478.86,179669.25,0.25,21168,1739,0.0822,0.4319
1339,2025-08-03,2025-08-01,weekend,comedy,theater & comedy,Jordan Hale,1,Denver,false,Denver Playhouse,2520,false,,48,150,95,0.6333,50.94,31,0,6108.46,1327.93,0.25,1079,75,0.0695,0.4133
1340,2025-08-03,2025-08-01,weekend,theater,theater & comedy,Dust Bowl Ballads,3,Charlotte,false,Charlotte Playhouse,1903,false,,34,106,77,0.7264,129.9,26,0,13294.64,2890.14,0.25,909,60,0.066,0.4333
1341,2025-08-04,2025-08-01,weeknight,baseball,sports,Denver Lumberjacks,1,Denver,false,Denver Ballpark,38446,false,0.6,210,763,369,0.4836,40.1,105,0,17324.14,3766.16,0.25,2953,243,0.0823,0.4321
1342,2025-08-04,2025-08-01,weeknight,baseball,sports,Nashville Fiddlers,5,Nashville,true,Nashville Ballpark,41587,false,0.6,209,789,408,0.5171,40.32,106,65,19213.86,4535.31,0.2781,3545,285,0.0804,0.3719
1343,2025-08-04,2025-08-01,weeknight,comedy,theater & comedy,Jordan Hale,5,Nashville,true,Nashville Playhouse,2364,false,,41,123,56,0.4553,42.1,21,7,2947.28,664.34,0.2619,746,52,0.0697,0.4038
1344,2025-08-04,2025-08-01,weeknight,comedy,theater & comedy,Marcus Whitaker,7,Columbus,true,Columbus Playhouse,2819,false,,51,183,90,0.4918,57.89,25,18,6462.25,1549.97,0.284,873,64,0.0733,0.3906
1345,2025-08-04,2025-08-01,weeknight,baseball,sports,Sacramento Gold Rush,8,Sacramento,false,Sacramento Ballpark,41907,false,0.8,289,1005,696,0.6925,44.01,197,0,37289.97,8106.52,0.25,5418,432,0.0797,0.456
1346,2025-08-05,2025-08-01,weeknight,baseball,sports,Denver Lumberjacks,1,Denver,false,Denver Ballpark,38446,false,0.6,259,910,546,0.6,50.09,162,0,30859.68,6708.6,0.25,4718,386,0.0818,0.4197
1347,2025-08-05,2025-08-01,weeknight,theater,theater & comedy,A Winter Almanac,2,Phoenix,true,Phoenix Playhouse,1894,false,,31,96,41,0.4271,83.74,14,7,3262.2,760.85,0.2738,461,33,0.0716,0.4242
1348,2025-08-05,2025-08-01,weeknight,baseball,sports,Nashville Fiddlers,5,Nashville,true,Nashville Ballpark,41587,false,0.5,226,787,341,0.4333,36.0,100,54,13585.47,3184.0,0.2755,3288,270,0.0821,0.3704
1349,2025-08-05,2025-08-01,weeknight,concert,concerts,Kofi Okafor,5,Nashville,true,Nashville Arena,19465,false,,227,773,343,0.4437,80.34,100,53,31557.76,7497.57,0.2805,3049,256,0.084,0.3906
1350,2025-08-05,2025-08-01,weeknight,baseball,sports,Columbus Clippers FC,7,Columbus,true,Columbus Ballpark,39853,false,0.5,283,935,529,0.5658,53.36,165,101,33304.16,7933.01,0.2814,5172,416,0.0804,0.3966
1351,2025-08-06,2025-08-01,weeknight,concert,concerts,Diego Lindqvist,1,Denver,false,Denver Arena,19434,false,,284,914,610,0.6674,196.13,186,0,144616.82,31438.44,0.25,5165,410,0.0794,0.4537
1352,2025-08-06,2025-08-01,weeknight,baseball,sports,Nashville Fiddlers,5,Nashville,true,Nashville Ballpark,41587,false,0.5,262,962,474,0.4927,39.37,132,80,21971.53,5212.55,0.2799,4149,342,0.0824,0.386
1353,2025-08-06,2025-08-01,weeknight,comedy,theater & comedy,Omar Okafor,5,Nashville,true,Nashville Playhouse,2364,false,,43,155,62,0.4,39.28,14,7,3232.02,773.44,0.2831,512,38,0.0742,0.3684
1354,2025-08-06,2025-08-01,weeknight,comedy,theater & comedy,Marcus Fontaine,6,Austin,false,Austin Playhouse,2350,false,,47,178,88,0.4944,60.16,29,0,6120.12,1330.44,0.25,1058,78,0.0737,0.3718
1355,2025-08-06,2025-08-01,weeknight,baseball,sports,Columbus Clippers FC,7,Columbus,true,Columbus Ballpark,39853,false,0.5,216,766,395,0.5157,46.19,117,71,21669.97,5128.98,0.2791,3653,290,0.0794,0.4034
1356,2025-08-06,2025-08-01,weeknight,concert,concerts,Theo Hale,7,Columbus,true,Columbus Arena,17956,false,,225,821,393,0.4787,110.41,108,71,52887.6,12600.37,0.2815,3181,258,0.0811,0.4186
1357,2025-08-07,2025-08-01,weeknight,theater,theater & comedy,The Lighthouse Keeper,1,Denver,false,Denver Playhouse,2520,false,,36,137,75,0.5474,106.71,21,0,9551.12,2076.33,0.25,893,57,0.0638,0.3684
1358,2025-08-07,2025-08-01,weeknight,baseball,sports,Phoenix Scorpions,2,Phoenix,true,Phoenix Ballpark,40165,false,0.4,215,722,347,0.4806,42.68,102,66,16340.45,3899.24,0.2821,3167,242,0.0764,0.4215
1359,2025-08-07,2025-08-01,weeknight,concert,concerts,Omar Adler,3,Charlotte,false,Charlotte Arena,18003,false,,252,923,557,0.6035,132.38,155,0,90686.73,19714.5,0.25,4424,344,0.0778,0.4506
1360,2025-08-07,2025-08-01,weeknight,baseball,sports,Portland Rivermen,4,Portland,false,Portland Ballpark,42878,false,0.5,266,909,545,0.5996,51.52,163,0,34757.64,7555.96,0.25,4752,382,0.0804,0.4267
1361,2025-08-07,2025-08-01,weeknight,theater,theater & comedy,The Last Ferry,6,Austin,false,Austin Playhouse,2350,false,,31,119,72,0.605,111.43,19,0,8098.36,1760.52,0.25,693,46,0.0664,0.413
1362,2025-08-07,2025-08-01,weeknight,baseball,sports,Columbus Clippers FC,7,Columbus,true,Columbus Ballpark,39853,false,0.5,236,826,443,0.5363,51.7,130,95,25933.52,6242.19,0.2853,3931,312,0.0794,0.4167
1363,2025-08-08,2025-08-01,weekend,theater,theater & comedy,Northbound,1,Denver,false,Denver Playhouse,2520,false,,47,165,96,0.5818,160.05,29,0,20993.11,4563.72,0.25,870,50,0.0575,0.58
1364,2025-08-08,2025-08-01,weekend,baseball,sports,Phoenix Scorpions,2,Phoenix,true,Phoenix Ballpark,40165,false,0.3,219,780,389,0.4987,35.41,108,80,17159.91,4145.53,0.2867,3007,240,0.0798,0.45
1365,2025-08-08,2025-08-01,weekend,concert,concerts,The Neon Tides,2,Phoenix,true,Phoenix Arena,19646,false,,229,786,319,0.4059,66.03,92,62,22019.65,5281.57,0.284,2731,223,0.0817,0.4126
1366,2025-08-08,2025-08-01,weekend,baseball,sports,Portland Rivermen,4,Portland,false,Portland Ballpark,42878,false,0.5,266,898,581,0.647,54.63,172,0,36029.98,7832.62,0.25,4740,386,0.0814,0.4456
1367,2025-08-08,2025-08-01,weekend,theater,theater & comedy,Northbound,5,Nashville,true,Nashville Playhouse,2364,false,,39,127,86,0.6772,131.28,27,21,16463.23,3997.31,0.2886,1001,63,0.0629,0.4286
1368,2025-08-08,2025-08-01,weekend,comedy,theater & comedy,Marcus Fontaine,6,Austin,false,Austin Playhouse,2350,false,,50,161,123,0.764,61.68,36,0,10585.02,2301.07,0.25,1046,70,0.0669,0.5143
1369,2025-08-08,2025-08-01,weekend,concert,concerts,The Paper Pilots,7,Columbus,true,Columbus Arena,17956,false,,273,939,608,0.6475,146.51,179,140,108434.9,26258.78,0.2876,5214,413,0.0792,0.4334
1370,2025-08-08,2025-08-01,weekend,concert,concerts,Iris Moreno,8,Sacramento,false,Sacramento Arena,19109,false,,274,947,567,0.5987,147.69,169,0,105108.46,22849.63,0.25,4894,403,0.0823,0.4194
1371,2025-08-09,2025-08-01,weekend,baseball,sports,Denver Lumberjacks,1,Denver,false,Denver Ballpark,38446,false,0.6,317,1068,807,0.7556,61.73,244,0,60650.37,13184.81,0.25,6883,537,0.078,0.4544
1372,2025-08-09,2025-08-01,weekend,baseball,sports,Phoenix Scorpions,2,Phoenix,true,Phoenix Ballpark,40165,false,0.3,250,876,486,0.5548,37.98,135,96,22087.15,5274.73,0.2824,3836,307,0.08,0.4397
1373,2025-08-09,2025-08-01,weekend,theater,theater & comedy,The Clockmaker,3,Charlotte,false,Charlotte Playhouse,1903,false,,30,99,65,0.6566,132.69,22,0,11032.47,2398.35,0.25,922,54,0.0586,0.4074
1374,2025-08-09,2025-08-01,weekend,baseball,sports,Portland Rivermen,4,Portland,false,Portland Ballpark,42878,false,0.6,352,1192,852,0.7148,64.76,248,0,67962.67,14774.47,0.25,7058,544,0.0771,0.4559
1375,2025-08-09,2025-08-01,weekend,concert,concerts,Omar Adler,5,Nashville,true,Nashville Arena,19465,false,,298,1021,601,0.5886,170.52,182,146,116841.89,28251.96,0.287,5298,427,0.0806,0.4262
1376,2025-08-09,2025-08-01,weekend,baseball,sports,Austin Armadillos,6,Austin,false,Austin Ballpark,42198,false,0.7,361,1227,848,0.6911,61.39,256,0,62696.1,13629.62,0.25,7204,581,0.0806,0.4406
1377,2025-08-09,2025-08-01,weekend,concert,concerts,Marcus Moreno,7,Columbus,true,Columbus Ballpark,39853,false,,768,2732,2059,0.7537,228.32,573,437,596738.77,144482.6,0.2875,16423,1330,0.081,0.4308
1378,2025-08-09,2025-08-01,weekend,concert,concerts,The Crimson Saints,7,Columbus,true,Columbus Arena,17956,false,,332,1190,817,0.6866,190.25,234,174,195938.12,47557.38,0.2885,6720,533,0.0793,0.439
1379,2025-08-10,2025-08-01,weekend,baseball,sports,Denver Lumberjacks,1,Denver,false,Denver Ballpark,38446,false,0.6,322,1089,815,0.7484,65.1,241,0,62413.84,13568.18,0.25,7050,560,0.0794,0.4304
1380,2025-08-10,2025-08-01,weekend,baseball,sports,Phoenix Scorpions,2,Phoenix,true,Phoenix Ballpark,40165,false,0.3,241,794,413,0.5202,40.89,126,93,21779.1,5281.49,0.2881,3744,310,0.0828,0.4065
1381,2025-08-10,2025-08-01,weekend,comedy,theater & comedy,Nina Kowalski,2,Phoenix,true,Phoenix Playhouse,1894,false,,29,105,71,0.6762,59.82,17,15,4614.08,1133.27,0.293,748,48,0.0642,0.3542
1382,2025-08-10,2025-08-01,weekend,baseball,sports,Charlotte Copperheads,3,Charlotte,false,Charlotte Ballpark,41486,false,0.7,330,1131,728,0.6437,54.02,216,0,49283.54,10713.77,0.25,6424,517,0.0805,0.4178
1383,2025-08-10,2025-08-01,weekend,concert,concerts,Ben Whitaker,3,Charlotte,false,Charlotte Arena,18003,false,,189,661,302,0.4569,53.33,81,0,19476.84,4234.1,0.25,2368,187,0.079,0.4332
1384,2025-08-10,2025-08-01,weekend,concert,concerts,The Velvet Lanterns,5,Nashville,true,Nashville Arena,19465,false,,244,807,359,0.4449,61.74,113,87,26184.07,6327.86,0.2868,3225,264,0.0819,0.428
1385,2025-08-10,2025-08-01,weekend,theater,theater & comedy,The Lighthouse Keeper,5,Nashville,true,Nashville Playhouse,2364,false,,27,100,60,0.6,107.98,15,13,5501.18,1354.36,0.2939,532,32,0.0602,0.4688
1386,2025-08-10,2025-08-01,weekend,baseball,sports,Austin Armadillos,6,Austin,false,Austin Ballpark,42198,false,0.6,271,927,596,0.6429,46.52,171,0,34134.39,7420.49,0.25,4812,390,0.081,0.4385
1387,2025-08-10,2025-08-01,weekend,theater,theater & comedy,The Understudy,6,Austin,false,Austin Playhouse,2350,false,,34,114,68,0.5965,102.91,20,0,7803.88,1696.51,0.25,648,41,0.0633,0.4878
1388,2025-08-10,2025-08-01,weekend,theater,theater & comedy,Northbound,7,Columbus,true,Columbus Playhouse,2819,false,,71,248,184,0.7419,153.07,54,42,38944.97,9516.72,0.291,1666,113,0.0678,0.4779
1389,2025-08-10,2025-08-01,weekend,concert,concerts,The Paper Rivers,8,Sacramento,false,Sacramento Arena,19109,false,,340,1220,874,0.7164,223.06,236,0,231012.78,50220.1,0.25,6662,527,0.0791,0.4478
1390,2025-08-11,2025-08-01,weeknight,baseball,sports,Denver Lumberjacks,1,Denver,false,Denver Ballpark,38446,false,0.5,243,902,577,0.6397,45.91,154,0,36466.29,7927.41,0.25,4357,350,0.0803,0.44
1391,2025-08-11,2025-08-01,weeknight,concert,concerts,The Paper Pilots,1,Denver,false,Denver Arena,19434,false,,269,927,554,0.5976,139.22,160,0,97088.35,21106.18,0.25,4777,385,0.0806,0.4156
1392,2025-08-11,2025-08-01,weeknight,theater,theater & comedy,The Lighthouse Keeper,1,Denver,false,Denver Playhouse,2520,false,,35,136,82,0.6029,116.36,23,0,11634.57,2529.25,0.25,773,52,0.0673,0.4423
1393,2025-08-11,2025-08-01,weeknight,baseball,sports,Phoenix Scorpions,2,Phoenix,true,Phoenix Ballpark,40165,false,0.2,201,702,244,0.3476,32.31,66,52,8157.85,1990.89,0.2905,2258,190,0.0841,0.3474
1394,2025-08-11,2025-08-01,weeknight,baseball,sports,Charlotte Copperheads,3,Charlotte,false,Charlotte Ballpark,41486,false,0.7,274,958,547,0.571,51.19,166,0,31036.58,6747.1,0.25,4417,350,0.0792,0.4743
1395,2025-08-11,2025-08-01,weeknight,baseball,sports,Austin Armadillos,6,Austin,false,Austin Ballpark,42198,false,0.7,320,1127,750,0.6655,51.89,216,0,46905.16,10196.71,0.25,6091,492,0.0808,0.439
1396,2025-08-12,2025-08-01,weeknight,theater,theater & comedy,The Clockmaker,1,Denver,false,Denver Playhouse,2520,false,,42,137,60,0.438,120.32,21,0,7992.39,1737.48,0.25,704,50,0.071,0.42
1397,2025-08-12,2025-08-01,weeknight,baseball,sports,Phoenix Scorpions,2,Phoenix,true,Phoenix Ballpark,40165,false,0.1,215,789,327,0.4144,27.91,89,67,11794.82,2833.6,0.2846,2738,232,0.0847,0.3836
1398,2025-08-12,2025-08-01,weeknight,comedy,theater & comedy,Marcus Mensah,2,Phoenix,true,Phoenix Playhouse,1894,false,,36,130,59,0.4538,50.9,16,15,3554.33,882.06,0.2971,684,43,0.0629,0.3721
1399,2025-08-12,2025-08-01,weeknight,baseball,sports,Austin Armadillos,6,Austin,false,Austin Ballpark,42198,false,0.8,300,1060,672,0.634,50.0,185,0,40954.87,8903.23,0.25,5079,415,0.0817,0.4458
1400,2025-08-12,2025-08-01,weeknight,comedy,theater & comedy,Maya Adler,6,Austin,false,Austin Playhouse,2350,false,,61,203,107,0.5271,66.29,34,0,7995.65,1738.18,0.25,1096,77,0.0703,0.4416
1401,2025-08-13,2025-08-01,weeknight,comedy,theater & comedy,Rosa Brennan,1,Denver,false,Denver Playhouse,2520,false,,47,186,85,0.457,44.08,24,0,4152.2,902.64,0.25,624,47,0.0753,0.5106
1402,2025-08-13,2025-08-01,weeknight,concert,concerts,Nina Adler,2,Phoenix,true,Phoenix Arena,19646,false,,274,968,543,0.561,167.24,152,128,101931.49,24900.44,0.2909,4548,365,0.0803,0.4164
1403,2025-08-13,2025-08-01,weeknight,comedy,theater & comedy,Ravi Lindqvist,3,Charlotte,false,Charlotte Playhouse,1903,false,,34,123,92,0.748,71.71,22,0,7416.27,1612.23,0.25,763,53,0.0695,0.4151
1404,2025-08-13,2025-08-01,weeknight,comedy,theater & comedy,Sam Okafor,5,Nashville,true,Nashville Playhouse,2364,false,,70,289,198,0.6851,118.72,51,41,32701.89,8076.95,0.2952,1935,128,0.0661,0.3984
1405,2025-08-13,2025-08-01,weeknight,baseball,sports,Austin Armadillos,6,Austin,false,Austin Ballpark,42198,false,0.7,291,1024,622,0.6074,50.23,177,0,37386.05,8127.45,0.25,5140,422,0.0821,0.4194
1406,2025-08-13,2025-08-01,weeknight,baseball,sports,Columbus Clippers FC,7,Columbus,true,Columbus Ballpark,39853,false,0.2,222,728,346,0.4753,42.76,108,86,17349.8,4226.53,0.2899,3383,272,0.0804,0.3971
1407,2025-08-13,2025-08-01,weeknight,concert,concerts,The Static Ghosts,7,Columbus,true,Columbus Arena,17956,false,,225,707,295,0.4173,86.14,99,80,29703.57,7190.45,0.2875,3036,247,0.0814,0.4008
1408,2025-08-13,2025-08-01,weeknight,theater,theater & comedy,The Clockmaker,7,Columbus,true,Columbus Playhouse,2819,false,,41,148,68,0.4595,125.23,19,16,10261.53,2475.43,0.2861,714,51,0.0714,0.3725
1409,2025-08-13,2025-08-01,weeknight,baseball,sports,Sacramento Gold Rush,8,Sacramento,false,Sacramento Ballpark,41907,false,0.5,259,911,520,0.5708,43.31,147,0,25510.94,5545.86,0.25,3867,317,0.082,0.4637
1410,2025-08-14,2025-08-01,weeknight,concert,concerts,Iris Kowalski,1,Denver,false,Denver Arena,19434,false,,269,900,573,0.6367,135.34,168,0,93035.03,20224.98,0.25,4643,378,0.0814,0.4444
1411,2025-08-14,2025-08-01,weeknight,baseball,sports,Nashville Fiddlers,5,Nashville,true,Nashville Ballpark,41587,false,0.5,267,929,508,0.5468,43.73,146,127,27372.59,6724.91,0.2931,4728,380,0.0804,0.3842
1412,2025-08-14,2025-08-01,weeknight,baseball,sports,Columbus Clippers FC,7,Columbus,true,Columbus Ballpark,39853,false,0.1,226,776,306,0.3943,37.11,95,81,14133.21,3455.4,0.2912,3242,253,0.078,0.3755
1413,2025-08-15,2025-08-01,weekend,comedy,theater & comedy,Sam Ibarra,1,Denver,false,Denver Playhouse,2520,false,,33,115,68,0.5913,45.87,20,0,3045.42,662.04,0.25,687,44,0.064,0.4545
1414,2025-08-15,2025-08-01,weekend,concert,concerts,Theo Mensah,2,Phoenix,true,Phoenix Ballpark,40165,false,,1080,3702,3027,0.8177,342.53,878,771,1344226.62,331667.87,0.2948,24999,2018,0.0807,0.4351
1415,2025-08-15,2025-08-01,weekend,theater,theater & comedy,Starlight Express Line,3,Charlotte,false,Charlotte Playhouse,1903,false,,40,163,103,0.6319,114.14,23,0,15119.3,3286.79,0.25,760,38,0.05,0.6053
1416,2025-08-15,2025-08-01,weekend,baseball,sports,Portland Rivermen,4,Portland,false,Portland Ballpark,42878,false,0.4,302,1023,618,0.6041,53.28,173,0,42558.67,9251.9,0.25,4628,376,0.0812,0.4601
1417,2025-08-15,2025-08-01,weekend,baseball,sports,Nashville Fiddlers,5,Nashville,true,Nashville Ballpark,41587,false,0.5,283,972,609,0.6265,46.42,178,152,38591.94,9500.78,0.2939,5234,426,0.0814,0.4178
1418,2025-08-15,2025-08-01,weekend,theater,theater & comedy,Starlight Express Line,5,Nashville,true,Nashville Playhouse,2364,false,,50,206,147,0.7136,121.18,34,28,21691.39,5294.39,0.2906,1169,73,0.0624,0.4658
1419,2025-08-15,2025-08-01,weekend,concert,concerts,The Lucky Wolves,6,Austin,false,Austin Arena,18625,false,,260,920,533,0.5793,108.05,148,0,64884.39,14105.25,0.25,4213,337,0.08,0.4392
1420,2025-08-15,2025-08-01,weekend,baseball,sports,Columbus Clippers FC,7,Columbus,true,Columbus Ballpark,39853,false,0.1,226,754,419,0.5557,42.0,121,102,21370.04,5237.76,0.2922,3527,295,0.0836,0.4102
1421,2025-08-15,2025-08-01,weekend,baseball,sports,Sacramento Gold Rush,8,Sacramento,false,Sacramento Ballpark,41907,false,0.4,254,879,543,0.6177,43.67,155,0,28968.51,6297.45,0.25,4332,346,0.0799,0.448
1422,2025-08-15,2025-08-01,weekend,comedy,theater & comedy,Dana Moreno,8,Sacramento,false,Sacramento Playhouse,2242,false,,52,179,94,0.5251,44.21,26,0,4723.37,1026.82,0.25,970,68,0.0701,0.3824
1423,2025-08-16,2025-08-01,weekend,baseball,sports,Denver Lumberjacks,1,Denver,false,Denver Ballpark,38446,false,0.4,286,997,615,0.6169,50.67,181,0,35321.14,7678.51,0.25,5235,419,0.08,0.432
1424,2025-08-16,2025-08-01,weekend,concert,concerts,Omar Castillo,3,Charlotte,false,Charlotte Ballpark,41486,false,,1224,4083,3342,0.8185,354.58,1007,0,1474521.55,320548.14,0.25,28284,2275,0.0804,0.4426
1425,2025-08-16,2025-08-01,weekend,baseball,sports,Portland Rivermen,4,Portland,false,Portland Ballpark,42878,false,0.4,353,1151,786,0.6829,62.48,241,0,59661.24,12969.85,0.25,6683,542,0.0811,0.4446
1426,2025-08-16,2025-08-01,weekend,theater,theater & comedy,Copper & Coal,4,Portland,false,Portland Playhouse,2637,false,,59,216,116,0.537,119.93,31,0,16429.52,3571.66,0.25,1001,68,0.0679,0.4559
1427,2025-08-16,2025-08-01,weekend,baseball,sports,Nashville Fiddlers,5,Nashville,true,Nashville Ballpark,41587,false,0.6,310,1048,693,0.6613,50.92,206,185,41492.44,10206.13,0.2936,6017,487,0.0809,0.423
1428,2025-08-16,2025-08-01,weekend,theater,theater & comedy,The Last Ferry,5,Nashville,true,Nashville Playhouse,2364,true,,38,135,73,0.5407,108.45,20,19,0.0,0.0,,878,56,0.0638,0.3571
1429,2025-08-16,2025-08-01,weekend,baseball,sports,Columbus Clippers FC,7,Columbus,true,Columbus Ballpark,39853,false,0.1,250,860,484,0.5628,47.86,145,128,26696.42,6576.47,0.2942,4162,346,0.0831,0.4191
1430,2025-08-16,2025-08-01,weekend,comedy,theater & comedy,Marcus Brennan,7,Columbus,true,Columbus Playhouse,2819,false,,68,227,145,0.6388,94.04,46,41,17389.46,4305.95,0.2962,1797,121,0.0673,0.3802
1431,2025-08-16,2025-08-01,weekend,comedy,theater & comedy,Marcus Mensah,8,Sacramento,false,Sacramento Playhouse,2242,false,,39,112,78,0.6964,44.84,26,0,4190.3,910.96,0.25,865,63,0.0728,0.4127
1432,2025-08-17,2025-08-01,weekend,baseball,sports,Denver Lumberjacks,1,Denver,false,Denver Ballpark,38446,false,0.5,284,1039,704,0.6776,55.47,199,0,45820.85,9961.02,0.25,5710,453,0.0793,0.4393
1433,2025-08-17,2025-08-01,weekend,baseball,sports,Phoenix Scorpions,2,Phoenix,true,Phoenix Ballpark,40165,false,0.1,224,752,357,0.4747,34.53,111,100,15421.9,3818.85,0.2962,3446,276,0.0801,0.4022
1434,2025-08-17,2025-08-01,weekend,theater,theater & comedy,The Clockmaker,3,Charlotte,false,Charlotte Playhouse,1903,false,,29,111,68,0.6126,117.67,20,0,9756.69,2121.03,0.25,711,44,0.0619,0.4545
1435,2025-08-17,2025-08-01,weekend,baseball,sports,Portland Rivermen,4,Portland,false,Portland Ballpark,42878,false,0.4,319,1144,822,0.7185,62.87,225,0,58586.5,12736.13,0.25,6071,485,0.0799,0.4639
1436,2025-08-17,2025-08-01,weekend,comedy,theater & comedy,Kofi Moreno,5,Nashville,true,Nashville Playhouse,2364,false,,41,162,83,0.5123,70.0,21,21,7197.75,1799.45,0.3,872,58,0.0665,0.3621
1437,2025-08-17,2025-08-01,weekend,baseball,sports,Columbus Clippers FC,7,Columbus,true,Columbus Ballpark,39853,false,0.2,192,671,363,0.541,37.74,104,97,16637.44,4134.64,0.2976,3213,262,0.0815,0.3969
1438,2025-08-17,2025-08-01,weekend,comedy,theater & comedy,Sam Ibarra,8,Sacramento,false,Sacramento Playhouse,2242,false,,34,136,80,0.5882,39.76,22,0,3739.69,812.96,0.25,705,52,0.0738,0.4231
1439,2025-08-18,2025-08-01,weeknight,baseball,sports,Denver Lumberjacks,1,Denver,false,Denver Ballpark,38446,false,0.4,244,833,489,0.587,50.2,145,0,29684.74,6453.21,0.25,3979,312,0.0784,0.4647
1440,2025-08-18,2025-08-01,weeknight,baseball,sports,Phoenix Scorpions,2,Phoenix,true,Phoenix Ballpark,40165,false,0.2,242,863,403,0.467,34.44,111,99,16728.47,4133.66,0.2954,3316,262,0.079,0.4237
1441,2025-08-18,2025-08-01,weeknight,baseball,sports,Portland Rivermen,4,Portland,false,Portland Ballpark,42878,false,0.4,261,933,571,0.612,50.65,156,0,35828.52,7788.85,0.25,4385,354,0.0807,0.4407
1442,2025-08-18,2025-08-01,weeknight,comedy,theater & comedy,Sam Fontaine,5,Nashville,true,Nashville Playhouse,2364,false,,49,192,78,0.4063,66.49,19,17,6332.85,1575.39,0.298,786,56,0.0712,0.3393
1443,2025-08-19,2025-08-01,weeknight,baseball,sports,Denver Lumberjacks,1,Denver,false,Denver Ballpark,38446,false,0.4,241,860,457,0.5314,47.38,132,0,24278.89,5278.01,0.25,3553,278,0.0782,0.4748
1444,2025-08-19,2025-08-01,weeknight,theater,theater & comedy,Dust Bowl Ballads,1,Denver,false,Denver Playhouse,2520,false,,41,129,92,0.7132,104.88,27,0,13381.04,2908.93,0.25,870,62,0.0713,0.4355
1445,2025-08-19,2025-08-01,weeknight,baseball,sports,Phoenix Scorpions,2,Phoenix,true,Phoenix Ballpark,40165,false,0.2,225,761,252,0.3311,32.02,77,66,9473.76,2331.49,0.2938,2546,207,0.0813,0.372
1446,2025-08-19,2025-08-01,weeknight,baseball,sports,Charlotte Copperheads,3,Charlotte,false,Charlotte Ballpark,41486,false,0.5,254,863,497,0.5759,42.89,151,0,24626.89,5353.62,0.25,4122,331,0.0803,0.4562
1447,2025-08-19,2025-08-01,weeknight,baseball,sports,Portland Rivermen,4,Portland,false,Portland Ballpark,42878,false,0.4,255,891,522,0.5859,53.16,154,0,32570.94,7080.67,0.25,4250,350,0.0824,0.44
1448,2025-08-19,2025-08-01,weeknight,concert,concerts,The Lucky Foxes,5,Nashville,true,Nashville Arena,19465,false,,246,873,463,0.5304,105.57,121,107,58939.14,14496.66,0.2936,3393,285,0.084,0.4246
1449,2025-08-19,2025-08-01,weeknight,theater,theater & comedy,Glass Menagerie Revue,5,Nashville,true,Nashville Playhouse,2364,false,,39,120,42,0.35,109.39,15,11,5559.77,1334.58,0.2843,679,43,0.0633,0.3488
1450,2025-08-19,2025-08-01,weeknight,comedy,theater & comedy,Nina Castillo,6,Austin,false,Austin Playhouse,2350,false,,43,148,83,0.5608,55.87,25,0,5608.47,1219.23,0.25,831,54,0.065,0.463
1451,2025-08-19,2025-08-01,weeknight,baseball,sports,Columbus Clippers FC,7,Columbus,true,Columbus Ballpark,39853,false,0.3,202,670,277,0.4134,40.98,84,77,14328.21,3549.46,0.2964,2822,235,0.0833,0.3574
1452,2025-08-20,2025-08-01,weeknight,baseball,sports,Denver Lumberjacks,1,Denver,false,Denver Ballpark,38446,false,0.4,246,776,399,0.5142,44.63,129,0,19654.93,4272.75,0.25,3608,295,0.0818,0.4373
1453,2025-08-20,2025-08-01,weeknight,baseball,sports,Charlotte Copperheads,3,Charlotte,false,Charlotte Ballpark,41486,false,0.6,253,890,538,0.6045,45.01,149,0,29193.2,6346.36,0.25,4090,337,0.0824,0.4421
1454,2025-08-20,2025-08-01,weeknight,baseball,sports,Portland Rivermen,4,Portland,false,Portland Ballpark,42878,false,0.4,249,836,520,0.622,48.44,149,0,28761.28,6252.42,0.25,4096,323,0.0789,0.4613
1455,2025-08-20,2025-08-01,weeknight,comedy,theater & comedy,Aisha Lindqvist,5,Nashville,true,Nashville Playhouse,2364,false,,52,180,83,0.4611,44.47,23,22,3790.83,946.5,0.2995,831,61,0.0734,0.377
1456,2025-08-20,2025-08-01,weeknight,comedy,theater & comedy,Iris Mensah,6,Austin,false,Austin Playhouse,2350,false,,47,163,114,0.6994,60.45,29,0,8547.36,1858.12,0.25,918,61,0.0664,0.4754
1457,2025-08-20,2025-08-01,weeknight,concert,concerts,The Glass Tides,8,Sacramento,false,Sacramento Arena,19109,false,,201,691,264,0.3821,51.75,80,0,13932.6,3028.81,0.25,2219,178,0.0802,0.4494
1458,2025-08-21,2025-08-01,weeknight,baseball,sports,Denver Lumberjacks,1,Denver,false,Denver Ballpark,38446,false,0.4,224,760,490,0.6447,46.11,141,0,27880.33,6060.88,0.25,4243,336,0.0792,0.4196
1459,2025-08-21,2025-08-01,weeknight,baseball,sports,Charlotte Copperheads,3,Charlotte,false,Charlotte Ballpark,41486,false,0.6,237,826,490,0.5932,44.45,141,0,23645.0,5140.21,0.25,3753,301,0.0802,0.4684
1460,2025-08-21,2025-08-01,weeknight,baseball,sports,Nashville Fiddlers,5,Nashville,true,Nashville Ballpark,41587,false,0.5,276,966,565,0.5849,44.33,163,142,29650.36,7301.84,0.2941,4813,389,0.0808,0.419
1461,2025-08-21,2025-08-01,weeknight,concert,concerts,The Glass Rivers,5,Nashville,true,Nashville Arena,19465,false,,256,959,550,0.5735,125.62,145,135,82059.7,20395.79,0.2977,4199,339,0.0807,0.4277
1462,2025-08-21,2025-08-01,weeknight,baseball,sports,Austin Armadillos,6,Austin,false,Austin Ballpark,42198,false,0.4,252,857,523,0.6103,46.72,153,0,29288.09,6367.02,0.25,4393,356,0.081,0.4298
1463,2025-08-22,2025-08-01,weekend,baseball,sports,Charlotte Copperheads,3,Charlotte,false,Charlotte Ballpark,41486,false,0.7,277,934,594,0.636,51.51,173,0,37533.11,8159.31,0.25,4966,393,0.0791,0.4402
1464,2025-08-22,2025-08-01,weekend,theater,theater & comedy,The Clockmaker,4,Portland,false,Portland Playhouse,2637,false,,30,106,70,0.6604,109.17,20,0,10405.65,2262.1,0.25,843,49,0.0581,0.4082
1465,2025-08-22,2025-08-01,weekend,baseball,sports,Nashville Fiddlers,5,Nashville,true,Nashville Ballpark,41587,false,0.5,287,1007,583,0.5789,47.95,175,160,32160.02,7950.12,0.2955,5203,405,0.0778,0.4321
1466,2025-08-22,2025-08-01,weekend,concert,concerts,Diego Lindqvist,5,Nashville,true,Nashville Stadium,64896,false,,1281,4511,3253,0.7211,239.37,913,864,968814.09,240423.11,0.2971,26538,2168,0.0817,0.4211
1467,2025-08-22,2025-08-01,weekend,baseball,sports,Austin Armadillos,6,Austin,false,Austin Ballpark,42198,false,0.4,257,947,602,0.6357,55.13,170,0,35734.66,7768.4,0.25,4969,404,0.0813,0.4208
1468,2025-08-22,2025-08-01,weekend,theater,theater & comedy,Copper & Coal,6,Austin,false,Austin Playhouse,2350,false,,52,172,121,0.7035,96.69,35,0,14344.22,3118.31,0.25,1143,87,0.0761,0.4023
1469,2025-08-22,2025-08-01,weekend,comedy,theater & comedy,Maya Sato,7,Columbus,true,Columbus Playhouse,2819,false,,54,180,81,0.45,45.53,22,22,4258.11,1064.52,0.3,695,47,0.0676,0.4681
1470,2025-08-23,2025-08-01,weekend,theater,theater & comedy,Dust Bowl Ballads,1,Denver,false,Denver Playhouse,2520,false,,51,175,148,0.8457,130.82,41,0,25334.51,5507.51,0.25,1467,100,0.0682,0.41
1471,2025-08-23,2025-08-01,weekend,baseball,sports,Charlotte Copperheads,3,Charlotte,false,Charlotte Ballpark,41486,false,0.8,330,1143,827,0.7235,60.05,240,0,57743.96,12553.01,0.25,6493,523,0.0805,0.4589
1472,2025-08-23,2025-08-01,weekend,theater,theater & comedy,Northbound,3,Charlotte,false,Charlotte Playhouse,1903,false,,47,165,122,0.7394,154.57,34,0,21868.94,4754.14,0.25,1189,78,0.0656,0.4359
1473,2025-08-23,2025-08-01,weekend,baseball,sports,Nashville Fiddlers,5,Nashville,true,Nashville Ballpark,41587,false,0.4,328,1181,768,0.6503,52.79,220,209,53187.72,13229.23,0.298,6641,518,0.078,0.4247
1474,2025-08-23,2025-08-01,weekend,baseball,sports,Austin Armadillos,6,Austin,false,Austin Ballpark,42198,false,0.3,272,904,531,0.5874,50.75,158,0,29404.71,6392.26,0.25,4514,363,0.0804,0.4353
1475,2025-08-23,2025-08-01,weekend,concert,concerts,Hana Kowalski,6,Austin,false,Austin Arena,18625,false,,266,942,581,0.6168,114.11,166,0,74560.29,16208.77,0.25,4613,377,0.0817,0.4403
1476,2025-08-23,2025-08-01,weekend,theater,theater & comedy,The Last Ferry,6,Austin,false,Austin Playhouse,2350,false,,52,187,115,0.615,114.41,32,0,15719.9,3417.35,0.25,1113,73,0.0656,0.4384
1477,2025-08-23,2025-08-01,weekend,concert,concerts,The Lucky Echoes,8,Sacramento,false,Sacramento Arena,19109,false,,356,1202,884,0.7354,220.39,260,0,236411.5,51393.82,0.25,7703,604,0.0784,0.4305
1478,2025-08-24,2025-08-01,weekend,baseball,sports,Charlotte Copperheads,3,Charlotte,false,Charlotte Ballpark,41486,false,0.7,325,1184,767,0.6478,48.79,213,0,42347.99,9206.06,0.25,5640,462,0.0819,0.461
1479,2025-08-24,2025-08-01,weekend,concert,concerts,The Velvet Gardens,4,Portland,false,Portland Arena,19339,false,,245,835,411,0.4922,95.22,119,0,46022.66,10004.9,0.25,3496,283,0.0809,0.4205
1480,2025-08-24,2025-08-01,weekend,baseball,sports,Nashville Fiddlers,5,Nashville,true,Nashville Ballpark,41587,false,0.3,226,774,356,0.4599,38.86,97,92,16997.16,4215.88,0.2969,2763,219,0.0793,0.4429
1481,2025-08-24,2025-08-01,weekend,baseball,sports,Sacramento Gold Rush,8,Sacramento,false,Sacramento Ballpark,41907,false,0.2,252,833,461,0.5534,41.81,136,0,22047.43,4792.87,0.25,3633,297,0.0818,0.4579
1482,2025-08-25,2025-08-01,weeknight,baseball,sports,Phoenix Scorpions,2,Phoenix,true,Phoenix Ballpark,40165,false,0.3,192,712,290,0.4073,32.46,74,72,10553.6,2627.85,0.2984,2633,217,0.0824,0.341
1483,2025-08-25,2025-08-01,weeknight,theater,theater & comedy,Harbor Lights,2,Phoenix,true,Phoenix Playhouse,1894,false,,51,186,120,0.6452,156.98,33,33,21153.47,5288.37,0.3,1077,69,0.0641,0.4783
1484,2025-08-25,2025-08-01,weeknight,comedy,theater & comedy,Kofi Mensah,4,Portland,false,Portland Playhouse,2637,false,,50,133,66,0.4962,40.33,24,0,3151.54,685.12,0.25,694,52,0.0749,0.4615
1485,2025-08-26,2025-08-01,weeknight,baseball,sports,Phoenix Scorpions,2,Phoenix,true,Phoenix Ballpark,40165,false,0.3,227,808,335,0.4146,35.11,88,83,14324.97,3545.27,0.296,2900,230,0.0793,0.3826
1486,2025-08-26,2025-08-01,weeknight,theater,theater & comedy,Dust Bowl Ballads,2,Phoenix,true,Phoenix Playhouse,1894,false,,20,73,31,0.4247,87.39,9,9,2849.78,712.46,0.3,316,16,0.0506,0.5625
1487,2025-08-26,2025-08-01,weeknight,theater,theater & comedy,Dust Bowl Ballads,4,Portland,false,Portland Playhouse,2637,false,,28,101,68,0.6733,90.66,20,0,6756.2,1468.7,0.25,652,42,0.0644,0.4762
1488,2025-08-26,2025-08-01,weeknight,comedy,theater & comedy,Aisha Lindqvist,5,Nashville,true,Nashville Playhouse,2364,false,,50,177,64,0.3616,62.94,21,21,4231.75,1057.92,0.3,864,60,0.0694,0.35
1489,2025-08-26,2025-08-01,weeknight,theater,theater & comedy,The Last Ferry,6,Austin,false,Austin Playhouse,2350,false,,44,136,96,0.7059,118.42,27,0,15263.52,3318.16,0.25,963,58,0.0602,0.4655
1490,2025-08-26,2025-08-01,weeknight,concert,concerts,The Lunar Echoes,7,Columbus,true,Columbus Arena,17956,false,,305,1098,647,0.5893,156.0,181,173,123421.15,30694.59,0.2979,5664,450,0.0794,0.4022
1491,2025-08-26,2025-08-01,weeknight,baseball,sports,Sacramento Gold Rush,8,Sacramento,false,Sacramento Ballpark,41907,false,0.2,217,724,397,0.5483,38.29,116,0,17737.11,3855.95,0.25,2958,246,0.0832,0.4715
1492,2025-08-27,2025-08-01,weeknight,baseball,sports,Phoenix Scorpions,2,Phoenix,true,Phoenix Ballpark,40165,false,0.3,208,740,353,0.477,37.78,96,93,15617.9,3872.02,0.2967,3193,261,0.0817,0.3678
1493,2025-08-27,2025-08-01,weeknight,concert,concerts,Priya Fontaine,2,Phoenix,true,Phoenix Arena,19646,false,,205,759,244,0.3215,59.12,69,68,18211.98,4544.91,0.2993,2234,187,0.0837,0.369
1494,2025-08-27,2025-08-01,weeknight,baseball,sports,Portland Rivermen,4,Portland,false,Portland Ballpark,42878,false,0.8,327,1167,807,0.6915,62.82,233,0,65376.41,14212.2,0.25,6538,518,0.0792,0.4498
1495,2025-08-27,2025-08-01,weeknight,concert,concerts,The Wild Gardens,4,Portland,false,Portland Arena,19339,false,,251,899,526,0.5851,125.42,146,0,78823.97,17135.64,0.25,4108,327,0.0796,0.4465
1496,2025-08-28,2025-08-01,weeknight,baseball,sports,Denver Lumberjacks,1,Denver,false,Denver Ballpark,38446,false,0.5,235,847,468,0.5525,44.1,133,0,25130.86,5463.26,0.25,3773,309,0.0819,0.4304
1497,2025-08-28,2025-08-01,weeknight,theater,theater & comedy,Copper & Coal,1,Denver,false,Denver Playhouse,2520,false,,41,139,84,0.6043,77.91,24,0,8011.15,1741.54,0.25,829,61,0.0736,0.3934
1498,2025-08-28,2025-08-01,weeknight,baseball,sports,Charlotte Copperheads,3,Charlotte,false,Charlotte Ballpark,41486,false,0.8,310,1093,768,0.7027,52.77,219,0,48269.89,10493.45,0.25,6251,500,0.08,0.438
1499,2025-08-28,2025-08-01,weeknight,theater,theater & comedy,Harbor Lights,3,Charlotte,false,Charlotte Playhouse,1903,false,,53,189,117,0.619,141.04,33,0,18334.26,3985.7,0.25,1247,83,0.0666,0.3976
1500,2025-08-28,2025-08-01,weeknight,baseball,sports,Portland Rivermen,4,Portland,false,Portland Ballpark,42878,false,0.9,350,1175,836,0.7115,58.75,243,0,59220.57,12873.97,0.25,6773,541,0.0799,0.4492
1501,2025-08-28,2025-08-01,weeknight,comedy,theater & comedy,Sam Fontaine,5,Nashville,true,Nashville Playhouse,2364,false,,46,169,63,0.3728,62.57,18,18,3887.41,971.86,0.3,735,47,0.0639,0.383
1502,2025-08-28,2025-08-01,weeknight,theater,theater & comedy,The Last Ferry,7,Columbus,true,Columbus Playhouse,2819,false,,31,118,64,0.5424,108.73,15,15,6779.67,1694.92,0.3,619,42,0.0679,0.3571
1503,2025-08-28,2025-08-01,weeknight,theater,theater & comedy,The Understudy,8,Sacramento,false,Sacramento Playhouse,2242,false,,35,129,72,0.5581,98.28,18,0,7229.69,1571.67,0.25,597,40,0.067,0.45
1504,2025-08-29,2025-08-01,weekend,baseball,sports,Denver Lumberjacks,1,Denver,false,Denver Ballpark,38446,false,0.4,273,957,551,0.5758,51.35,162,0,31985.96,6953.54,0.25,4737,383,0.0809,0.423
1505,2025-08-29,2025-08-01,weekend,baseball,sports,Charlotte Copperheads,3,Charlotte,false,Charlotte Ballpark,41486,false,0.7,265,918,623,0.6786,49.89,185,0,37251.68,8098.23,0.25,5016,402,0.0801,0.4602
1506,2025-08-29,2025-08-01,weekend,baseball,sports,Portland Rivermen,4,Portland,false,Portland Ballpark,42878,false,1.0,358,1171,853,0.7284,65.26,254,0,70644.03,15357.31,0.25,7438,592,0.0796,0.4291
1507,2025-08-29,2025-08-01,weekend,concert,concerts,The Static Tides,4,Portland,false,Portland Arena,19339,false,,263,889,575,0.6468,121.56,169,0,85829.48,18658.53,0.25,4900,400,0.0816,0.4225
1508,2025-08-29,2025-08-01,weekend,theater,theater & comedy,Glass Menagerie Revue,4,Portland,false,Portland Playhouse,2637,false,,58,212,130,0.6132,113.97,34,0,17343.53,3770.34,0.25,1045,60,0.0574,0.5667
1509,2025-08-29,2025-08-01,weekend,baseball,sports,Nashville Fiddlers,5,Nashville,true,Nashville Ballpark,41587,false,0.3,271,921,523,0.5679,45.04,156,154,29698.51,7417.09,0.2996,4681,378,0.0808,0.4127
1510,2025-08-29,2025-08-01,weekend,concert,concerts,The Paper Lanterns,5,Nashville,true,Nashville Arena,19465,false,,269,914,457,0.5,119.59,139,134,67187.93,16715.54,0.2981,4297,341,0.0794,0.4076
1511,2025-08-29,2025-08-01,weekend,baseball,sports,Austin Armadillos,6,Austin,false,Austin Ballpark,42198,false,0.3,252,936,551,0.5887,51.73,152,0,31160.77,6774.06,0.25,4124,338,0.082,0.4497
1512,2025-08-29,2025-08-01,weekend,comedy,theater & comedy,Maya Adler,6,Austin,false,Austin Playhouse,2350,false,,56,196,128,0.6531,86.63,37,0,13371.96,2906.91,0.25,1325,83,0.0626,0.4458
1513,2025-08-29,2025-08-01,weekend,baseball,sports,Columbus Clippers FC,7,Columbus,true,Columbus Ballpark,39853,false,0.7,278,936,614,0.656,54.21,179,170,42324.03,10505.06,0.2971,5537,433,0.0782,0.4134
1514,2025-08-29,2025-08-01,weekend,concert,concerts,The Lunar Hearts,7,Columbus,true,Columbus Arena,17956,false,,231,795,434,0.5459,77.4,121,118,43881.25,10945.34,0.2991,3454,289,0.0837,0.4187
1515,2025-08-29,2025-08-01,weekend,theater,theater & comedy,The Clockmaker,7,Columbus,true,Columbus Playhouse,2819,false,,64,234,153,0.6538,123.42,44,43,23965.17,5971.65,0.2987,1409,97,0.0688,0.4536
1516,2025-08-30,2025-08-01,weekend,baseball,sports,Denver Lumberjacks,1,Denver,false,Denver Ballpark,38446,false,0.5,301,1020,810,0.7941,57.63,233,0,58966.09,12818.68,0.25,6673,532,0.0797,0.438
1517,2025-08-30,2025-08-01,weekend,concert,concerts,The Quiet Lanterns,1,Denver,false,Denver Stadium,67072,false,,1273,4409,3284,0.7448,210.58,944,0,856480.67,186191.51,0.25,26189,2169,0.0828,0.4352
1518,2025-08-30,2025-08-01,weekend,concert,concerts,Ravi Nguyen,2,Phoenix,true,Phoenix Arena,19646,false,,307,1010,667,0.6604,154.51,199,193,124376.97,30969.05,0.2984,5718,467,0.0817,0.4261
1519,2025-08-30,2025-08-01,weekend,baseball,sports,Charlotte Copperheads,3,Charlotte,false,Charlotte Ballpark,41486,false,0.7,323,1150,754,0.6557,53.73,216,0,46987.34,10214.67,0.25,6186,496,0.0802,0.4355
1520,2025-08-30,2025-08-01,weekend,baseball,sports,Portland Rivermen,4,Portland,false,Portland Ballpark,42878,false,1.0,375,1324,976,0.7372,65.39,278,0,81137.69,17638.56,0.25,7977,627,0.0786,0.4434
1521,2025-08-30,2025-08-01,weekend,baseball,sports,Nashville Fiddlers,5,Nashville,true,Nashville Ballpark,41587,false,0.2,241,870,425,0.4885,41.98,118,114,20037.18,4961.61,0.2962,3895,315,0.0809,0.3746
1522,2025-08-30,2025-08-01,weekend,theater,theater & comedy,Dust Bowl Ballads,5,Nashville,true,Nashville Playhouse,2364,false,,49,187,112,0.5989,109.82,30,30,15334.97,3833.74,0.3,1086,73,0.0672,0.411
1523,2025-08-30,2025-08-01,weekend,baseball,sports,Austin Armadillos,6,Austin,false,Austin Ballpark,42198,false,0.3,313,1065,705,0.662,52.88,215,0,43873.21,9537.67,0.25,5773,466,0.0807,0.4614
1524,2025-08-30,2025-08-01,weekend,baseball,sports,Columbus Clippers FC,7,Columbus,true,Columbus Ballpark,39853,false,0.6,298,1039,675,0.6497,64.16,196,189,52296.67,13022.21,0.2984,5995,468,0.0781,0.4188
1525,2025-08-30,2025-08-01,weekend,concert,concerts,The Crimson Echoes,7,Columbus,true,Columbus Arena,17956,false,,238,785,394,0.5019,102.32,127,120,52414.27,13052.03,0.2984,3665,299,0.0816,0.4247
1526,2025-08-31,2025-08-01,weekend,baseball,sports,Denver Lumberjacks,1,Denver,false,Denver Ballpark,38446,false,0.4,235,790,481,0.6089,49.93,135,0,25216.96,5481.97,0.25,3846,311,0.0809,0.4341
1527,2025-08-31,2025-08-01,weekend,baseball,sports,Charlotte Copperheads,3,Charlotte,false,Charlotte Ballpark,41486,false,0.6,245,867,547,0.6309,47.69,160,0,31486.82,6844.96,0.25,4205,341,0.0811,0.4692
1528,2025-08-31,2025-08-01,weekend,concert,concerts,The Glass Ghosts,3,Charlotte,false,Charlotte Arena,18003,false,,282,945,617,0.6529,161.26,181,0,119297.97,25934.33,0.25,4791,394,0.0822,0.4594
1529,2025-08-31,2025-08-01,weekend,baseball,sports,Portland Rivermen,4,Portland,false,Portland Ballpark,42878,false,1.0,277,993,625,0.6294,61.15,174,0,45167.27,9818.98,0.25,4902,395,0.0806,0.4405
1530,2025-08-31,2025-08-01,weekend,concert,concerts,Theo Hale,4,Portland,false,Portland Arena,19339,false,,261,852,556,0.6526,130.18,168,0,86996.07,18912.18,0.25,4833,390,0.0807,0.4308
1531,2025-08-31,2025-08-01,weekend,baseball,sports,Austin Armadillos,6,Austin,false,Austin Ballpark,42198,false,0.3,237,802,357,0.4451,47.51,108,0,19845.54,4314.23,0.25,3024,248,0.082,0.4355
1532,2025-08-31,2025-08-01,weekend,comedy,theater & comedy,Rosa Adler,6,Austin,false,Austin Playhouse,2350,false,,44,163,85,0.5215,23.83,24,0,2796.85,608.01,0.25,738,56,0.0759,0.4286
1533,2025-08-31,2025-08-01,weekend,baseball,sports,Columbus Clippers FC,7,Columbus,true,Columbus Ballpark,39853,false,0.5,277,907,537,0.5921,53.01,165,160,36050.89,8986.1,0.2988,5019,412,0.0821,0.4005
1534,2025-08-31,2025-08-01,weekend,baseball,sports,Sacramento Gold Rush,8,Sacramento,false,Sacramento Ballpark,41907,false,0.4,284,1013,654,0.6456,47.42,181,0,36442.17,7922.12,0.25,5330,428,0.0803,0.4229
1535,2025-08-31,2025-08-01,weekend,theater,theater & comedy,Harbor Lights,8,Sacramento,false,Sacramento Playhouse,2242,false,,46,146,102,0.6986,157.29,32,0,21319.62,4634.67,0.25,1216,74,0.0609,0.4324
1536,2025-09-01,2025-09-01,weeknight,baseball,sports,Denver Lumberjacks,1,Denver,false,Denver Ballpark,38446,false,0.5,214,696,346,0.4971,46.93,110,0,17389.75,3780.37,0.25,3012,240,0.0797,0.4583
1537,2025-09-01,2025-09-01,weeknight,theater,theater & comedy,The Last Ferry,1,Denver,false,Denver Playhouse,2520,false,,38,151,72,0.4768,84.69,20,0,7788.57,1693.17,0.25,705,49,0.0695,0.4082
1538,2025-09-01,2025-09-01,weeknight,baseball,sports,Phoenix Scorpions,2,Phoenix,true,Phoenix Ballpark,40165,false,0.3,216,767,357,0.4654,35.06,94,86,15577.92,3854.22,0.2959,2980,239,0.0802,0.3933
1539,2025-09-01,2025-09-01,weeknight,baseball,sports,Charlotte Copperheads,3,Charlotte,false,Charlotte Ballpark,41486,false,0.6,236,857,537,0.6266,42.35,139,0,26509.45,5762.93,0.25,3979,318,0.0799,0.4371
1540,2025-09-01,2025-09-01,weeknight,comedy,theater & comedy,Sam Nguyen,3,Charlotte,false,Charlotte Playhouse,1903,false,,42,168,92,0.5476,68.97,23,0,7209.86,1567.35,0.25,873,53,0.0607,0.434
1541,2025-09-01,2025-09-01,weeknight,baseball,sports,Portland Rivermen,4,Portland,false,Portland Ballpark,42878,false,0.9,348,1215,837,0.6889,65.22,246,0,69582.29,15126.59,0.25,7071,561,0.0793,0.4385
1542,2025-09-01,2025-09-01,weeknight,theater,theater & comedy,Copper & Coal,6,Austin,false,Austin Playhouse,2350,false,,27,92,55,0.5978,69.07,14,0,4028.61,875.79,0.25,494,36,0.0729,0.3889
1543,2025-09-01,2025-09-01,weeknight,comedy,theater & comedy,Sam Ibarra,7,Columbus,true,Columbus Playhouse,2819,false,,50,174,50,0.2874,30.48,13,12,1652.25,410.84,0.2979,377,29,0.0769,0.4483
1544,2025-09-01,2025-09-01,weeknight,baseball,sports,Sacramento Gold Rush,8,Sacramento,false,Sacramento Ballpark,41907,false,0.5,205,696,335,0.4813,38.92,96,0,14604.21,3174.84,0.25,2672,220,0.0823,0.4364
1545,2025-09-02,2025-09-01,weeknight,baseball,sports,Denver Lumberjacks,1,Denver,false,Denver Ballpark,38446,false,0.5,229,734,414,0.564,50.62,124,0,23366.04,5079.56,0.25,3586,285,0.0795,0.4351
1546,2025-09-02,2025-09-01,weeknight,baseball,sports,Charlotte Copperheads,3,Charlotte,false,Charlotte Ballpark,41486,false,0.5,217,748,422,0.5642,42.24,122,0,19395.56,4216.44,0.25,3372,268,0.0795,0.4552
1547,2025-09-02,2025-09-01,weeknight,concert,concerts,The Lucky Echoes,3,Charlotte,false,Charlotte Arena,18003,false,,248,873,560,0.6415,186.6,155,0,122634.55,26659.64,0.25,4464,357,0.08,0.4342
1548,2025-09-02,2025-09-01,weeknight,theater,theater & comedy,Starlight Express Line,4,Portland,false,Portland Playhouse,2637,false,,43,149,72,0.4832,109.13,21,0,9559.13,2078.08,0.25,754,52,0.069,0.4038
1549,2025-09-02,2025-09-01,weeknight,baseball,sports,Sacramento Gold Rush,8,Sacramento,false,Sacramento Ballpark,41907,false,0.5,227,797,457,0.5734,37.57,126,0,20266.36,4405.76,0.25,3424,275,0.0803,0.4582
1550,2025-09-03,2025-09-01,weeknight,theater,theater & comedy,Glass Menagerie Revue,1,Denver,false,Denver Playhouse,2520,false,,37,116,55,0.4741,103.28,19,0,6243.09,1357.18,0.25,681,45,0.0661,0.4222
1551,2025-09-03,2025-09-01,weeknight,baseball,sports,Phoenix Scorpions,2,Phoenix,true,Phoenix Ballpark,40165,false,0.3,219,773,268,0.3467,36.46,83,79,11324.3,2817.23,0.298,2813,231,0.0821,0.3593
1552,2025-09-03,2025-09-01,weeknight,concert,concerts,Diego Whitaker,4,Portland,false,Portland Arena,19339,false,,235,808,490,0.6064,121.7,138,0,75918.57,16504.05,0.25,3983,322,0.0808,0.4286
1553,2025-09-03,2025-09-01,weeknight,baseball,sports,Nashville Fiddlers,5,Nashville,true,Nashville Ballpark,41587,false,0.2,245,846,294,0.3475,32.39,87,84,11983.69,2983.17,0.2983,3067,259,0.0844,0.3359
1554,2025-09-04,2025-09-01,weeknight,concert,concerts,Priya Ibarra,1,Denver,false,Denver Arena,19434,false,,207,717,305,0.4254,68.4,82,0,24559.58,5339.02,0.25,2142,174,0.0812,0.4713
1555,2025-09-04,2025-09-01,weeknight,comedy,theater & comedy,Theo Moreno,4,Portland,false,Portland Playhouse,2637,false,,42,132,49,0.3712,40.61,19,0,2336.67,507.97,0.25,521,39,0.0749,0.4872
1556,2025-09-04,2025-09-01,weeknight,baseball,sports,Nashville Fiddlers,5,Nashville,true,Nashville Ballpark,41587,false,0.2,222,759,301,0.3966,34.12,89,85,13293.75,3307.85,0.2981,3139,251,0.08,0.3546
1557,2025-09-04,2025-09-01,weeknight,baseball,sports,Austin Armadillos,6,Austin,false,Austin Ballpark,42198,false,0.3,249,842,484,0.5748,43.58,140,0,24614.72,5351.0,0.25,3796,307,0.0809,0.456
1558,2025-09-05,2025-09-01,weekend,comedy,theater & comedy,Ravi Castillo,1,Denver,false,Denver Playhouse,2520,true,,61,238,145,0.6092,105.5,36,0,0.0,0.0,,1358,85,0.0626,0.4235
1559,2025-09-05,2025-09-01,weekend,baseball,sports,Nashville Fiddlers,5,Nashville,true,Nashville Ballpark,41587,false,0.3,260,885,470,0.5311,40.74,137,137,23144.03,5785.95,0.3,4468,359,0.0803,0.3816
1560,2025-09-05,2025-09-01,weekend,concert,concerts,The Velvet Tides,5,Nashville,true,Nashville Arena,19465,false,,290,992,578,0.5827,112.09,161,157,78399.9,19500.39,0.298,4289,353,0.0823,0.4561
1561,2025-09-05,2025-09-01,weekend,baseball,sports,Austin Armadillos,6,Austin,false,Austin Ballpark,42198,false,0.4,284,949,572,0.6027,45.85,174,0,31354.7,6816.25,0.25,4833,391,0.0809,0.445
1562,2025-09-06,2025-09-01,weekend,concert,concerts,The Velvet Satellites,3,Charlotte,false,Charlotte Arena,18003,false,,238,837,516,0.6165,121.31,146,0,71518.45,15547.53,0.25,4096,332,0.0811,0.4398
1563,2025-09-06,2025-09-01,weekend,baseball,sports,Austin Armadillos,6,Austin,false,Austin Ballpark,42198,false,0.4,304,1114,767,0.6885,56.8,206,0,49362.53,10730.98,0.25,6090,485,0.0796,0.4247
1564,2025-09-06,2025-09-01,weekend,concert,concerts,The Glass Ghosts,7,Columbus,true,Columbus Arena,17956,false,,282,1005,659,0.6557,165.01,186,180,139307.27,34743.13,0.299,5501,436,0.0793,0.4266
1565,2025-09-06,2025-09-01,weekend,baseball,sports,Sacramento Gold Rush,8,Sacramento,false,Sacramento Ballpark,41907,false,0.6,282,927,611,0.6591,45.97,184,0,34095.16,7412.05,0.25,5366,439,0.0818,0.4191
1566,2025-09-07,2025-09-01,weekend,baseball,sports,Denver Lumberjacks,1,Denver,false,Denver Ballpark,38446,false,0.4,243,778,482,0.6195,44.45,151,0,26441.98,5748.29,0.25,4167,331,0.0794,0.4562
1567,2025-09-07,2025-09-01,weekend,baseball,sports,Charlotte Copperheads,3,Charlotte,false,Charlotte Ballpark,41486,false,0.3,253,881,556,0.6311,40.54,157,0,25405.64,5522.88,0.25,4111,338,0.0822,0.4645
1568,2025-09-07,2025-09-01,weekend,comedy,theater & comedy,Hana Fontaine,3,Charlotte,false,Charlotte Playhouse,1903,false,,48,169,98,0.5799,86.27,29,0,9730.87,2115.41,0.25,1041,58,0.0557,0.5
1569,2025-09-07,2025-09-01,weekend,theater,theater & comedy,The Understudy,4,Portland,false,Portland Playhouse,2637,false,,37,122,81,0.6639,92.5,24,0,9362.37,2035.3,0.25,797,53,0.0665,0.4528
1570,2025-09-07,2025-09-01,weekend,baseball,sports,Austin Armadillos,6,Austin,false,Austin Ballpark,42198,false,0.4,279,996,543,0.5452,46.31,159,0,30438.11,6617.02,0.25,4428,358,0.0808,0.4441
1571,2025-09-07,2025-09-01,weekend,theater,theater & comedy,Harbor Lights,6,Austin,false,Austin Playhouse,2350,false,,46,162,125,0.7716,154.24,32,0,24375.49,5299.01,0.25,1096,65,0.0593,0.4923
1572,2025-09-07,2025-09-01,weekend,theater,theater & comedy,The Lighthouse Keeper,7,Columbus,true,Columbus Playhouse,2819,false,,52,158,93,0.5886,123.91,29,27,16631.45,4136.88,0.298,1066,66,0.0619,0.4394
1573,2025-09-08,2025-09-01,weeknight,baseball,sports,Denver Lumberjacks,1,Denver,false,Denver Ballpark,38446,false,0.4,271,948,568,0.5992,50.24,164,0,30630.74,6658.83,0.25,4661,385,0.0826,0.426
1574,2025-09-08,2025-09-01,weeknight,baseball,sports,Charlotte Copperheads,3,Charlotte,false,Charlotte Ballpark,41486,false,0.3,199,650,392,0.6031,38.16,116,0,15532.19,3376.58,0.25,3172,260,0.082,0.4462
1575,2025-09-08,2025-09-01,weeknight,theater,theater & comedy,Copper & Coal,3,Charlotte,false,Charlotte Playhouse,1903,false,,33,119,52,0.437,69.06,16,0,4588.03,997.38,0.25,595,45,0.0756,0.3556
1576,2025-09-08,2025-09-01,weeknight,concert,concerts,The Paper Foxes,5,Nashville,true,Nashville Arena,19465,false,,204,696,348,0.5,88.81,100,99,37901.74,9471.25,0.2998,3338,267,0.08,0.3745
1577,2025-09-08,2025-09-01,weeknight,baseball,sports,Austin Armadillos,6,Austin,false,Austin Ballpark,42198,false,0.4,271,899,536,0.5962,43.32,159,0,27156.14,5903.51,0.25,4465,363,0.0813,0.438
1578,2025-09-08,2025-09-01,weeknight,baseball,sports,Sacramento Gold Rush,8,Sacramento,false,Sacramento Ballpark,41907,false,0.6,220,741,375,0.5061,42.46,116,0,17212.73,3741.88,0.25,3270,265,0.081,0.4377
1579,2025-09-08,2025-09-01,weeknight,theater,theater & comedy,Northbound,8,Sacramento,false,Sacramento Playhouse,2242,false,,47,174,92,0.5287,176.05,26,0,19427.24,4223.29,0.25,1027,66,0.0643,0.3939
1580,2025-09-09,2025-09-01,weeknight,baseball,sports,Denver Lumberjacks,1,Denver,false,Denver Ballpark,38446,false,0.4,218,779,441,0.5661,42.38,113,0,21770.24,4732.64,0.25,3171,252,0.0795,0.4484
1581,2025-09-09,2025-09-01,weeknight,concert,concerts,June Sato,2,Phoenix,true,Phoenix Arena,19646,false,,235,766,301,0.393,71.43,93,91,25363.9,6329.73,0.2993,3013,251,0.0833,0.3705
1582,2025-09-09,2025-09-01,weeknight,theater,theater & comedy,The Clockmaker,2,Phoenix,true,Phoenix Playhouse,1894,false,,33,123,63,0.5122,94.93,15,15,7270.62,1817.65,0.3,633,39,0.0616,0.3846
1583,2025-09-09,2025-09-01,weeknight,baseball,sports,Charlotte Copperheads,3,Charlotte,false,Charlotte Ballpark,41486,false,0.4,254,866,508,0.5866,39.33,137,0,21623.18,4700.73,0.25,3917,317,0.0809,0.4322
1584,2025-09-09,2025-09-01,weeknight,theater,theater & comedy,Northbound,4,Portland,false,Portland Playhouse,2637,false,,52,191,88,0.4607,121.2,23,0,11935.31,2594.63,0.25,752,50,0.0665,0.46
1585,2025-09-09,2025-09-01,weeknight,concert,concerts,The Golden Hearts,5,Nashville,true,Nashville Arena,19465,false,,217,768,232,0.3021,60.98,64,62,17051.19,4248.29,0.2986,2169,176,0.0811,0.3636
1586,2025-09-09,2025-09-01,weeknight,baseball,sports,Austin Armadillos,6,Austin,false,Austin Ballpark,42198,false,0.4,217,756,438,0.5794,40.97,121,0,20531.29,4463.3,0.25,3387,280,0.0827,0.4321
1587,2025-09-09,2025-09-01,weeknight,baseball,sports,Columbus Clippers FC,7,Columbus,true,Columbus Ballpark,39853,false,0.5,216,763,425,0.557,46.64,115,111,23422.44,5821.92,0.2977,3642,295,0.081,0.3898
1588,2025-09-10,2025-09-01,weeknight,baseball,sports,Charlotte Copperheads,3,Charlotte,false,Charlotte Ballpark,41486,false,0.3,225,786,488,0.6209,42.66,133,0,24813.81,5394.31,0.25,3623,293,0.0809,0.4539
1589,2025-09-10,2025-09-01,weeknight,baseball,sports,Portland Rivermen,4,Portland,false,Portland Ballpark,42878,false,0.8,313,1078,752,0.6976,55.42,212,0,52087.35,11323.35,0.25,6104,495,0.0811,0.4283
1590,2025-09-10,2025-09-01,weeknight,concert,concerts,Dana Kowalski,4,Portland,false,Portland Arena,19339,false,,290,1029,657,0.6385,159.39,185,0,122377.25,26603.7,0.25,5302,419,0.079,0.4415
1591,2025-09-10,2025-09-01,weeknight,baseball,sports,Nashville Fiddlers,5,Nashville,true,Nashville Ballpark,41587,false,0.6,216,726,375,0.5165,42.24,114,113,19493.52,4871.99,0.2999,3844,305,0.0793,0.3738
1592,2025-09-10,2025-09-01,weeknight,comedy,theater & comedy,Ravi Lindqvist,5,Nashville,true,Nashville Playhouse,2364,false,,55,182,89,0.489,75.14,29,28,7017.63,1748.46,0.2986,1041,71,0.0682,0.4085
1593,2025-09-10,2025-09-01,weeknight,baseball,sports,Austin Armadillos,6,Austin,false,Austin Ballpark,42198,false,0.4,292,993,631,0.6354,49.19,187,0,40026.72,8701.46,0.25,5095,429,0.0842,0.4359
1594,2025-09-10,2025-09-01,weeknight,baseball,sports,Columbus Clippers FC,7,Columbus,true,Columbus Ballpark,39853,false,0.5,247,875,437,0.4994,41.67,114,113,22762.41,5686.35,0.2997,3427,291,0.0849,0.3918
1595,2025-09-11,2025-09-01,weeknight,comedy,theater & comedy,Nina Kowalski,1,Denver,false,Denver Playhouse,2520,false,,58,174,107,0.6149,64.43,36,0,8838.31,1921.35,0.25,1281,92,0.0718,0.3913
1596,2025-09-11,2025-09-01,weeknight,baseball,sports,Phoenix Scorpions,2,Phoenix,true,Phoenix Ballpark,40165,false,0.3,234,810,375,0.463,35.96,111,108,16705.99,4166.2,0.299,3671,290,0.079,0.3828
1597,2025-09-11,2025-09-01,weeknight,theater,theater & comedy,Harbor Lights,2,Phoenix,true,Phoenix Playhouse,1894,false,,35,123,79,0.6423,131.39,22,22,13112.96,3278.23,0.3,729,48,0.0658,0.4583
1598,2025-09-11,2025-09-01,weeknight,baseball,sports,Nashville Fiddlers,5,Nashville,true,Nashville Ballpark,41587,false,0.5,243,849,368,0.4335,43.46,110,107,18181.33,4537.14,0.2993,3499,284,0.0812,0.3873
1599,2025-09-11,2025-09-01,weeknight,theater,theater & comedy,The Understudy,6,Austin,false,Austin Playhouse,2350,false,,37,111,68,0.6126,92.76,22,0,6108.91,1328.04,0.25,832,56,0.0673,0.3929
1600,2025-09-11,2025-09-01,weeknight,theater,theater & comedy,The Understudy,8,Sacramento,false,Sacramento Playhouse,2242,false,,35,140,85,0.6071,88.06,20,0,9957.02,2164.58,0.25,709,47,0.0663,0.4255
1601,2025-09-12,2025-09-01,weekend,concert,concerts,June Sato,1,Denver,false,Denver Arena,19434,false,,264,899,527,0.5862,103.23,151,0,63272.11,13754.81,0.25,4145,335,0.0808,0.4507
1602,2025-09-12,2025-09-01,weekend,baseball,sports,Phoenix Scorpions,2,Phoenix,true,Phoenix Ballpark,40165,false,0.3,198,646,289,0.4474,38.83,92,91,13038.99,3255.89,0.2995,3192,253,0.0793,0.3636
1603,2025-09-12,2025-09-01,weekend,concert,concerts,Priya Brennan,2,Phoenix,true,Phoenix Arena,19646,false,,372,1329,988,0.7434,233.57,269,267,297873.88,74430.11,0.2998,7798,621,0.0796,0.4332
1604,2025-09-12,2025-09-01,weekend,baseball,sports,Charlotte Copperheads,3,Charlotte,false,Charlotte Ballpark,41486,false,0.4,265,886,564,0.6366,46.95,171,0,31938.6,6943.17,0.25,4938,395,0.08,0.4329
1605,2025-09-12,2025-09-01,weekend,baseball,sports,Nashville Fiddlers,5,Nashville,true,Nashville Ballpark,41587,false,0.5,234,794,393,0.495,39.74,121,119,19945.43,4964.31,0.2982,3879,315,0.0812,0.3841
1606,2025-09-12,2025-09-01,weekend,concert,concerts,The Paper Machines,6,Austin,false,Austin Arena,18625,false,,297,1080,674,0.6241,140.92,188,0,113256.61,24621.0,0.25,5273,440,0.0834,0.4273
1607,2025-09-12,2025-09-01,weekend,theater,theater & comedy,Glass Menagerie Revue,6,Austin,false,Austin Playhouse,2350,false,,47,152,95,0.625,126.08,32,0,15185.95,3301.3,0.25,1134,77,0.0679,0.4156
1608,2025-09-12,2025-09-01,weekend,comedy,theater & comedy,Ravi Adler,7,Columbus,true,Columbus Playhouse,2819,false,,96,339,217,0.6401,98.14,65,64,27452.65,6841.69,0.2988,2170,157,0.0724,0.414
1609,2025-09-13,2025-09-01,weekend,baseball,sports,Phoenix Scorpions,2,Phoenix,true,Phoenix Ballpark,40165,false,0.4,257,861,448,0.5203,40.29,130,125,22584.72,5623.86,0.2984,4269,333,0.078,0.3904
1610,2025-09-13,2025-09-01,weekend,concert,concerts,The Static Hearts,2,Phoenix,true,Phoenix Arena,19646,false,,289,1024,609,0.5947,155.03,177,176,118773.2,29676.42,0.2998,5427,442,0.0814,0.4005
1611,2025-09-13,2025-09-01,weekend,comedy,theater & comedy,Marcus Fontaine,2,Phoenix,true,Phoenix Playhouse,1894,false,,45,137,74,0.5401,56.17,23,22,4692.93,1168.22,0.2983,879,59,0.0671,0.3898
1612,2025-09-13,2025-09-01,weekend,theater,theater & comedy,Dust Bowl Ballads,3,Charlotte,false,Charlotte Playhouse,1903,false,,39,126,100,0.7937,132.29,30,0,18284.69,3974.94,0.25,1206,68,0.0564,0.4412
1613,2025-09-13,2025-09-01,weekend,theater,theater & comedy,Northbound,4,Portland,false,Portland Playhouse,2637,false,,72,233,156,0.6695,185.34,47,0,31666.76,6884.07,0.25,1639,108,0.0659,0.4352
1614,2025-09-13,2025-09-01,weekend,theater,theater & comedy,Dust Bowl Ballads,5,Nashville,true,Nashville Playhouse,2364,false,,36,129,73,0.5659,128.92,20,20,12167.16,3041.79,0.3,898,53,0.059,0.3774
1615,2025-09-13,2025-09-01,weekend,concert,concerts,Omar Fontaine,7,Columbus,true,Columbus Arena,17956,false,,288,1016,584,0.5748,117.55,165,163,87482.78,21832.98,0.2993,5018,407,0.0811,0.4054
1616,2025-09-13,2025-09-01,weekend,theater,theater & comedy,Glass Menagerie Revue,8,Sacramento,false,Sacramento Playhouse,2242,false,,55,186,140,0.7527,126.32,39,0,21558.42,4686.61,0.25,1379,97,0.0703,0.4021
1617,2025-09-14,2025-09-01,weekend,football,sports,Denver Summit,1,Denver,false,Denver Stadium,67072,false,0.0,457,1539,901,0.5854,176.33,272,0,184893.5,40194.24,0.25,7321,618,0.0844,0.4401
1618,2025-09-14,2025-09-01,weekend,concert,concerts,Aisha Adler,3,Charlotte,false,Charlotte Arena,18003,false,,241,808,486,0.6015,128.33,145,0,72856.64,15838.36,0.25,3966,321,0.0809,0.4517
1619,2025-09-14,2025-09-01,weekend,football,sports,Charlotte Ironclads,3,Charlotte,false,Charlotte Stadium,67685,false,1.0,573,2036,1358,0.667,175.46,379,0,290552.3,63163.61,0.25,10358,855,0.0825,0.4433
1620,2025-09-14,2025-09-01,weekend,theater,theater & comedy,Glass Menagerie Revue,5,Nashville,true,Nashville Playhouse,2364,false,,46,171,111,0.6491,106.32,29,28,16455.74,4104.29,0.2991,1178,82,0.0696,0.3537
1621,2025-09-14,2025-09-01,weekend,football,sports,Nashville Outlaws,5,Nashville,true,Nashville Stadium,64896,false,0.5,507,1770,1038,0.5864,185.18,290,288,253343.52,63239.83,0.2994,8351,696,0.0833,0.4167
1622,2025-09-14,2025-09-01,weekend,baseball,sports,Sacramento Gold Rush,8,Sacramento,false,Sacramento Ballpark,41907,false,0.8,261,921,600,0.6515,43.27,170,0,33513.94,7285.67,0.25,5126,408,0.0796,0.4167
1623,2025-09-15,2025-09-01,weeknight,concert,concerts,The Hollow Comets,3,Charlotte,false,Charlotte Arena,18003,false,,216,767,350,0.4563,101.16,90,0,42307.52,9197.29,0.25,2443,194,0.0794,0.4639
1624,2025-09-15,2025-09-01,weeknight,baseball,sports,Portland Rivermen,4,Portland,false,Portland Ballpark,42878,false,0.7,284,1008,600,0.5952,55.6,171,0,40386.32,8779.62,0.25,4575,369,0.0807,0.4634
1625,2025-09-15,2025-09-01,weeknight,baseball,sports,Sacramento Gold Rush,8,Sacramento,false,Sacramento Ballpark,41907,false,0.9,241,785,388,0.4943,38.12,115,0,16222.73,3526.63,0.25,3081,247,0.0802,0.4656
1626,2025-09-16,2025-09-01,weeknight,concert,concerts,The Paper Comets,4,Portland,false,Portland Arena,19339,false,,214,710,301,0.4239,75.03,91,0,23266.25,5057.9,0.25,2586,221,0.0855,0.4118
1627,2025-09-16,2025-09-01,weeknight,baseball,sports,Columbus Clippers FC,7,Columbus,true,Columbus Ballpark,39853,false,0.6,248,837,386,0.4612,47.51,120,117,22220.5,5541.66,0.299,3937,317,0.0805,0.3785
1628,2025-09-16,2025-09-01,weeknight,baseball,sports,Sacramento Gold Rush,8,Sacramento,false,Sacramento Ballpark,41907,false,0.8,248,904,507,0.5608,37.88,145,0,23762.03,5165.65,0.25,4060,328,0.0808,0.4421
1629,2025-09-17,2025-09-01,weeknight,baseball,sports,Charlotte Copperheads,3,Charlotte,false,Charlotte Ballpark,41486,false,0.4,279,985,561,0.5695,44.82,163,0,28865.41,6275.09,0.25,4383,356,0.0812,0.4579
1630,2025-09-17,2025-09-01,weeknight,baseball,sports,Portland Rivermen,4,Portland,false,Portland Ballpark,42878,false,0.7,283,980,573,0.5847,52.89,171,0,37553.47,8163.84,0.25,4739,388,0.0819,0.4407
1631,2025-09-17,2025-09-01,weeknight,concert,concerts,Iris Ibarra,4,Portland,false,Portland Arena,19339,false,,237,870,505,0.5805,116.67,137,0,64250.46,13967.48,0.25,3995,321,0.0804,0.4268
1632,2025-09-17,2025-09-01,weeknight,baseball,sports,Columbus Clippers FC,7,Columbus,true,Columbus Ballpark,39853,false,0.5,242,872,436,0.5,45.36,121,120,23767.72,5924.42,0.2988,4072,325,0.0798,0.3723
1633,2025-09-17,2025-09-01,weeknight,comedy,theater & comedy,Luis Mensah,7,Columbus,true,Columbus Playhouse,2819,false,,60,214,95,0.4439,59.36,26,26,7446.71,1861.65,0.3,933,69,0.074,0.3768
1634,2025-09-18,2025-09-01,weeknight,baseball,sports,Phoenix Scorpions,2,Phoenix,true,Phoenix Ballpark,40165,false,0.3,215,726,276,0.3802,40.63,86,85,13028.73,3255.39,0.2998,3241,267,0.0824,0.3221
1635,2025-09-18,2025-09-01,weeknight,baseball,sports,Charlotte Copperheads,3,Charlotte,false,Charlotte Ballpark,41486,false,0.5,299,1028,707,0.6877,52.84,207,0,44451.04,9663.23,0.25,6265,499,0.0796,0.4148
1636,2025-09-18,2025-09-01,weeknight,theater,theater & comedy,Harbor Lights,3,Charlotte,false,Charlotte Playhouse,1903,false,,38,147,104,0.7075,155.49,26,0,18230.43,3963.12,0.25,911,60,0.0659,0.4333
1637,2025-09-18,2025-09-01,weeknight,baseball,sports,Nashville Fiddlers,5,Nashville,true,Nashville Ballpark,41587,false,0.4,247,868,412,0.4747,41.45,113,112,20615.37,5149.12,0.2996,3718,295,0.0793,0.3831
1638,2025-09-18,2025-09-01,weeknight,baseball,sports,Austin Armadillos,6,Austin,false,Austin Ballpark,42198,false,0.4,270,947,576,0.6082,46.49,168,0,33401.77,7261.3,0.25,4758,379,0.0797,0.4433
1639,2025-09-18,2025-09-01,weeknight,baseball,sports,Columbus Clippers FC,7,Columbus,true,Columbus Ballpark,39853,false,0.5,250,854,391,0.4578,48.6,115,115,23488.25,5872.1,0.3,3588,285,0.0794,0.4035
1640,2025-09-19,2025-09-01,weekend,baseball,sports,Denver Lumberjacks,1,Denver,false,Denver Ballpark,38446,false,0.4,273,969,587,0.6058,58.49,164,0,38758.75,8425.81,0.25,4671,380,0.0814,0.4316
1641,2025-09-19,2025-09-01,weekend,baseball,sports,Phoenix Scorpions,2,Phoenix,true,Phoenix Ballpark,40165,false,0.3,236,807,375,0.4647,44.62,114,114,21032.72,5258.18,0.3,3119,252,0.0808,0.4524
1642,2025-09-19,2025-09-01,weekend,theater,theater & comedy,The Lighthouse Keeper,2,Phoenix,true,Phoenix Playhouse,1894,false,,41,164,97,0.5915,113.89,25,25,13766.49,3441.61,0.3,918,54,0.0588,0.463
1643,2025-09-19,2025-09-01,weekend,baseball,sports,Charlotte Copperheads,3,Charlotte,false,Charlotte Ballpark,41486,false,0.6,286,1006,659,0.6551,53.71,179,0,39104.22,8500.89,0.25,4883,389,0.0797,0.4602
1644,2025-09-19,2025-09-01,weekend,comedy,theater & comedy,Ravi Lindqvist,3,Charlotte,false,Charlotte Playhouse,1903,false,,35,140,87,0.6214,56.14,23,0,6395.42,1390.3,0.25,751,47,0.0626,0.4894
1645,2025-09-19,2025-09-01,weekend,concert,concerts,The Desert Comets,4,Portland,false,Portland Arena,19339,false,,290,977,729,0.7462,171.02,215,0,154392.85,33563.61,0.25,6083,493,0.081,0.4361
1646,2025-09-19,2025-09-01,weekend,baseball,sports,Nashville Fiddlers,5,Nashville,true,Nashville Ballpark,41587,false,0.3,208,678,354,0.5221,35.46,109,107,16378.26,4085.06,0.2991,3296,267,0.081,0.4082
1647,2025-09-19,2025-09-01,weekend,concert,concerts,The Hollow Rivers,5,Nashville,true,Nashville Arena,19465,false,,307,1007,685,0.6802,198.72,206,203,173962.05,43441.55,0.2995,5989,470,0.0785,0.4383
1648,2025-09-19,2025-09-01,weekend,theater,theater & comedy,The Last Ferry,5,Nashville,true,Nashville Playhouse,2364,false,,40,144,76,0.5278,111.12,21,20,9766.37,2434.18,0.2988,850,55,0.0647,0.3818
1649,2025-09-19,2025-09-01,weekend,baseball,sports,Austin Armadillos,6,Austin,false,Austin Ballpark,42198,false,0.3,226,821,428,0.5213,44.57,116,0,21762.24,4730.91,0.25,3333,271,0.0813,0.428
1650,2025-09-19,2025-09-01,weekend,theater,theater & comedy,Dust Bowl Ballads,6,Austin,false,Austin Playhouse,2350,false,,44,150,111,0.74,111.3,33,0,15190.92,3302.38,0.25,1238,84,0.0679,0.3929
1651,2025-09-19,2025-09-01,weekend,baseball,sports,Columbus Clippers FC,7,Columbus,true,Columbus Ballpark,39853,false,0.4,256,882,543,0.6156,47.89,161,160,32601.97,8144.15,0.2997,4696,371,0.079,0.434
1652,2025-09-20,2025-09-01,weekend,baseball,sports,Denver Lumberjacks,1,Denver,false,Denver Ballpark,38446,false,0.4,285,907,556,0.613,49.11,170,0,32976.52,7168.77,0.25,4652,371,0.0798,0.4582
1653,2025-09-20,2025-09-01,weekend,baseball,sports,Phoenix Scorpions,2,Phoenix,true,Phoenix Ballpark,40165,false,0.4,248,817,408,0.4994,41.11,125,125,20598.54,5149.65,0.3,3636,293,0.0806,0.4266
1654,2025-09-20,2025-09-01,weekend,theater,theater & comedy,The Understudy,2,Phoenix,true,Phoenix Playhouse,1894,false,,35,119,69,0.5798,102.82,20,20,9151.37,2287.86,0.3,681,39,0.0573,0.5128
1655,2025-09-20,2025-09-01,weekend,concert,concerts,The Golden Hearts,3,Charlotte,false,Charlotte Arena,18003,false,,203,735,362,0.4925,82.75,103,0,34046.57,7401.45,0.25,2682,217,0.0809,0.4747
1656,2025-09-20,2025-09-01,weekend,theater,theater & comedy,Northbound,3,Charlotte,false,Charlotte Playhouse,1903,false,,40,127,105,0.8268,148.67,31,0,22862.29,4970.04,0.25,1217,69,0.0567,0.4493
1657,2025-09-20,2025-09-01,weekend,baseball,sports,Nashville Fiddlers,5,Nashville,true,Nashville Ballpark,41587,false,0.3,233,810,435,0.537,40.05,124,124,22768.94,5692.21,0.3,3604,294,0.0816,0.4218
1658,2025-09-20,2025-09-01,weekend,baseball,sports,Austin Armadillos,6,Austin,false,Austin Ballpark,42198,false,0.3,284,937,534,0.5699,45.73,162,0,30687.64,6671.27,0.25,4627,377,0.0815,0.4297
1659,2025-09-21,2025-09-01,weekend,baseball,sports,Denver Lumberjacks,1,Denver,false,Denver Ballpark,38446,false,0.5,269,896,598,0.6674,51.4,188,0,36731.61,7985.09,0.25,5621,448,0.0797,0.4196
1660,2025-09-21,2025-09-01,weekend,concert,concerts,Priya Ibarra,3,Charlotte,false,Charlotte Arena,18003,false,,214,768,428,0.5573,84.28,116,0,41349.77,8989.1,0.25,3465,271,0.0782,0.428
1661,2025-09-21,2025-09-01,weekend,baseball,sports,Nashville Fiddlers,5,Nashville,true,Nashville Ballpark,41587,false,0.3,222,777,393,0.5058,39.71,109,107,18336.67,4579.84,0.2996,3212,269,0.0837,0.4052
1662,2025-09-21,2025-09-01,weekend,theater,theater & comedy,A Winter Almanac,5,Nashville,true,Nashville Playhouse,2364,false,,36,128,66,0.5156,100.07,18,18,6309.17,1577.28,0.3,659,45,0.0683,0.4
1663,2025-09-21,2025-09-01,weekend,theater,theater & comedy,Copper & Coal,6,Austin,false,Austin Playhouse,2350,false,,33,113,65,0.5752,92.85,20,0,5684.05,1235.65,0.25,713,49,0.0687,0.4082
1664,2025-09-21,2025-09-01,weekend,baseball,sports,Sacramento Gold Rush,8,Sacramento,false,Sacramento Ballpark,41907,false,0.7,251,891,507,0.569,45.54,148,0,26305.52,5718.57,0.25,4040,326,0.0807,0.454
1665,2025-09-22,2025-09-01,weeknight,baseball,sports,Denver Lumberjacks,1,Denver,false,Denver Ballpark,38446,false,0.4,200,677,300,0.4431,43.53,87,0,14340.28,3117.48,0.25,2275,183,0.0804,0.4754
1666,2025-09-22,2025-09-01,weeknight,baseball,sports,Nashville Fiddlers,5,Nashville,true,Nashville Ballpark,41587,false,0.3,218,764,310,0.4058,35.39,92,92,13966.26,3491.59,0.3,2777,228,0.0821,0.4035
1667,2025-09-22,2025-09-01,weeknight,theater,theater & comedy,Copper & Coal,5,Nashville,true,Nashville Playhouse,2364,false,,37,129,56,0.4341,83.65,18,18,6373.25,1593.34,0.3,668,44,0.0659,0.4091
1668,2025-09-22,2025-09-01,weeknight,comedy,theater & comedy,Ravi Castillo,6,Austin,false,Austin Playhouse,2350,false,,56,197,131,0.665,96.51,39,0,14863.88,3231.26,0.25,1321,89,0.0674,0.4382
1669,2025-09-22,2025-09-01,weeknight,baseball,sports,Sacramento Gold Rush,8,Sacramento,false,Sacramento Ballpark,41907,false,0.6,229,760,437,0.575,43.6,133,0,21855.17,4751.12,0.25,3569,292,0.0818,0.4555
1670,2025-09-23,2025-09-01,weeknight,baseball,sports,Denver Lumberjacks,1,Denver,false,Denver Ballpark,38446,false,0.3,209,755,404,0.5351,38.64,109,0,19003.23,4131.14,0.25,2852,233,0.0817,0.4678
1671,2025-09-23,2025-09-01,weeknight,concert,concerts,The Silver Pilots,3,Charlotte,false,Charlotte Arena,18003,false,,218,776,502,0.6469,126.29,135,0,75094.81,16324.96,0.25,3771,301,0.0798,0.4485
1672,2025-09-23,2025-09-01,weeknight,comedy,theater & comedy,Dana Reyes,4,Portland,false,Portland Playhouse,2637,false,,40,146,82,0.5616,72.19,20,0,6213.03,1350.66,0.25,745,47,0.0631,0.4255
1673,2025-09-23,2025-09-01,weeknight,baseball,sports,Nashville Fiddlers,5,Nashville,true,Nashville Ballpark,41587,false,0.3,235,859,305,0.3551,34.88,86,85,11541.09,2883.08,0.2997,2758,232,0.0841,0.3707
1674,2025-09-23,2025-09-01,weeknight,concert,concerts,The Wild Lanterns,7,Columbus,true,Columbus Arena,17956,false,,198,664,317,0.4774,95.42,98,97,37728.83,9427.72,0.2998,2805,229,0.0816,0.4279
1675,2025-09-24,2025-09-01,weeknight,baseball,sports,Denver Lumberjacks,1,Denver,false,Denver Ballpark,38446,false,0.4,210,754,395,0.5239,41.36,112,0,18817.23,4090.68,0.25,3284,275,0.0837,0.4073
1676,2025-09-24,2025-09-01,weeknight,baseball,sports,Phoenix Scorpions,2,Phoenix,true,Phoenix Ballpark,40165,false,0.3,258,863,404,0.4681,33.99,122,122,16579.35,4144.84,0.3,4042,336,0.0831,0.3631
1677,2025-09-24,2025-09-01,weeknight,baseball,sports,Charlotte Copperheads,3,Charlotte,false,Charlotte Ballpark,41486,false,0.7,269,969,568,0.5862,42.11,162,0,27883.54,6061.64,0.25,4595,375,0.0816,0.432
1678,2025-09-24,2025-09-01,weeknight,theater,theater & comedy,Northbound,3,Charlotte,false,Charlotte Playhouse,1903,false,,31,115,69,0.6,117.11,20,0,12085.0,2627.16,0.25,815,49,0.0601,0.4082
1679,2025-09-24,2025-09-01,weeknight,concert,concerts,Luis Okafor,4,Portland,false,Portland Arena,19339,false,,245,814,478,0.5872,131.49,142,0,75078.09,16321.34,0.25,4163,333,0.08,0.4264
1680,2025-09-24,2025-09-01,weeknight,baseball,sports,Sacramento Gold Rush,8,Sacramento,false,Sacramento Ballpark,41907,false,0.5,257,869,474,0.5455,41.0,141,0,22393.19,4868.04,0.25,3772,309,0.0819,0.4563
1681,2025-09-25,2025-09-01,weeknight,baseball,sports,Phoenix Scorpions,2,Phoenix,true,Phoenix Ballpark,40165,false,0.4,253,953,300,0.3148,33.21,80,79,11878.16,2966.96,0.2997,2604,222,0.0853,0.3604
1682,2025-09-25,2025-09-01,weeknight,baseball,sports,Charlotte Copperheads,3,Charlotte,false,Charlotte Ballpark,41486,false,0.8,282,990,614,0.6202,48.57,178,0,36102.44,7848.31,0.25,5139,412,0.0802,0.432
1683,2025-09-26,2025-09-01,weekend,baseball,sports,Phoenix Scorpions,2,Phoenix,true,Phoenix Ballpark,40165,false,0.4,230,839,485,0.5781,38.6,128,128,23378.41,5844.55,0.3,3647,286,0.0784,0.4476
1684,2025-09-26,2025-09-01,weekend,baseball,sports,Charlotte Copperheads,3,Charlotte,false,Charlotte Ballpark,41486,false,0.8,318,1082,746,0.6895,50.08,214,0,46597.27,10129.89,0.25,6515,511,0.0784,0.4188
1685,2025-09-26,2025-09-01,weekend,baseball,sports,Portland Rivermen,4,Portland,false,Portland Ballpark,42878,false,0.6,354,1245,872,0.7004,61.5,242,0,65189.95,14171.68,0.25,6912,559,0.0809,0.4329
1686,2025-09-26,2025-09-01,weekend,concert,concerts,Diego Whitaker,4,Portland,false,Portland Arena,19339,false,,272,921,517,0.5613,138.89,160,0,82290.08,17889.13,0.25,4603,368,0.0799,0.4348
1687,2025-09-26,2025-09-01,weekend,theater,theater & comedy,The Understudy,4,Portland,false,Portland Playhouse,2637,false,,51,189,138,0.7302,123.3,34,0,17523.44,3809.46,0.25,1148,81,0.0706,0.4198
1688,2025-09-26,2025-09-01,weekend,baseball,sports,Columbus Clippers FC,7,Columbus,true,Columbus Ballpark,39853,false,0.3,263,859,474,0.5518,60.06,148,148,34030.71,8507.67,0.3,4789,388,0.081,0.3814
1689,2025-09-26,2025-09-01,weekend,theater,theater & comedy,A Winter Almanac,7,Columbus,true,Columbus Playhouse,2819,false,,36,115,73,0.6348,96.53,22,21,8170.69,2038.29,0.2991,774,52,0.0672,0.4231
1690,2025-09-27,2025-09-01,weekend,concert,concerts,The Crimson Wolves,1,Denver,false,Denver Arena,19434,false,,306,1120,689,0.6152,149.79,186,0,127045.6,27618.62,0.25,5514,440,0.0798,0.4227
1691,2025-09-27,2025-09-01,weekend,comedy,theater & comedy,Sam Ibarra,1,Denver,false,Denver Playhouse,2520,false,,38,128,76,0.5938,34.88,22,0,3548.74,771.47,0.25,674,50,0.0742,0.44
1692,2025-09-27,2025-09-01,weekend,baseball,sports,Phoenix Scorpions,2,Phoenix,true,Phoenix Ballpark,40165,false,0.5,251,839,482,0.5745,43.51,140,140,25732.76,6433.18,0.3,4293,352,0.082,0.3977
1693,2025-09-27,2025-09-01,weekend,theater,theater & comedy,Dust Bowl Ballads,3,Charlotte,false,Charlotte Playhouse,1903,false,,39,130,65,0.5,117.35,24,0,9105.88,1979.54,0.25,850,52,0.0612,0.4615
1694,2025-09-27,2025-09-01,weekend,baseball,sports,Portland Rivermen,4,Portland,false,Portland Ballpark,42878,false,0.6,291,990,665,0.6717,57.52,204,0,45975.28,9994.63,0.25,6000,484,0.0807,0.4215
1695,2025-09-27,2025-09-01,weekend,baseball,sports,Columbus Clippers FC,7,Columbus,true,Columbus Ballpark,39853,false,0.3,278,997,529,0.5306,48.62,148,148,31659.8,7914.98,0.3,4782,376,0.0786,0.3936
1696,2025-09-28,2025-09-01,weekend,football,sports,Denver Summit,1,Denver,false,Denver Stadium,67072,false,0.25,504,1751,1137,0.6493,177.58,320,0,241019.35,52395.52,0.25,8564,707,0.0826,0.4526
1697,2025-09-28,2025-09-01,weekend,baseball,sports,Phoenix Scorpions,2,Phoenix,true,Phoenix Ballpark,40165,false,0.4,282,954,478,0.501,40.07,136,134,22195.3,5541.78,0.2995,4177,349,0.0836,0.3897
1698,2025-09-28,2025-09-01,weekend,football,sports,Charlotte Ironclads,3,Charlotte,false,Charlotte Stadium,67685,false,1.0,524,1752,1123,0.641,182.2,333,0,228477.45,49668.95,0.25,9265,762,0.0822,0.437
1699,2025-09-28,2025-09-01,weekend,baseball,sports,Portland Rivermen,4,Portland,false,Portland Ballpark,42878,false,0.6,283,968,686,0.7087,61.37,196,0,54220.64,11787.08,0.25,5899,473,0.0802,0.4144
1700,2025-09-28,2025-09-01,weekend,baseball,sports,Nashville Fiddlers,5,Nashville,true,Nashville Ballpark,41587,false,0.5,268,948,548,0.5781,44.36,152,152,29283.6,7320.86,0.3,4730,384,0.0812,0.3958
1701,2025-09-28,2025-09-01,weekend,theater,theater & comedy,Dust Bowl Ballads,5,Nashville,true,Nashville Playhouse,2364,false,,37,109,61,0.5596,134.29,21,21,10381.3,2595.35,0.3,777,53,0.0682,0.3962
1702,2025-09-28,2025-09-01,weekend,football,sports,Nashville Outlaws,5,Nashville,true,Nashville Stadium,64896,false,0.75,557,1992,1285,0.6451,204.5,356,355,325963.2,81450.65,0.2998,10106,836,0.0827,0.4258
1703,2025-09-28,2025-09-01,weekend,baseball,sports,Austin Armadillos,6,Austin,false,Austin Ballpark,42198,false,0.3,257,926,562,0.6069,41.44,154,0,30186.71,6562.36,0.25,4212,346,0.0821,0.4451
1704,2025-09-28,2025-09-01,weekend,comedy,theater & comedy,Elena Castillo,6,Austin,false,Austin Playhouse,2350,false,,59,173,122,0.7052,75.08,41,0,10512.92,2285.4,0.25,1356,90,0.0664,0.4556
1705,2025-09-28,2025-09-01,weekend,baseball,sports,Columbus Clippers FC,7,Columbus,true,Columbus Ballpark,39853,false,0.3,190,656,383,0.5838,46.2,106,106,22005.92,5501.47,0.3,3121,253,0.0811,0.419
1706,2025-09-28,2025-09-01,weekend,comedy,theater & comedy,Jordan Hale,8,Sacramento,false,Sacramento Playhouse,2242,false,,48,160,63,0.3938,55.24,21,0,3847.23,836.35,0.25,646,43,0.0666,0.4884
1707,2025-09-29,2025-09-01,weeknight,concert,concerts,The Paper Gardens,8,Sacramento,false,Sacramento Arena,19109,false,,240,876,487,0.5559,116.12,134,0,66971.71,14559.06,0.25,3601,296,0.0822,0.4527
1708,2025-09-30,2025-09-01,weeknight,comedy,theater & comedy,Ben Park,7,Columbus,true,Columbus Playhouse,2819,false,,59,223,103,0.4619,50.19,25,25,7208.64,1802.14,0.3,936,70,0.0748,0.3571
1709,2025-10-01,2025-10-01,weeknight,concert,concerts,Iris Moreno,1,Denver,false,Denver Arena,19434,false,,271,961,571,0.5942,134.61,165,0,87441.31,19008.98,0.25,4970,411,0.0827,0.4015
1710,2025-10-01,2025-10-01,weeknight,concert,concerts,Jordan Mensah,4,Portland,false,Portland Arena,19339,false,,254,885,487,0.5503,116.39,142,0,64783.88,14083.44,0.25,4252,334,0.0786,0.4251
1711,2025-10-01,2025-10-01,weeknight,theater,theater & comedy,The Last Ferry,6,Austin,false,Austin Playhouse,2350,false,,32,112,68,0.6071,103.59,21,0,8832.31,1920.07,0.25,740,54,0.073,0.3889
1712,2025-10-01,2025-10-01,weeknight,theater,theater & comedy,The Lighthouse Keeper,7,Columbus,true,Columbus Playhouse,2819,false,,50,188,85,0.4521,94.19,23,23,12457.59,3114.38,0.3,953,69,0.0724,0.3333
1713,2025-10-02,2025-10-01,weeknight,concert,concerts,The Hollow Harbors,4,Portland,false,Portland Arena,19339,false,,291,986,655,0.6643,148.63,200,0,120225.38,26135.89,0.25,5691,456,0.0801,0.4386
1714,2025-10-03,2025-10-01,weekend,theater,theater & comedy,The Lighthouse Keeper,1,Denver,false,Denver Playhouse,2520,false,,47,156,94,0.6026,136.13,29,0,12589.93,2736.94,0.25,1104,73,0.0661,0.3973
1715,2025-10-03,2025-10-01,weekend,concert,concerts,The Crimson Machines,4,Portland,false,Portland Arena,19339,false,,305,1088,652,0.5993,146.25,182,0,111404.99,24218.5,0.25,5027,404,0.0804,0.4505
1716,2025-10-03,2025-10-01,weekend,comedy,theater & comedy,Luis Sato,6,Austin,false,Austin Playhouse,2350,false,,54,175,124,0.7086,97.07,37,0,14360.87,3121.93,0.25,1164,80,0.0687,0.4625
1717,2025-10-03,2025-10-01,weekend,theater,theater & comedy,Dust Bowl Ballads,7,Columbus,true,Columbus Playhouse,2819,false,,61,236,153,0.6483,136.61,40,40,24463.01,6115.75,0.3,1603,110,0.0686,0.3636
1718,2025-10-03,2025-10-01,weekend,theater,theater & comedy,The Understudy,8,Sacramento,false,Sacramento Playhouse,2242,false,,43,144,102,0.7083,90.59,30,0,12615.48,2742.48,0.25,996,68,0.0683,0.4412
1719,2025-10-04,2025-10-01,weekend,theater,theater & comedy,The Clockmaker,3,Charlotte,false,Charlotte Playhouse,1903,false,,37,126,93,0.7381,130.49,26,0,15363.48,3339.87,0.25,1082,64,0.0591,0.4063
1720,2025-10-04,2025-10-01,weekend,theater,theater & comedy,The Last Ferry,4,Portland,false,Portland Playhouse,2637,false,,45,145,88,0.6069,105.55,28,0,8853.93,1924.77,0.25,735,48,0.0653,0.5833
1721,2025-10-04,2025-10-01,weekend,concert,concerts,Omar Adler,5,Nashville,true,Nashville Arena,19465,false,,300,1022,709,0.6937,161.1,214,214,138581.01,34645.26,0.3,6393,511,0.0799,0.4188
1722,2025-10-04,2025-10-01,weekend,theater,theater & comedy,A Winter Almanac,7,Columbus,true,Columbus Playhouse,2819,false,,51,207,106,0.5121,98.53,26,26,12014.49,3003.61,0.3,930,63,0.0677,0.4127
1723,2025-10-04,2025-10-01,weekend,theater,theater & comedy,Dust Bowl Ballads,8,Sacramento,false,Sacramento Playhouse,2242,false,,47,156,117,0.75,132.94,34,0,20600.99,4478.48,0.25,1132,69,0.061,0.4928
1724,2025-10-05,2025-10-01,weekend,comedy,theater & comedy,Hana Reyes,6,Austin,false,Austin Playhouse,2350,false,,47,160,99,0.6188,57.1,27,0,6846.77,1488.45,0.25,897,59,0.0658,0.4576
1725,2025-10-05,2025-10-01,weekend,concert,concerts,The Velvet Lanterns,7,Columbus,true,Columbus Arena,17956,false,,161,525,188,0.3581,53.62,53,53,12087.25,3021.81,0.3,1713,141,0.0823,0.3759
1726,2025-10-06,2025-10-01,weeknight,concert,concerts,The Midnight Gardens,1,Denver,false,Denver Arena,19434,false,,290,1056,702,0.6648,145.51,184,0,117065.5,25448.98,0.25,5102,412,0.0808,0.4466
1727,2025-10-07,2025-10-01,weeknight,comedy,theater & comedy,Luis Sato,3,Charlotte,false,Charlotte Playhouse,1903,false,,41,144,73,0.5069,69.15,20,0,5784.84,1257.59,0.25,675,40,0.0593,0.5
1728,2025-10-07,2025-10-01,weeknight,comedy,theater & comedy,Theo Moreno,5,Nashville,true,Nashville Playhouse,2364,false,,37,122,46,0.377,44.98,13,13,2438.79,609.69,0.3,541,37,0.0684,0.3514
1729,2025-10-07,2025-10-01,weeknight,theater,theater & comedy,Paper Moons,6,Austin,false,Austin Playhouse,2350,false,,37,137,59,0.4307,104.89,14,0,6271.65,1363.41,0.25,541,31,0.0573,0.4516
1730,2025-10-08,2025-10-01,weeknight,theater,theater & comedy,Glass Menagerie Revue,7,Columbus,true,Columbus Playhouse,2819,false,,45,156,90,0.5769,118.86,26,26,11934.47,2983.62,0.3,1009,75,0.0743,0.3467
1731,2025-10-10,2025-10-01,weekend,concert,concerts,The Hollow Rivers,1,Denver,false,Denver Arena,19434,false,,314,1103,711,0.6446,195.58,201,0,171438.36,37269.21,0.25,5327,426,0.08,0.4718
1732,2025-10-10,2025-10-01,weekend,theater,theater & comedy,Northbound,4,Portland,false,Portland Playhouse,2637,false,,67,243,191,0.786,163.96,53,0,41087.09,8931.98,0.25,1832,117,0.0639,0.453
1733,2025-10-10,2025-10-01,weekend,concert,concerts,The Quiet Foxes,5,Nashville,true,Nashville Arena,19465,false,,246,832,343,0.4123,78.01,104,104,28934.63,7233.67,0.3,3286,275,0.0837,0.3782
1734,2025-10-10,2025-10-01,weekend,theater,theater & comedy,The Last Ferry,5,Nashville,true,Nashville Playhouse,2364,false,,38,113,87,0.7699,93.39,28,28,11840.6,2960.13,0.3,982,67,0.0682,0.4179
1735,2025-10-10,2025-10-01,weekend,concert,concerts,The Golden Parade,6,Austin,false,Austin Arena,18625,false,,202,709,347,0.4894,51.34,96,0,20665.8,4492.56,0.25,2849,226,0.0793,0.4248
1736,2025-10-10,2025-10-01,weekend,theater,theater & comedy,The Lighthouse Keeper,6,Austin,false,Austin Playhouse,2350,false,,44,154,88,0.5714,118.97,24,0,9452.84,2054.98,0.25,906,59,0.0651,0.4068
1737,2025-10-10,2025-10-01,weekend,theater,theater & comedy,The Clockmaker,7,Columbus,true,Columbus Playhouse,2819,false,,68,230,163,0.7087,129.5,49,49,27462.9,6865.69,0.3,1640,118,0.072,0.4153
1738,2025-10-10,2025-10-01,weekend,concert,concerts,The Lucky Wolves,8,Sacramento,false,Sacramento Arena,19109,false,,205,717,331,0.4616,85.3,95,0,33273.04,7233.3,0.25,2626,211,0.0804,0.4502
1739,2025-10-10,2025-10-01,weekend,comedy,theater & comedy,Priya Whitaker,8,Sacramento,false,Sacramento Playhouse,2242,false,,43,150,69,0.46,38.66,17,0,3137.3,682.02,0.25,550,32,0.0582,0.5313
1740,2025-10-11,2025-10-01,weekend,theater,theater & comedy,Glass Menagerie Revue,1,Denver,false,Denver Playhouse,2520,false,,45,153,97,0.634,108.86,29,0,14159.92,3078.25,0.25,1076,66,0.0613,0.4394
1741,2025-10-11,2025-10-01,weekend,concert,concerts,Hana Whitaker,2,Phoenix,true,Phoenix Arena,19646,false,,362,1210,923,0.7628,195.86,275,274,240088.24,59983.09,0.2997,7767,621,0.08,0.4428
1742,2025-10-11,2025-10-01,weekend,concert,concerts,The Silver Gardens,3,Charlotte,false,Charlotte Arena,18003,false,,278,968,644,0.6653,149.58,188,0,110160.98,23948.09,0.25,5399,447,0.0828,0.4206
1743,2025-10-11,2025-10-01,weekend,comedy,theater & comedy,Omar Sato,5,Nashville,true,Nashville Playhouse,2364,false,,66,224,160,0.7143,86.38,45,45,18455.78,4613.9,0.3,1617,108,0.0668,0.4167
1744,2025-10-11,2025-10-01,weekend,theater,theater & comedy,Dust Bowl Ballads,7,Columbus,true,Columbus Playhouse,2819,false,,61,209,122,0.5837,159.16,34,34,25306.71,6326.68,0.3,1424,98,0.0688,0.3469
1745,2025-10-11,2025-10-01,weekend,concert,concerts,The Wild Lanterns,8,Sacramento,false,Sacramento Arena,19109,false,,285,953,600,0.6296,121.8,182,0,85691.81,18628.63,0.25,5140,414,0.0805,0.4396
1746,2025-10-11,2025-10-01,weekend,comedy,theater & comedy,Ravi Adler,8,Sacramento,false,Sacramento Playhouse,2242,false,,67,211,143,0.6777,97.39,52,0,16161.79,3513.43,0.25,1679,117,0.0697,0.4444
1747,2025-10-12,2025-10-01,weekend,football,sports,Denver Summit,1,Denver,false,Denver Stadium,67072,false,0.333,491,1758,995,0.566,162.43,278,0,184287.59,40062.48,0.25,7496,620,0.0827,0.4484
1748,2025-10-12,2025-10-01,weekend,football,sports,Charlotte Ironclads,3,Charlotte,false,Charlotte Stadium,67685,false,0.667,560,1962,1374,0.7003,178.91,384,0,299955.11,65207.56,0.25,10496,875,0.0834,0.4389
1749,2025-10-12,2025-10-01,weekend,football,sports,Nashville Outlaws,5,Nashville,true,Nashville Stadium,64896,false,0.5,491,1722,969,0.5627,197.53,278,278,226865.71,56716.35,0.3,8209,671,0.0817,0.4143
1750,2025-10-13,2025-10-01,weeknight,comedy,theater & comedy,Ravi Adler,5,Nashville,true,Nashville Playhouse,2364,false,,55,185,129,0.6973,95.69,35,35,14947.8,3736.95,0.3,1459,96,0.0658,0.3646
1751,2025-10-13,2025-10-01,weeknight,comedy,theater & comedy,Iris Reyes,6,Austin,false,Austin Playhouse,2350,false,,46,156,44,0.2821,53.69,15,0,2710.36,589.2,0.25,633,42,0.0664,0.3571
1752,2025-10-13,2025-10-01,weeknight,comedy,theater & comedy,Diego Sato,7,Columbus,true,Columbus Playhouse,2819,false,,62,216,93,0.4306,67.19,25,25,6025.09,1506.28,0.3,1010,71,0.0703,0.3521
1753,2025-10-13,2025-10-01,weeknight,theater,theater & comedy,Dust Bowl Ballads,8,Sacramento,false,Sacramento Playhouse,2242,false,,40,126,62,0.4921,97.85,19,0,6670.46,1450.1,0.25,730,44,0.0603,0.4318
1754,2025-10-14,2025-10-01,weeknight,theater,theater & comedy,Starlight Express Line,6,Austin,false,Austin Playhouse,2350,false,,38,120,64,0.5333,92.95,20,0,7578.45,1647.49,0.25,672,43,0.064,0.4651
1755,2025-10-15,2025-10-01,weeknight,concert,concerts,The Static Hearts,1,Denver,false,Denver Arena,19434,false,,293,995,626,0.6291,137.55,172,0,104647.21,22749.36,0.25,5024,397,0.079,0.4332
1756,2025-10-15,2025-10-01,weeknight,comedy,theater & comedy,Aisha Castillo,3,Charlotte,false,Charlotte Playhouse,1903,false,,38,136,71,0.5221,67.99,22,0,5595.28,1216.37,0.25,800,51,0.0638,0.4314
1757,2025-10-15,2025-10-01,weeknight,comedy,theater & comedy,Rosa Adler,5,Nashville,true,Nashville Playhouse,2364,false,,35,115,41,0.3565,25.67,13,13,1302.1,325.53,0.3,360,25,0.0694,0.52
1758,2025-10-16,2025-10-01,weeknight,theater,theater & comedy,The Understudy,1,Denver,false,Denver Playhouse,2520,false,,39,144,72,0.5,91.12,21,0,7862.27,1709.18,0.25,667,45,0.0675,0.4667
1759,2025-10-16,2025-10-01,weeknight,concert,concerts,Ben Fontaine,4,Portland,false,Portland Arena,19339,false,,284,1014,661,0.6519,143.64,181,0,115565.64,25122.94,0.25,4762,384,0.0806,0.4714
1760,2025-10-16,2025-10-01,weeknight,theater,theater & comedy,Northbound,6,Austin,false,Austin Playhouse,2350,false,,41,154,79,0.513,121.87,21,0,12796.17,2781.79,0.25,709,46,0.0649,0.4565
1761,2025-10-16,2025-10-01,weeknight,comedy,theater & comedy,Rosa Adler,8,Sacramento,false,Sacramento Playhouse,2242,false,,36,134,55,0.4104,24.26,14,0,1428.79,310.61,0.25,356,27,0.0758,0.5185
1762,2025-10-17,2025-10-01,weekend,comedy,theater & comedy,Iris Fontaine,3,Charlotte,false,Charlotte Playhouse,1903,false,,51,157,109,0.6943,121.04,37,0,16613.0,3611.54,0.25,1534,85,0.0554,0.4353
1763,2025-10-17,2025-10-01,weekend,concert,concerts,The Glass Rivers,6,Austin,false,Austin Arena,18625,false,,306,1085,693,0.6387,140.92,193,0,111950.22,24337.04,0.25,5486,432,0.0787,0.4468
1764,2025-10-17,2025-10-01,weekend,concert,concerts,Ravi Nguyen,8,Sacramento,false,Sacramento Arena,19109,false,,328,1134,797,0.7028,163.35,229,0,156226.13,33962.23,0.25,6263,500,0.0798,0.458
1765,2025-10-18,2025-10-01,weekend,theater,theater & comedy,Harbor Lights,3,Charlotte,false,Charlotte Playhouse,1903,false,,44,156,98,0.6282,157.18,24,0,17901.08,3891.53,0.25,980,56,0.0571,0.4286
1766,2025-10-18,2025-10-01,weekend,comedy,theater & comedy,Elena Castillo,7,Columbus,true,Columbus Playhouse,2819,false,,74,238,147,0.6176,86.22,49,49,14894.62,3723.68,0.3,1668,112,0.0671,0.4375
1767,2025-10-19,2025-10-01,weekend,theater,theater & comedy,Copper & Coal,5,Nashville,true,Nashville Playhouse,2364,false,,40,133,53,0.3985,94.59,16,16,5632.99,1408.24,0.3,613,40,0.0653,0.4
1768,2025-10-19,2025-10-01,weekend,theater,theater & comedy,Paper Moons,7,Columbus,true,Columbus Playhouse,2819,false,,40,131,81,0.6183,120.12,24,24,14137.11,3534.26,0.3,923,59,0.0639,0.4068
1769,2025-10-19,2025-10-01,weekend,comedy,theater & comedy,Luis Moreno,8,Sacramento,false,Sacramento Playhouse,2242,false,,41,149,76,0.5101,48.64,21,0,5225.84,1136.06,0.25,583,37,0.0635,0.5676
1770,2025-10-20,2025-10-01,weeknight,concert,concerts,The Northern Hearts,3,Charlotte,false,Charlotte Arena,18003,false,,224,769,368,0.4785,105.58,107,0,43369.39,9428.09,0.25,3008,243,0.0808,0.4403
1771,2025-10-20,2025-10-01,weeknight,theater,theater & comedy,The Lighthouse Keeper,4,Portland,false,Portland Playhouse,2637,false,,44,152,75,0.4934,87.0,21,0,7620.9,1656.7,0.25,693,48,0.0693,0.4375
1772,2025-10-21,2025-10-01,weeknight,theater,theater & comedy,A Winter Almanac,1,Denver,false,Denver Playhouse,2520,false,,46,151,93,0.6159,88.6,28,0,8964.35,1948.78,0.25,855,63,0.0737,0.4444
1773,2025-10-21,2025-10-01,weeknight,concert,concerts,The Glass Tides,7,Columbus,true,Columbus Arena,17956,false,,184,634,182,0.2871,61.07,58,58,14115.6,3528.92,0.3,2046,167,0.0816,0.3473
1774,2025-10-21,2025-10-01,weeknight,concert,concerts,Iris Kowalski,8,Sacramento,false,Sacramento Arena,19109,false,,279,958,558,0.5825,132.08,161,0,83986.6,18257.96,0.25,4479,355,0.0793,0.4535
1775,2025-10-22,2025-10-01,weeknight,theater,theater & comedy,Northbound,1,Denver,false,Denver Playhouse,2520,false,,52,184,124,0.6739,183.15,30,0,27500.45,5978.37,0.25,1225,82,0.0669,0.3659
1776,2025-10-22,2025-10-01,weeknight,theater,theater & comedy,The Understudy,2,Phoenix,true,Phoenix Playhouse,1894,false,,33,108,54,0.5,96.67,16,16,5917.85,1479.46,0.3,685,51,0.0745,0.3137
1777,2025-10-22,2025-10-01,weeknight,theater,theater & comedy,The Clockmaker,3,Charlotte,false,Charlotte Playhouse,1903,false,,34,133,53,0.3985,100.22,14,0,6576.41,1429.67,0.25,558,32,0.0573,0.4375
1778,2025-10-22,2025-10-01,weeknight,basketball,sports,Portland Timber Wolves,4,Portland,false,Portland Arena,19339,false,0.4,225,783,408,0.5211,91.51,112,0,43312.48,9415.74,0.25,3103,250,0.0806,0.448
1779,2025-10-23,2025-10-01,weeknight,basketball,sports,Charlotte Hornbills,3,Charlotte,false,Charlotte Arena,18003,false,0.1,196,691,324,0.4689,87.28,92,0,32075.76,6973.0,0.25,2541,207,0.0815,0.4444
1780,2025-10-23,2025-10-01,weeknight,theater,theater & comedy,Copper & Coal,3,Charlotte,false,Charlotte Playhouse,1903,false,,25,101,45,0.4455,74.89,12,0,3335.15,725.03,0.25,502,33,0.0657,0.3636
1781,2025-10-23,2025-10-01,weeknight,concert,concerts,The Glass Tides,6,Austin,false,Austin Arena,18625,false,,190,673,246,0.3655,53.34,69,0,14096.31,3064.41,0.25,2055,171,0.0832,0.4035
1782,2025-10-24,2025-10-01,weekend,concert,concerts,The Paper Saints,1,Denver,false,Denver Arena,19434,false,,289,1024,695,0.6787,135.28,193,0,112073.15,24363.74,0.25,5301,434,0.0819,0.4447
1783,2025-10-24,2025-10-01,weekend,hockey,sports,Phoenix Dust Devils,2,Phoenix,true,Phoenix Arena,19646,false,0.4,289,1021,634,0.621,130.62,174,174,103515.83,25879.01,0.3,5868,457,0.0779,0.3807
1784,2025-10-24,2025-10-01,weekend,theater,theater & comedy,Northbound,3,Charlotte,false,Charlotte Playhouse,1903,false,,39,130,85,0.6538,169.78,25,0,14505.63,3153.39,0.25,1180,65,0.0551,0.3846
1785,2025-10-24,2025-10-01,weekend,theater,theater & comedy,Paper Moons,4,Portland,false,Portland Playhouse,2637,false,,52,195,122,0.6256,112.82,35,0,17531.46,3811.18,0.25,1163,80,0.0688,0.4375
1786,2025-10-24,2025-10-01,weekend,comedy,theater & comedy,Luis Hale,5,Nashville,true,Nashville Playhouse,2364,false,,51,179,130,0.7263,64.84,35,35,12477.71,3119.41,0.3,1242,79,0.0636,0.443
1787,2025-10-24,2025-10-01,weekend,concert,concerts,The Lunar Harbors,7,Columbus,true,Columbus Arena,17956,false,,346,1206,893,0.7405,253.94,256,256,282220.59,70555.08,0.3,7556,599,0.0793,0.4274
1788,2025-10-24,2025-10-01,weekend,comedy,theater & comedy,June Ibarra,7,Columbus,true,Columbus Playhouse,2819,false,,78,264,161,0.6098,43.22,47,47,8517.71,2129.44,0.3,1581,123,0.0778,0.3821
1789,2025-10-24,2025-10-01,weekend,basketball,sports,Sacramento Monarchs,8,Sacramento,false,Sacramento Arena,19109,false,0.4,260,864,593,0.6863,120.22,177,0,86796.55,18868.81,0.25,5473,439,0.0802,0.4032
1790,2025-10-25,2025-10-01,weekend,comedy,theater & comedy,Theo Moreno,1,Denver,false,Denver Playhouse,2520,false,,47,145,82,0.5655,40.05,26,0,4068.55,884.44,0.25,828,61,0.0737,0.4262
1791,2025-10-25,2025-10-01,weekend,hockey,sports,Phoenix Dust Devils,2,Phoenix,true,Phoenix Arena,19646,false,0.5,210,710,467,0.6577,114.7,135,135,66811.79,16702.97,0.3,4050,316,0.078,0.4272
1792,2025-10-25,2025-10-01,weekend,theater,theater & comedy,The Lighthouse Keeper,3,Charlotte,false,Charlotte Playhouse,1903,false,,38,139,116,0.8345,118.45,29,0,17404.19,3783.52,0.25,1069,68,0.0636,0.4265
1793,2025-10-25,2025-10-01,weekend,hockey,sports,Nashville Steel,5,Nashville,true,Nashville Arena,19465,false,0.5,246,880,580,0.6591,96.55,167,167,71919.0,17979.76,0.3,5140,413,0.0804,0.4044
1794,2025-10-25,2025-10-01,weekend,hockey,sports,Austin Longhorns HC,6,Austin,false,Austin Arena,18625,false,0.3,193,681,337,0.4949,89.55,102,0,35885.27,7801.15,0.25,3096,245,0.0791,0.4163
1795,2025-10-25,2025-10-01,weekend,concert,concerts,The Broken Echoes,8,Sacramento,false,Sacramento Arena,19109,false,,199,670,296,0.4418,58.15,84,0,17648.72,3836.69,0.25,2459,201,0.0817,0.4179
1796,2025-10-25,2025-10-01,weekend,theater,theater & comedy,Northbound,8,Sacramento,false,Sacramento Playhouse,2242,false,,49,168,121,0.7202,170.23,35,0,21254.83,4620.59,0.25,1169,70,0.0599,0.5
1797,2025-10-26,2025-10-01,weekend,football,sports,Denver Summit,1,Denver,false,Denver Stadium,67072,false,0.25,452,1605,902,0.562,172.54,251,0,184482.83,40104.94,0.25,6545,536,0.0819,0.4683
1798,2025-10-26,2025-10-01,weekend,basketball,sports,Charlotte Hornbills,3,Charlotte,false,Charlotte Arena,18003,false,0.2,237,819,452,0.5519,99.42,130,0,57882.3,12583.12,0.25,3473,276,0.0795,0.471
1799,2025-10-26,2025-10-01,weekend,comedy,theater & comedy,Sam Ibarra,3,Charlotte,false,Charlotte Playhouse,1903,false,,38,122,87,0.7131,40.8,23,0,4779.13,1038.94,0.25,765,55,0.0719,0.4182
1800,2025-10-26,2025-10-01,weekend,football,sports,Charlotte Ironclads,3,Charlotte,false,Charlotte Stadium,67685,false,0.75,582,1984,1321,0.6658,179.17,395,0,287688.14,62540.91,0.25,10665,884,0.0829,0.4468
1801,2025-10-26,2025-10-01,weekend,football,sports,Nashville Outlaws,5,Nashville,true,Nashville Stadium,64896,false,0.5,509,1662,964,0.58,198.57,294,294,241709.64,60427.49,0.3,8223,662,0.0805,0.4441
1802,2025-10-26,2025-10-01,weekend,theater,theater & comedy,Glass Menagerie Revue,6,Austin,false,Austin Playhouse,2350,false,,46,157,99,0.6306,136.13,27,0,14476.55,3147.08,0.25,1194,67,0.0561,0.403
1803,2025-10-26,2025-10-01,weekend,theater,theater & comedy,Paper Moons,8,Sacramento,false,Sacramento Playhouse,2242,false,,43,128,92,0.7188,113.76,29,0,12948.01,2814.76,0.25,895,61,0.0682,0.4754
1804,2025-10-27,2025-10-01,weeknight,comedy,theater & comedy,Luis Sato,1,Denver,false,Denver Playhouse,2520,false,,56,212,147,0.6934,75.21,35,0,13544.55,2944.46,0.25,1366,95,0.0695,0.3684
1805,2025-10-27,2025-10-01,weeknight,basketball,sports,Charlotte Hornbills,3,Charlotte,false,Charlotte Arena,18003,false,0.3,198,682,344,0.5044,97.91,101,0,35617.3,7742.9,0.25,2788,225,0.0807,0.4489
1806,2025-10-27,2025-10-01,weeknight,hockey,sports,Nashville Steel,5,Nashville,true,Nashville Arena,19465,false,0.5,164,587,287,0.4889,78.38,84,84,28603.74,7150.93,0.3,2899,231,0.0797,0.3636
1807,2025-10-27,2025-10-01,weeknight,hockey,sports,Austin Longhorns HC,6,Austin,false,Austin Arena,18625,true,0.4,158,525,276,0.5257,80.44,79,0,0.0,0.0,,2060,167,0.0811,0.4731
1808,2025-10-28,2025-10-01,weeknight,basketball,sports,Denver Altitude,1,Denver,false,Denver Arena,19434,false,0.5,180,670,260,0.3881,87.52,79,0,23949.95,5206.51,0.25,2075,168,0.081,0.4702
1809,2025-10-28,2025-10-01,weeknight,concert,concerts,Kofi Ibarra,2,Phoenix,true,Phoenix Arena,19646,false,,304,989,527,0.5329,192.35,171,171,127720.19,31930.16,0.3,5451,434,0.0796,0.394
1810,2025-10-28,2025-10-01,weeknight,theater,theater & comedy,Starlight Express Line,3,Charlotte,false,Charlotte Playhouse,1903,false,,29,95,55,0.5789,88.56,17,0,6545.05,1422.85,0.25,696,47,0.0675,0.3617
1811,2025-10-28,2025-10-01,weeknight,concert,concerts,Iris Moreno,4,Portland,false,Portland Arena,19339,false,,251,829,484,0.5838,120.6,151,0,73617.74,16003.79,0.25,4278,346,0.0809,0.4364
1812,2025-10-28,2025-10-01,weeknight,concert,concerts,The Velvet Echoes,7,Columbus,true,Columbus Arena,17956,false,,200,689,270,0.3919,107.91,79,79,35864.91,8966.27,0.3,2677,216,0.0807,0.3657
1813,2025-10-28,2025-10-01,weeknight,comedy,theater & comedy,Hana Fontaine,7,Columbus,true,Columbus Playhouse,2819,false,,37,109,56,0.5138,69.38,18,18,4341.76,1085.43,0.3,767,52,0.0678,0.3462
1814,2025-10-28,2025-10-01,weeknight,comedy,theater & comedy,Hana Reyes,8,Sacramento,false,Sacramento Playhouse,2242,false,,42,156,107,0.6859,53.72,28,0,7410.21,1610.91,0.25,802,56,0.0698,0.5
1815,2025-10-29,2025-10-01,weeknight,basketball,sports,Denver Altitude,1,Denver,false,Denver Arena,19434,false,0.5,229,825,376,0.4558,93.69,107,0,39787.05,8649.37,0.25,3182,264,0.083,0.4053
1816,2025-10-29,2025-10-01,weeknight,hockey,sports,Nashville Steel,5,Nashville,true,Nashville Arena,19465,false,0.5,196,665,282,0.4241,80.76,85,85,28669.97,7167.52,0.3,2676,217,0.0811,0.3917
1817,2025-10-29,2025-10-01,weeknight,hockey,sports,Austin Longhorns HC,6,Austin,false,Austin Arena,18625,false,0.4,178,596,351,0.5889,85.64,106,0,36261.82,7883.0,0.25,2946,236,0.0801,0.4492
1818,2025-10-29,2025-10-01,weeknight,comedy,theater & comedy,Kofi Mensah,6,Austin,false,Austin Playhouse,2350,false,,50,190,80,0.4211,33.1,24,0,3708.02,806.1,0.25,649,49,0.0755,0.4898
1819,2025-10-29,2025-10-01,weeknight,concert,concerts,Priya Ibarra,8,Sacramento,false,Sacramento Arena,19109,false,,213,747,369,0.494,67.7,105,0,28345.13,6161.99,0.25,2914,238,0.0817,0.4412
1820,2025-10-30,2025-10-01,weeknight,basketball,sports,Denver Altitude,1,Denver,false,Denver Arena,19434,false,0.5,208,688,359,0.5218,105.6,115,0,40317.66,8764.76,0.25,3243,269,0.0829,0.4275
1821,2025-10-30,2025-10-01,weeknight,theater,theater & comedy,Northbound,2,Phoenix,true,Phoenix Playhouse,1894,false,,26,84,56,0.6667,149.06,17,17,8648.87,2162.21,0.3,624,35,0.0561,0.4857
1822,2025-10-30,2025-10-01,weeknight,concert,concerts,The Quiet Pilots,5,Nashville,true,Nashville Arena,19465,false,,286,996,553,0.5552,141.34,154,154,98359.16,24589.81,0.3,4908,394,0.0803,0.3909
1823,2025-10-30,2025-10-01,weeknight,comedy,theater & comedy,Luis Sato,6,Austin,false,Austin Playhouse,2350,false,,59,219,139,0.6347,77.2,41,0,13398.4,2912.69,0.25,1447,104,0.0719,0.3942
1824,2025-10-30,2025-10-01,weeknight,comedy,theater & comedy,Omar Sato,8,Sacramento,false,Sacramento Playhouse,2242,false,,52,187,128,0.6845,64.38,34,0,9651.66,2098.17,0.25,1186,81,0.0683,0.4198
1825,2025-10-31,2025-10-01,weekend,concert,concerts,The Paper Pilots,1,Denver,false,Denver Arena,19434,false,,343,1242,939,0.756,174.39,263,0,211967.84,46079.96,0.25,7779,618,0.0794,0.4256
1826,2025-10-31,2025-10-01,weekend,hockey,sports,Phoenix Dust Devils,2,Phoenix,true,Phoenix Arena,19646,false,0.6,220,725,460,0.6345,114.65,141,141,65002.97,16250.73,0.3,4465,342,0.0766,0.4123
1827,2025-10-31,2025-10-01,weekend,basketball,sports,Charlotte Hornbills,3,Charlotte,false,Charlotte Arena,18003,true,0.3,201,721,434,0.6019,109.62,110,0,0.0,0.0,,3063,247,0.0806,0.4453
1828,2025-10-31,2025-10-01,weekend,comedy,theater & comedy,Rosa Brennan,3,Charlotte,false,Charlotte Playhouse,1903,false,,35,124,68,0.5484,38.31,15,0,2959.76,643.42,0.25,666,46,0.0691,0.3261
1829,2025-10-31,2025-10-01,weekend,basketball,sports,Portland Timber Wolves,4,Portland,false,Portland Arena,19339,false,0.6,226,854,493,0.5773,108.98,131,0,64779.42,14082.46,0.25,4176,324,0.0776,0.4043
1830,2025-10-31,2025-10-01,weekend,hockey,sports,Nashville Steel,5,Nashville,true,Nashville Arena,19465,false,0.4,203,688,369,0.5363,103.55,110,110,47530.17,11882.57,0.3,3336,267,0.08,0.412
1831,2025-10-31,2025-10-01,weekend,theater,theater & comedy,Northbound,7,Columbus,true,Columbus Playhouse,2819,false,,45,179,110,0.6145,171.24,27,27,19688.91,4922.2,0.3,989,59,0.0597,0.4576
1832,2025-11-01,2025-11-01,weekend,comedy,theater & comedy,Jordan Kowalski,1,Denver,false,Denver Playhouse,2520,false,,43,171,88,0.5146,47.05,22,0,4035.88,877.38,0.25,762,54,0.0709,0.4074
1833,2025-11-01,2025-11-01,weekend,hockey,sports,Columbus Navigators,7,Columbus,true,Columbus Arena,17956,false,0.5,232,806,540,0.67,143.37,152,152,96315.07,24078.74,0.3,4478,360,0.0804,0.4222
1834,2025-11-01,2025-11-01,weekend,basketball,sports,Sacramento Monarchs,8,Sacramento,false,Sacramento Arena,19109,false,0.6,247,790,420,0.5316,113.82,136,0,55609.83,12089.09,0.25,3888,314,0.0808,0.4331
1835,2025-11-02,2025-11-01,weekend,hockey,sports,Phoenix Dust Devils,2,Phoenix,true,Phoenix Arena,19646,false,0.6,188,677,321,0.4742,102.81,94,94,41844.96,10461.3,0.3,3185,251,0.0788,0.3745
1836,2025-11-02,2025-11-01,weekend,basketball,sports,Portland Timber Wolves,4,Portland,false,Portland Arena,19339,false,0.6,246,854,504,0.5902,118.91,148,0,70526.91,15331.95,0.25,3952,325,0.0822,0.4554
1837,2025-11-02,2025-11-01,weekend,comedy,theater & comedy,Ravi Ibarra,4,Portland,false,Portland Playhouse,2637,false,,61,217,144,0.6636,56.64,40,0,9783.32,2126.79,0.25,1236,87,0.0704,0.4598
1838,2025-11-02,2025-11-01,weekend,hockey,sports,Nashville Steel,5,Nashville,true,Nashville Arena,19465,false,0.4,182,654,359,0.5489,87.87,95,95,38553.99,9638.53,0.3,2975,231,0.0776,0.4113
1839,2025-11-02,2025-11-01,weekend,theater,theater & comedy,Northbound,7,Columbus,true,Columbus Playhouse,2819,false,,58,191,143,0.7487,180.92,38,38,31911.08,7977.78,0.3,1521,97,0.0638,0.3918
1840,2025-11-02,2025-11-01,weekend,concert,concerts,The Golden Parade,8,Sacramento,false,Sacramento Arena,19109,false,,202,696,270,0.3879,55.04,80,0,15312.28,3328.77,0.25,2371,193,0.0814,0.4145
1841,2025-11-02,2025-11-01,weekend,theater,theater & comedy,The Understudy,8,Sacramento,false,Sacramento Playhouse,2242,false,,37,133,89,0.6692,110.42,24,0,14098.98,3064.98,0.25,828,56,0.0676,0.4286
1842,2025-11-03,2025-11-01,weeknight,concert,concerts,The Hollow Rivers,1,Denver,false,Denver Arena,19434,false,,349,1183,828,0.6999,212.26,251,0,218215.65,47438.13,0.25,7180,567,0.079,0.4427
1843,2025-11-03,2025-11-01,weeknight,basketball,sports,Charlotte Hornbills,3,Charlotte,false,Charlotte Arena,18003,false,0.3,180,621,309,0.4976,94.37,89,0,32045.54,6966.45,0.25,2452,198,0.0808,0.4495
1844,2025-11-03,2025-11-01,weeknight,theater,theater & comedy,Dust Bowl Ballads,3,Charlotte,false,Charlotte Playhouse,1903,false,,37,133,85,0.6391,104.53,24,0,12951.34,2815.54,0.25,771,57,0.0739,0.4211
1845,2025-11-03,2025-11-01,weeknight,comedy,theater & comedy,Omar Sato,5,Nashville,true,Nashville Playhouse,2364,false,,44,136,61,0.4485,53.66,20,20,4168.03,1042.03,0.3,778,55,0.0707,0.3636
1846,2025-11-03,2025-11-01,weeknight,hockey,sports,Austin Longhorns HC,6,Austin,false,Austin Arena,18625,false,0.5,181,643,393,0.6112,104.4,107,0,51367.66,11166.89,0.25,3178,249,0.0784,0.4297
1847,2025-11-03,2025-11-01,weeknight,theater,theater & comedy,The Clockmaker,7,Columbus,true,Columbus Playhouse,2819,false,,48,161,86,0.5342,113.72,25,25,11506.17,2876.55,0.3,938,69,0.0736,0.3623
1848,2025-11-03,2025-11-01,weeknight,basketball,sports,Sacramento Monarchs,8,Sacramento,false,Sacramento Arena,19109,false,0.6,202,729,399,0.5473,99.88,108,0,47425.27,10309.82,0.25,3212,263,0.0819,0.4106
1849,2025-11-04,2025-11-01,weeknight,basketball,sports,Charlotte Hornbills,3,Charlotte,false,Charlotte Arena,18003,false,0.2,175,598,317,0.5301,89.8,91,0,34524.96,7505.41,0.25,2440,199,0.0816,0.4573
1850,2025-11-04,2025-11-01,weeknight,basketball,sports,Portland Timber Wolves,4,Portland,false,Portland Arena,19339,false,0.6,242,827,440,0.532,99.6,136,0,53366.18,11601.36,0.25,3549,295,0.0831,0.461
1851,2025-11-04,2025-11-01,weeknight,hockey,sports,Nashville Steel,5,Nashville,true,Nashville Arena,19465,false,0.5,180,602,284,0.4718,92.24,86,86,31263.76,7815.89,0.3,2849,230,0.0807,0.3739
1852,2025-11-04,2025-11-01,weeknight,hockey,sports,Columbus Navigators,7,Columbus,true,Columbus Arena,17956,false,0.6,193,673,387,0.575,129.9,110,110,61707.47,15426.85,0.3,3570,280,0.0784,0.3929
1853,2025-11-04,2025-11-01,weeknight,concert,concerts,Omar Castillo,8,Sacramento,false,Sacramento Arena,19109,false,,346,1191,950,0.7976,273.19,272,0,310307.99,67458.31,0.25,7437,606,0.0815,0.4488
1854,2025-11-05,2025-11-01,weeknight,basketball,sports,Denver Altitude,1,Denver,false,Denver Arena,19434,false,0.5,228,777,434,0.5586,99.33,125,0,48163.07,10470.22,0.25,3175,265,0.0835,0.4717
1855,2025-11-05,2025-11-01,weeknight,basketball,sports,Charlotte Hornbills,3,Charlotte,false,Charlotte Arena,18003,false,0.2,186,666,288,0.4324,74.43,81,0,26693.83,5803.0,0.25,2240,185,0.0826,0.4378
1856,2025-11-05,2025-11-01,weeknight,basketball,sports,Portland Timber Wolves,4,Portland,false,Portland Arena,19339,false,0.5,242,825,497,0.6024,98.26,146,0,57735.71,12551.2,0.25,4290,351,0.0818,0.416
1857,2025-11-05,2025-11-01,weeknight,theater,theater & comedy,The Last Ferry,4,Portland,false,Portland Playhouse,2637,false,,37,155,73,0.471,68.66,19,0,7868.72,1710.6,0.25,551,41,0.0744,0.4634
1858,2025-11-05,2025-11-01,weeknight,hockey,sports,Columbus Navigators,7,Columbus,true,Columbus Arena,17956,false,0.7,273,929,704,0.7578,155.73,204,204,134442.85,33610.73,0.3,6234,486,0.078,0.4198
1859,2025-11-05,2025-11-01,weeknight,concert,concerts,The Desert Machines,8,Sacramento,false,Sacramento Arena,19109,false,,239,827,435,0.526,106.84,128,0,53795.49,11694.67,0.25,3890,313,0.0805,0.4089
1860,2025-11-06,2025-11-01,weeknight,basketball,sports,Denver Altitude,1,Denver,false,Denver Arena,19434,false,0.6,218,745,392,0.5262,92.85,123,0,39807.59,8653.84,0.25,3314,272,0.0821,0.4522
1861,2025-11-06,2025-11-01,weeknight,basketball,sports,Portland Timber Wolves,4,Portland,false,Portland Arena,19339,false,0.4,200,702,366,0.5214,93.12,101,0,40144.59,8727.11,0.25,2735,224,0.0819,0.4509
1862,2025-11-06,2025-11-01,weeknight,concert,concerts,Priya Brennan,5,Nashville,true,Nashville Arena,19465,false,,349,1249,804,0.6437,225.18,227,227,214432.33,53608.1,0.3,7245,575,0.0794,0.3948
1863,2025-11-06,2025-11-01,weeknight,concert,concerts,The Quiet Harbors,7,Columbus,true,Columbus Arena,17956,false,,271,927,420,0.4531,99.82,138,138,49615.03,12403.78,0.3,4207,353,0.0839,0.3909
1864,2025-11-06,2025-11-01,weeknight,basketball,sports,Sacramento Monarchs,8,Sacramento,false,Sacramento Arena,19109,false,0.7,201,664,411,0.619,107.18,125,0,52859.69,11491.27,0.25,3530,283,0.0802,0.4417
1865,2025-11-07,2025-11-01,weekend,concert,concerts,The Lucky Wolves,1,Denver,false,Denver Arena,19434,false,,268,932,498,0.5343,101.62,147,0,57614.63,12524.95,0.25,3989,319,0.08,0.4608
1866,2025-11-07,2025-11-01,weekend,theater,theater & comedy,A Winter Almanac,2,Phoenix,true,Phoenix Playhouse,1894,false,,34,114,57,0.5,106.91,18,18,8245.39,2061.37,0.3,580,37,0.0638,0.4865
1867,2025-11-07,2025-11-01,weekend,concert,concerts,Priya Fontaine,3,Charlotte,false,Charlotte Arena,18003,false,,204,689,342,0.4964,76.05,105,0,29592.55,6433.13,0.25,2782,234,0.0841,0.4487
1868,2025-11-07,2025-11-01,weekend,concert,concerts,The Golden Parade,4,Portland,false,Portland Arena,19339,false,,201,674,285,0.4228,57.27,89,0,16889.72,3671.71,0.25,2419,197,0.0814,0.4518
1869,2025-11-07,2025-11-01,weekend,comedy,theater & comedy,Kofi Mensah,4,Portland,false,Portland Playhouse,2637,false,,53,208,145,0.6971,50.53,34,0,9690.55,2106.63,0.25,1192,87,0.073,0.3908
1870,2025-11-07,2025-11-01,weekend,hockey,sports,Columbus Navigators,7,Columbus,true,Columbus Arena,17956,false,0.8,280,884,624,0.7059,158.61,197,197,121357.75,30339.45,0.3,5696,447,0.0785,0.4407
1871,2025-11-07,2025-11-01,weekend,theater,theater & comedy,Glass Menagerie Revue,8,Sacramento,false,Sacramento Playhouse,2242,false,,48,160,128,0.8,122.48,40,0,21202.67,4609.25,0.25,1400,90,0.0643,0.4444
1872,2025-11-08,2025-11-01,weekend,theater,theater & comedy,Starlight Express Line,3,Charlotte,false,Charlotte Playhouse,1903,false,,37,148,106,0.7162,143.95,26,0,17575.04,3820.65,0.25,1004,56,0.0558,0.4643
1873,2025-11-08,2025-11-01,weekend,theater,theater & comedy,Copper & Coal,4,Portland,false,Portland Playhouse,2637,false,,39,139,90,0.6475,97.82,27,0,11781.37,2561.16,0.25,1041,70,0.0672,0.3857
1874,2025-11-08,2025-11-01,weekend,theater,theater & comedy,Harbor Lights,5,Nashville,true,Nashville Playhouse,2364,false,,50,187,128,0.6845,158.83,35,35,24739.41,6184.85,0.3,1223,79,0.0646,0.443
1875,2025-11-08,2025-11-01,weekend,hockey,sports,Austin Longhorns HC,6,Austin,false,Austin Arena,18625,false,0.7,241,866,562,0.649,112.25,163,0,73346.87,15944.96,0.25,5088,399,0.0784,0.4085
1876,2025-11-08,2025-11-01,weekend,theater,theater & comedy,The Last Ferry,7,Columbus,true,Columbus Playhouse,2819,false,,46,152,97,0.6382,86.08,28,28,12258.27,3064.58,0.3,1045,73,0.0699,0.3836
1877,2025-11-08,2025-11-01,weekend,theater,theater & comedy,The Lighthouse Keeper,8,Sacramento,false,Sacramento Playhouse,2242,false,,44,153,94,0.6144,109.85,27,0,14046.72,3053.66,0.25,988,64,0.0648,0.4219
1878,2025-11-09,2025-11-01,weekend,football,sports,Denver Summit,1,Denver,false,Denver Stadium,67072,false,0.3,457,1568,834,0.5319,158.29,242,0,151862.25,33013.6,0.25,6413,533,0.0831,0.454
1879,2025-11-09,2025-11-01,weekend,hockey,sports,Phoenix Dust Devils,2,Phoenix,true,Phoenix Arena,19646,false,0.6,198,676,367,0.5429,103.47,108,108,48681.57,12170.44,0.3,3391,270,0.0796,0.4
1880,2025-11-09,2025-11-01,weekend,football,sports,Charlotte Ironclads,3,Charlotte,false,Charlotte Stadium,67685,false,0.8,598,2099,1397,0.6656,187.16,408,0,299641.7,65139.57,0.25,10648,879,0.0826,0.4642
1881,2025-11-09,2025-11-01,weekend,theater,theater & comedy,Paper Moons,4,Portland,false,Portland Playhouse,2637,false,,63,188,128,0.6809,107.54,46,0,18238.99,3965.03,0.25,1345,98,0.0729,0.4694
1882,2025-11-09,2025-11-01,weekend,theater,theater & comedy,Northbound,5,Nashville,true,Nashville Playhouse,2364,false,,41,124,71,0.5726,143.85,24,24,11460.59,2865.14,0.3,891,55,0.0617,0.4364
1883,2025-11-09,2025-11-01,weekend,football,sports,Nashville Outlaws,5,Nashville,true,Nashville Stadium,64896,false,0.5,497,1733,1080,0.6232,188.13,321,321,261595.19,65398.96,0.3,9378,768,0.0819,0.418
1884,2025-11-09,2025-11-01,weekend,comedy,theater & comedy,Dana Kowalski,8,Sacramento,false,Sacramento Playhouse,2242,false,,36,113,72,0.6372,71.48,23,0,6335.81,1377.36,0.25,797,50,0.0627,0.46
1885,2025-11-10,2025-11-01,weeknight,theater,theater & comedy,The Last Ferry,1,Denver,false,Denver Playhouse,2520,false,,37,123,65,0.5285,102.35,22,0,8212.45,1785.33,0.25,785,53,0.0675,0.4151
1886,2025-11-10,2025-11-01,weeknight,basketball,sports,Charlotte Hornbills,3,Charlotte,false,Charlotte Arena,18003,false,0.3,182,623,260,0.4173,101.7,77,0,29835.15,6485.93,0.25,2004,162,0.0808,0.4753
1887,2025-11-10,2025-11-01,weeknight,basketball,sports,Portland Timber Wolves,4,Portland,false,Portland Arena,19339,false,0.5,187,670,359,0.5358,99.06,102,0,38600.76,8391.47,0.25,2956,238,0.0805,0.4286
1888,2025-11-10,2025-11-01,weeknight,hockey,sports,Nashville Steel,5,Nashville,true,Nashville Arena,19465,false,0.6,161,579,289,0.4991,82.43,77,77,28843.08,7210.79,0.3,2577,211,0.0819,0.3649
1889,2025-11-10,2025-11-01,weeknight,hockey,sports,Austin Longhorns HC,6,Austin,false,Austin Arena,18625,false,0.7,222,786,490,0.6234,94.62,142,0,54098.36,11760.5,0.25,4069,328,0.0806,0.4329
1890,2025-11-11,2025-11-01,weeknight,hockey,sports,Phoenix Dust Devils,2,Phoenix,true,Phoenix Arena,19646,false,0.6,207,681,316,0.464,91.45,98,98,35277.16,8819.25,0.3,2778,226,0.0814,0.4336
1891,2025-11-11,2025-11-01,weeknight,theater,theater & comedy,Dust Bowl Ballads,3,Charlotte,false,Charlotte Playhouse,1903,false,,22,90,54,0.6,145.63,12,0,9071.24,1972.0,0.25,451,31,0.0687,0.3871
1892,2025-11-11,2025-11-01,weeknight,hockey,sports,Nashville Steel,5,Nashville,true,Nashville Arena,19465,false,0.7,199,727,373,0.5131,93.81,103,103,40526.4,10131.62,0.3,2963,236,0.0796,0.4364
1893,2025-11-11,2025-11-01,weeknight,theater,theater & comedy,Dust Bowl Ballads,6,Austin,false,Austin Playhouse,2350,false,,41,147,95,0.6463,100.45,24,0,9106.01,1979.53,0.25,769,52,0.0676,0.4615
1894,2025-11-11,2025-11-01,weeknight,theater,theater & comedy,A Winter Almanac,8,Sacramento,false,Sacramento Playhouse,2242,false,,29,100,58,0.58,62.42,16,0,4153.27,902.89,0.25,468,33,0.0705,0.4848
1895,2025-11-12,2025-11-01,weeknight,basketball,sports,Denver Altitude,1,Denver,false,Denver Arena,19434,false,0.6,243,831,464,0.5584,96.31,135,0,49708.88,10806.26,0.25,3766,301,0.0799,0.4485
1896,2025-11-12,2025-11-01,weeknight,concert,concerts,Omar Adler,3,Charlotte,false,Charlotte Arena,18003,false,,239,819,500,0.6105,129.28,143,0,84859.95,18447.75,0.25,4044,325,0.0804,0.44
1897,2025-11-12,2025-11-01,weeknight,theater,theater & comedy,Starlight Express Line,4,Portland,false,Portland Playhouse,2637,false,,36,116,47,0.4052,146.32,17,0,7147.0,1553.69,0.25,601,33,0.0549,0.5152
1898,2025-11-12,2025-11-01,weeknight,theater,theater & comedy,Starlight Express Line,6,Austin,false,Austin Playhouse,2350,false,,41,140,88,0.6286,101.25,24,0,10876.35,2364.42,0.25,735,51,0.0694,0.4706
1899,2025-11-13,2025-11-01,weeknight,basketball,sports,Charlotte Hornbills,3,Charlotte,false,Charlotte Arena,18003,false,0.3,213,725,331,0.4566,87.53,98,0,35741.2,7769.83,0.25,2994,242,0.0808,0.405
1900,2025-11-13,2025-11-01,weeknight,theater,theater & comedy,The Lighthouse Keeper,5,Nashville,true,Nashville Playhouse,2364,false,,41,143,91,0.6364,85.96,27,27,10471.21,2617.75,0.3,917,62,0.0676,0.4355
1901,2025-11-13,2025-11-01,weeknight,hockey,sports,Austin Longhorns HC,6,Austin,false,Austin Arena,18625,false,0.7,210,748,472,0.631,102.87,130,0,58340.6,12682.72,0.25,4130,337,0.0816,0.3858
1902,2025-11-13,2025-11-01,weeknight,theater,theater & comedy,Copper & Coal,7,Columbus,true,Columbus Playhouse,2819,false,,53,177,53,0.2994,87.36,17,17,4851.9,1212.98,0.3,769,56,0.0728,0.3036
1903,2025-11-13,2025-11-01,weeknight,basketball,sports,Sacramento Monarchs,8,Sacramento,false,Sacramento Arena,19109,false,0.6,208,751,365,0.486,108.34,108,0,45535.15,9898.96,0.25,2821,233,0.0826,0.4635
1904,2025-11-14,2025-11-01,weekend,concert,concerts,The Desert Machines,1,Denver,false,Denver Arena,19434,false,,300,1006,667,0.663,130.14,196,0,97579.97,21212.99,0.25,5523,439,0.0795,0.4465
1905,2025-11-14,2025-11-01,weekend,comedy,theater & comedy,Priya Whitaker,1,Denver,false,Denver Playhouse,2520,false,,34,135,81,0.6,47.28,21,0,5567.46,1210.31,0.25,640,45,0.0703,0.4667
1906,2025-11-14,2025-11-01,weekend,hockey,sports,Phoenix Dust Devils,2,Phoenix,true,Phoenix Arena,19646,false,0.6,184,676,401,0.5932,108.05,103,103,51739.4,12934.83,0.3,3327,265,0.0797,0.3887
1907,2025-11-14,2025-11-01,weekend,basketball,sports,Charlotte Hornbills,3,Charlotte,false,Charlotte Arena,18003,false,0.2,215,695,383,0.5511,121.45,119,0,46895.47,10194.67,0.25,3323,262,0.0788,0.4542
1908,2025-11-14,2025-11-01,weekend,concert,concerts,Ravi Nguyen,4,Portland,false,Portland Arena,19339,false,,317,1060,736,0.6943,167.02,213,0,138632.54,30137.49,0.25,5990,487,0.0813,0.4374
1909,2025-11-14,2025-11-01,weekend,comedy,theater & comedy,Marcus Fontaine,4,Portland,false,Portland Playhouse,2637,false,,52,193,117,0.6062,75.5,32,0,8992.62,1954.88,0.25,1228,77,0.0627,0.4156
1910,2025-11-14,2025-11-01,weekend,theater,theater & comedy,A Winter Almanac,6,Austin,false,Austin Playhouse,2350,false,,39,149,82,0.5503,101.62,22,0,7064.73,1535.82,0.25,757,49,0.0647,0.449
1911,2025-11-14,2025-11-01,weekend,theater,theater & comedy,Starlight Express Line,7,Columbus,true,Columbus Playhouse,2819,false,,51,180,102,0.5667,136.41,30,30,16644.58,4161.15,0.3,1053,66,0.0627,0.4545
1912,2025-11-14,2025-11-01,weekend,concert,concerts,The Velvet Tides,8,Sacramento,false,Sacramento Arena,19109,false,,245,871,538,0.6177,120.36,151,0,73219.55,15917.33,0.25,4225,338,0.08,0.4467
1913,2025-11-14,2025-11-01,weekend,comedy,theater & comedy,Ravi Ibarra,8,Sacramento,false,Sacramento Playhouse,2242,false,,43,170,53,0.3118,56.23,14,0,3891.97,846.06,0.25,439,26,0.0592,0.5385
1914,2025-11-15,2025-11-01,weekend,basketball,sports,Denver Altitude,1,Denver,false,Denver Arena,19434,false,0.6,243,822,481,0.5852,100.8,138,0,60850.85,13228.45,0.25,3927,310,0.0789,0.4452
1915,2025-11-15,2025-11-01,weekend,comedy,theater & comedy,Luis Sato,2,Phoenix,true,Phoenix Playhouse,1894,false,,43,114,69,0.6053,101.33,27,27,7890.91,1972.74,0.3,1178,71,0.0603,0.3803
1916,2025-11-15,2025-11-01,weekend,theater,theater & comedy,A Winter Almanac,4,Portland,false,Portland Playhouse,2637,false,,50,192,118,0.6146,94.3,30,0,16323.84,3548.63,0.25,818,56,0.0685,0.5357
1917,2025-11-15,2025-11-01,weekend,concert,concerts,The Crimson Echoes,5,Nashville,true,Nashville Arena,19465,false,,241,811,412,0.508,101.18,130,130,52857.76,13214.44,0.3,3910,323,0.0826,0.4025
1918,2025-11-15,2025-11-01,weekend,theater,theater & comedy,The Clockmaker,5,Nashville,true,Nashville Playhouse,2364,false,,46,169,110,0.6509,150.56,29,29,20866.05,5216.51,0.3,1049,64,0.061,0.4531
1919,2025-11-15,2025-11-01,weekend,hockey,sports,Columbus Navigators,7,Columbus,true,Columbus Arena,17956,false,0.8,251,871,618,0.7095,149.73,169,169,114070.81,28517.72,0.3,5301,411,0.0775,0.4112
1920,2025-11-16,2025-11-01,weekend,theater,theater & comedy,Paper Moons,3,Charlotte,false,Charlotte Playhouse,1903,false,,34,125,97,0.776,127.39,27,0,15554.47,3381.41,0.25,962,62,0.0644,0.4355
1921,2025-11-16,2025-11-01,weekend,basketball,sports,Portland Timber Wolves,4,Portland,false,Portland Arena,19339,false,0.4,212,781,476,0.6095,110.72,120,0,64144.48,13944.43,0.25,3369,265,0.0787,0.4528
1922,2025-11-16,2025-11-01,weekend,hockey,sports,Nashville Steel,5,Nashville,true,Nashville Arena,19465,false,0.8,192,688,458,0.6657,109.77,129,129,60781.7,15195.42,0.3,3801,305,0.0802,0.423
1923,2025-11-16,2025-11-01,weekend,hockey,sports,Austin Longhorns HC,6,Austin,false,Austin Arena,18625,false,0.7,220,727,468,0.6437,112.27,143,0,62119.72,13504.28,0.25,4281,336,0.0785,0.4256
1924,2025-11-16,2025-11-01,weekend,comedy,theater & comedy,Aisha Reyes,8,Sacramento,false,Sacramento Playhouse,2242,false,,52,175,95,0.5429,61.31,29,0,6666.59,1449.27,0.25,1020,68,0.0667,0.4265
1925,2025-11-17,2025-11-01,weeknight,theater,theater & comedy,Dust Bowl Ballads,1,Denver,false,Denver Playhouse,2520,false,,40,150,107,0.7133,114.25,26,0,14645.02,3183.71,0.25,901,56,0.0622,0.4643
1926,2025-11-17,2025-11-01,weeknight,concert,concerts,Luis Okafor,5,Nashville,true,Nashville Arena,19465,false,,249,932,482,0.5172,111.32,124,124,66744.0,16686.02,0.3,4081,332,0.0814,0.3735
1927,2025-11-17,2025-11-01,weeknight,comedy,theater & comedy,Priya Whitaker,5,Nashville,true,Nashville Playhouse,2364,false,,51,169,81,0.4793,35.53,24,24,3477.79,869.43,0.3,861,58,0.0674,0.4138
1928,2025-11-17,2025-11-01,weeknight,hockey,sports,Columbus Navigators,7,Columbus,true,Columbus Arena,17956,false,0.7,187,652,412,0.6319,134.09,119,119,63908.01,15977.05,0.3,3537,280,0.0792,0.425
1929,2025-11-17,2025-11-01,weeknight,comedy,theater & comedy,Jordan Hale,8,Sacramento,false,Sacramento Playhouse,2242,false,,51,151,71,0.4702,42.65,25,0,3559.75,773.86,0.25,953,72,0.0756,0.3472
1930,2025-11-18,2025-11-01,weeknight,basketball,sports,Denver Altitude,1,Denver,false,Denver Arena,19434,false,0.4,203,684,339,0.4956,97.48,98,0,39073.84,8494.36,0.25,2854,226,0.0792,0.4336
1931,2025-11-18,2025-11-01,weeknight,hockey,sports,Phoenix Dust Devils,2,Phoenix,true,Phoenix Arena,19646,false,0.6,191,697,419,0.6011,112.29,113,113,55032.36,13758.1,0.3,3489,278,0.0797,0.4065
1932,2025-11-18,2025-11-01,weeknight,theater,theater & comedy,Starlight Express Line,2,Phoenix,true,Phoenix Playhouse,1894,false,,37,126,80,0.6349,92.99,22,22,11601.09,2900.28,0.3,753,52,0.0691,0.4231
1933,2025-11-18,2025-11-01,weeknight,basketball,sports,Charlotte Hornbills,3,Charlotte,false,Charlotte Arena,18003,false,0.3,212,753,385,0.5113,97.29,111,0,45236.59,9834.06,0.25,3115,255,0.0819,0.4353
1934,2025-11-18,2025-11-01,weeknight,basketball,sports,Portland Timber Wolves,4,Portland,false,Portland Arena,19339,false,0.4,221,766,356,0.4648,85.85,103,0,33491.59,7280.77,0.25,2793,229,0.082,0.4498
1935,2025-11-18,2025-11-01,weeknight,comedy,theater & comedy,Sam Nguyen,4,Portland,false,Portland Playhouse,2637,false,,73,242,157,0.6488,70.97,47,0,14357.16,3121.08,0.25,1479,103,0.0696,0.4563
1936,2025-11-18,2025-11-01,weeknight,concert,concerts,The Velvet Echoes,5,Nashville,true,Nashville Arena,19465,false,,248,824,389,0.4721,124.67,124,124,56798.6,14199.68,0.3,4115,330,0.0802,0.3758
1937,2025-11-18,2025-11-01,weeknight,hockey,sports,Austin Longhorns HC,6,Austin,false,Austin Arena,18625,false,0.7,206,702,485,0.6909,110.52,138,0,60726.79,13201.46,0.25,4108,329,0.0801,0.4195
1938,2025-11-18,2025-11-01,weeknight,basketball,sports,Sacramento Monarchs,8,Sacramento,false,Sacramento Arena,19109,false,0.6,188,621,230,0.3704,85.0,76,0,21016.17,4568.72,0.25,1930,159,0.0824,0.478
1939,2025-11-19,2025-11-01,weeknight,theater,theater & comedy,The Understudy,1,Denver,false,Denver Playhouse,2520,false,,35,95,46,0.4842,103.54,17,0,4698.63,1021.44,0.25,520,33,0.0635,0.5152
1940,2025-11-19,2025-11-01,weeknight,basketball,sports,Portland Timber Wolves,4,Portland,false,Portland Arena,19339,false,0.4,225,763,344,0.4509,98.8,100,0,40872.41,8885.32,0.25,2846,233,0.0819,0.4292
1941,2025-11-19,2025-11-01,weeknight,theater,theater & comedy,The Understudy,6,Austin,false,Austin Playhouse,2350,false,,34,108,58,0.537,98.29,17,0,5582.87,1213.67,0.25,563,38,0.0675,0.4474
1942,2025-11-19,2025-11-01,weeknight,comedy,theater & comedy,Luis Hale,7,Columbus,true,Columbus Playhouse,2819,false,,49,185,92,0.4973,65.9,26,26,7598.73,1899.68,0.3,938,62,0.0661,0.4194
1943,2025-11-19,2025-11-01,weeknight,concert,concerts,The Wild Lanterns,8,Sacramento,false,Sacramento Arena,19109,false,,264,928,507,0.5463,99.35,143,0,64101.38,13935.09,0.25,4021,329,0.0818,0.4347
1944,2025-11-19,2025-11-01,weeknight,theater,theater & comedy,The Last Ferry,8,Sacramento,false,Sacramento Playhouse,2242,false,,25,92,35,0.3804,80.91,9,0,4446.65,966.66,0.25,281,16,0.0569,0.5625
1945,2025-11-20,2025-11-01,weeknight,comedy,theater & comedy,Rosa Adler,1,Denver,false,Denver Playhouse,2520,false,,31,93,41,0.4409,27.34,15,0,1196.34,260.08,0.25,504,38,0.0754,0.3947
1946,2025-11-20,2025-11-01,weeknight,hockey,sports,Phoenix Dust Devils,2,Phoenix,true,Phoenix Arena,19646,false,0.7,222,766,431,0.5627,110.5,127,127,55998.09,13999.56,0.3,4448,347,0.078,0.366
1947,2025-11-20,2025-11-01,weeknight,theater,theater & comedy,The Understudy,3,Charlotte,false,Charlotte Playhouse,1903,false,,25,101,70,0.6931,124.98,17,0,7767.73,1688.64,0.25,704,45,0.0639,0.3778
1948,2025-11-21,2025-11-01,weekend,theater,theater & comedy,The Last Ferry,1,Denver,false,Denver Playhouse,2520,false,,47,160,110,0.6875,130.83,32,0,15081.42,3278.53,0.25,1288,85,0.066,0.3765
1949,2025-11-21,2025-11-01,weekend,hockey,sports,Phoenix Dust Devils,2,Phoenix,true,Phoenix Arena,19646,false,0.7,220,713,466,0.6536,125.54,144,144,69058.48,17264.68,0.3,4283,333,0.0777,0.4324
1950,2025-11-21,2025-11-01,weekend,comedy,theater & comedy,Sam Okafor,3,Charlotte,false,Charlotte Playhouse,1903,false,,52,209,150,0.7177,114.22,40,0,21953.64,4772.56,0.25,1419,87,0.0613,0.4598
1951,2025-11-21,2025-11-01,weekend,hockey,sports,Nashville Steel,5,Nashville,true,Nashville Arena,19465,false,0.7,234,801,548,0.6841,95.45,162,162,72932.33,18233.1,0.3,4838,382,0.079,0.4241
1952,2025-11-21,2025-11-01,weekend,hockey,sports,Austin Longhorns HC,6,Austin,false,Austin Arena,18625,false,0.7,309,1037,783,0.7551,144.47,234,0,127431.36,27702.44,0.25,6567,515,0.0784,0.4544
1953,2025-11-21,2025-11-01,weekend,hockey,sports,Columbus Navigators,7,Columbus,true,Columbus Arena,17956,false,0.6,260,901,708,0.7858,160.58,209,209,145685.58,36421.35,0.3,6244,481,0.077,0.4345
1954,2025-11-21,2025-11-01,weekend,concert,concerts,The Wild Machines,8,Sacramento,false,Sacramento Arena,19109,false,,229,801,415,0.5181,114.79,117,0,60763.67,13209.48,0.25,3220,265,0.0823,0.4415
1955,2025-11-22,2025-11-01,weekend,basketball,sports,Charlotte Hornbills,3,Charlotte,false,Charlotte Arena,18003,false,0.5,243,845,545,0.645,120.69,165,0,77639.42,16878.14,0.25,4825,387,0.0802,0.4264
1956,2025-11-22,2025-11-01,weekend,comedy,theater & comedy,Luis Hale,7,Columbus,true,Columbus Playhouse,2819,false,,82,297,185,0.6229,82.92,55,55,20985.96,5246.48,0.3,1662,112,0.0674,0.4911
1957,2025-11-22,2025-11-01,weekend,theater,theater & comedy,Starlight Express Line,8,Sacramento,false,Sacramento Playhouse,2242,false,,51,170,117,0.6882,115.92,35,0,16555.3,3598.97,0.25,1140,75,0.0658,0.4667
1958,2025-11-23,2025-11-01,weekend,football,sports,Denver Summit,1,Denver,false,Denver Stadium,67072,false,0.4,456,1590,881,0.5541,182.69,252,0,180768.92,39297.62,0.25,7209,588,0.0816,0.4286
1959,2025-11-23,2025-11-01,weekend,hockey,sports,Phoenix Dust Devils,2,Phoenix,true,Phoenix Arena,19646,false,0.7,240,796,474,0.5955,114.05,139,139,70403.3,17600.81,0.3,4376,348,0.0795,0.3994
1960,2025-11-23,2025-11-01,weekend,theater,theater & comedy,The Last Ferry,3,Charlotte,false,Charlotte Playhouse,1903,false,,34,111,70,0.6306,105.64,22,0,8903.17,1935.47,0.25,702,42,0.0598,0.5238
1961,2025-11-23,2025-11-01,weekend,football,sports,Charlotte Ironclads,3,Charlotte,false,Charlotte Stadium,67685,false,0.7,454,1595,986,0.6182,156.79,282,0,179334.31,38985.66,0.25,7536,629,0.0835,0.4483
1962,2025-11-23,2025-11-01,weekend,basketball,sports,Portland Timber Wolves,4,Portland,false,Portland Arena,19339,false,0.4,266,878,568,0.6469,118.6,167,0,76869.77,16710.79,0.25,4607,366,0.0794,0.4563
1963,2025-11-23,2025-11-01,weekend,football,sports,Nashville Outlaws,5,Nashville,true,Nashville Stadium,64896,false,0.5,504,1769,1050,0.5936,201.6,303,303,262731.93,65682.9,0.3,8788,725,0.0825,0.4179
1964,2025-11-24,2025-11-01,weeknight,basketball,sports,Denver Altitude,1,Denver,false,Denver Arena,19434,false,0.5,213,672,337,0.5015,87.8,100,0,31839.1,6921.5,0.25,2455,205,0.0835,0.4878
1965,2025-11-24,2025-11-01,weeknight,theater,theater & comedy,Northbound,2,Phoenix,true,Phoenix Playhouse,1894,false,,47,164,96,0.5854,156.31,26,26,17606.81,4401.7,0.3,1084,64,0.059,0.4063
1966,2025-11-24,2025-11-01,weeknight,basketball,sports,Charlotte Hornbills,3,Charlotte,false,Charlotte Arena,18003,false,0.5,181,671,345,0.5142,92.2,94,0,37114.31,8068.27,0.25,2712,215,0.0793,0.4372
1967,2025-11-24,2025-11-01,weeknight,theater,theater & comedy,Starlight Express Line,5,Nashville,true,Nashville Playhouse,2364,false,,45,144,90,0.625,90.37,27,27,9682.59,2420.66,0.3,1179,86,0.0729,0.314
1968,2025-11-24,2025-11-01,weeknight,basketball,sports,Sacramento Monarchs,8,Sacramento,false,Sacramento Arena,19109,false,0.5,186,638,322,0.5047,95.16,95,0,34756.55,7555.8,0.25,2644,211,0.0798,0.4502
1969,2025-11-25,2025-11-01,weeknight,hockey,sports,Phoenix Dust Devils,2,Phoenix,true,Phoenix Arena,19646,false,0.7,220,771,436,0.5655,126.09,127,127,65310.9,16327.69,0.3,3801,302,0.0795,0.4205
1970,2025-11-25,2025-11-01,weeknight,theater,theater & comedy,The Understudy,2,Phoenix,true,Phoenix Playhouse,1894,false,,36,116,46,0.3966,82.23,15,15,3836.81,959.2,0.3,495,35,0.0707,0.4286
1971,2025-11-25,2025-11-01,weeknight,comedy,theater & comedy,Ravi Castillo,4,Portland,false,Portland Playhouse,2637,false,,47,166,114,0.6867,71.87,30,0,10522.82,2287.56,0.25,865,61,0.0705,0.4918
1972,2025-11-25,2025-11-01,weeknight,theater,theater & comedy,Copper & Coal,6,Austin,false,Austin Playhouse,2350,false,,26,76,38,0.5,86.44,11,0,5263.51,1144.24,0.25,429,27,0.0629,0.4074
1973,2025-11-25,2025-11-01,weeknight,hockey,sports,Columbus Navigators,7,Columbus,true,Columbus Arena,17956,false,0.6,200,728,387,0.5316,136.97,107,107,58217.6,14554.46,0.3,3689,289,0.0783,0.3702
1974,2025-11-25,2025-11-01,weeknight,comedy,theater & comedy,Dana Reyes,7,Columbus,true,Columbus Playhouse,2819,false,,62,219,100,0.4566,78.79,30,30,9348.83,2337.2,0.3,1138,79,0.0694,0.3797
1975,2025-11-26,2025-11-01,weeknight,concert,concerts,Theo Adler,6,Austin,false,Austin Arena,18625,false,,317,1051,744,0.7079,208.93,219,0,183352.13,39859.15,0.25,6300,504,0.08,0.4345
1976,2025-11-26,2025-11-01,weeknight,comedy,theater & comedy,Ravi Ibarra,7,Columbus,true,Columbus Playhouse,2819,false,,52,190,96,0.5053,60.23,24,24,6058.22,1514.56,0.3,887,63,0.071,0.381
1977,2025-11-27,2025-11-01,weeknight,concert,concerts,The Silver Wolves,1,Denver,false,Denver Arena,19434,false,,318,1090,684,0.6275,193.56,204,0,155389.69,33780.28,0.25,5917,472,0.0798,0.4322
1978,2025-11-27,2025-11-01,weeknight,hockey,sports,Phoenix Dust Devils,2,Phoenix,true,Phoenix Arena,19646,false,0.7,193,687,379,0.5517,112.48,107,107,53350.62,13337.64,0.3,3379,268,0.0793,0.3993
1979,2025-11-27,2025-11-01,weeknight,hockey,sports,Nashville Steel,5,Nashville,true,Nashville Arena,19465,false,0.7,226,811,514,0.6338,103.15,142,142,69906.52,17476.66,0.3,4453,352,0.079,0.4034
1980,2025-11-27,2025-11-01,weeknight,concert,concerts,The Lucky Wolves,6,Austin,false,Austin Arena,18625,false,,225,776,353,0.4549,81.41,100,0,32178.65,6995.36,0.25,2758,222,0.0805,0.4505
1981,2025-11-27,2025-11-01,weeknight,theater,theater & comedy,The Understudy,6,Austin,false,Austin Playhouse,2350,false,,42,150,77,0.5133,87.43,20,0,7703.34,1674.65,0.25,669,46,0.0688,0.4348
1982,2025-11-27,2025-11-01,weeknight,theater,theater & comedy,Copper & Coal,7,Columbus,true,Columbus Playhouse,2819,false,,34,125,74,0.592,69.81,21,21,6468.74,1617.21,0.3,858,64,0.0746,0.3281
1983,2025-11-28,2025-11-01,weekend,basketball,sports,Denver Altitude,1,Denver,false,Denver Arena,19434,false,0.4,188,651,327,0.5023,96.9,93,0,36428.42,7919.22,0.25,2729,221,0.081,0.4208
1984,2025-11-28,2025-11-01,weekend,theater,theater & comedy,Glass Menagerie Revue,1,Denver,false,Denver Playhouse,2520,false,,38,116,78,0.6724,128.7,24,0,12421.58,2700.32,0.25,868,52,0.0599,0.4615
1985,2025-11-28,2025-11-01,weekend,comedy,theater & comedy,Marcus Fontaine,2,Phoenix,true,Phoenix Playhouse,1894,false,,33,133,59,0.4436,54.09,17,17,4084.13,1021.05,0.3,676,40,0.0592,0.425
1986,2025-11-28,2025-11-01,weekend,concert,concerts,Priya Lindqvist,3,Charlotte,false,Charlotte Arena,18003,false,,232,780,413,0.5295,76.6,122,0,37328.06,8114.77,0.25,3277,270,0.0824,0.4519
1987,2025-11-28,2025-11-01,weekend,theater,theater & comedy,A Winter Almanac,3,Charlotte,false,Charlotte Playhouse,1903,false,,27,104,57,0.5481,94.42,15,0,6620.7,1439.28,0.25,516,31,0.0601,0.4839
1988,2025-11-28,2025-11-01,weekend,basketball,sports,Portland Timber Wolves,4,Portland,false,Portland Arena,19339,false,0.4,238,880,523,0.5943,98.0,141,0,64243.38,13965.97,0.25,3781,307,0.0812,0.4593
1989,2025-11-28,2025-11-01,weekend,comedy,theater & comedy,Elena Castillo,5,Nashville,true,Nashville Playhouse,2364,false,,54,209,97,0.4641,76.31,25,25,8592.69,2148.17,0.3,759,49,0.0646,0.5102
1990,2025-11-28,2025-11-01,weekend,concert,concerts,Omar Castillo,7,Columbus,true,Columbus Arena,17956,false,,482,1641,1280,0.78,344.17,378,378,555479.16,138869.69,0.3,11364,881,0.0775,0.4291
1991,2025-11-28,2025-11-01,weekend,comedy,theater & comedy,Diego Sato,7,Columbus,true,Columbus Playhouse,2819,false,,58,186,118,0.6344,88.24,36,36,12687.5,3171.85,0.3,1313,85,0.0647,0.4235
1992,2025-11-28,2025-11-01,weekend,theater,theater & comedy,Northbound,8,Sacramento,false,Sacramento Playhouse,2242,false,,64,236,159,0.6737,150.57,45,0,30266.26,6579.6,0.25,1543,99,0.0642,0.4545
1993,2025-11-29,2025-11-01,weekend,concert,concerts,The Velvet Pilots,1,Denver,false,Denver Arena,19434,false,,248,823,398,0.4836,90.82,125,0,41563.87,9035.68,0.25,3615,292,0.0808,0.4281
1994,2025-11-29,2025-11-01,weekend,concert,concerts,Iris Whitaker,2,Phoenix,true,Phoenix Arena,19646,false,,262,897,514,0.573,104.22,152,152,66851.09,16712.75,0.3,4314,358,0.083,0.4246
1995,2025-11-29,2025-11-01,weekend,basketball,sports,Charlotte Hornbills,3,Charlotte,false,Charlotte Arena,18003,false,0.5,274,950,665,0.7,138.28,193,0,116373.47,25298.57,0.25,5326,432,0.0811,0.4468
1996,2025-11-29,2025-11-01,weekend,hockey,sports,Nashville Steel,5,Nashville,true,Nashville Arena,19465,false,0.6,226,803,447,0.5567,94.84,124,124,51477.37,12869.31,0.3,3529,287,0.0813,0.4321
1997,2025-11-29,2025-11-01,weekend,theater,theater & comedy,The Lighthouse Keeper,5,Nashville,true,Nashville Playhouse,2364,false,,47,177,140,0.791,105.95,35,35,17351.89,4338.01,0.3,1152,74,0.0642,0.473
1998,2025-11-29,2025-11-01,weekend,comedy,theater & comedy,Sam Fontaine,6,Austin,false,Austin Playhouse,2350,false,,63,234,150,0.641,63.93,36,0,11766.04,2557.84,0.25,1239,81,0.0654,0.4444
1999,2025-11-29,2025-11-01,weekend,hockey,sports,Columbus Navigators,7,Columbus,true,Columbus Arena,17956,false,0.6,232,792,537,0.678,148.65,154,154,99211.84,24802.99,0.3,5040,398,0.079,0.3869
2000,2025-11-29,2025-11-01,weekend,theater,theater & comedy,A Winter Almanac,7,Columbus,true,Columbus Playhouse,2819,false,,56,199,147,0.7387,82.57,38,38,14574.66,3643.68,0.3,1189,90,0.0757,0.4222
2001,2025-11-29,2025-11-01,weekend,comedy,theater & comedy,Sam Ibarra,8,Sacramento,false,Sacramento Playhouse,2242,false,,42,154,96,0.6234,49.63,26,0,4862.6,1057.06,0.25,855,59,0.069,0.4407
2002,2025-11-30,2025-11-01,weekend,basketball,sports,Denver Altitude,1,Denver,false,Denver Arena,19434,false,0.4,194,695,347,0.4993,102.32,99,0,37140.85,8074.09,0.25,2861,229,0.08,0.4323
2003,2025-11-30,2025-11-01,weekend,basketball,sports,Portland Timber Wolves,4,Portland,false,Portland Arena,19339,false,0.4,225,777,471,0.6062,113.48,134,0,61768.46,13427.92,0.25,3859,316,0.0819,0.4241
2004,2025-11-30,2025-11-01,weekend,comedy,theater & comedy,Omar Sato,4,Portland,false,Portland Playhouse,2637,false,,58,189,115,0.6085,63.28,38,0,9117.22,1982.0,0.25,1253,88,0.0702,0.4318
2005,2025-12-01,2025-12-01,weeknight,theater,theater & comedy,Glass Menagerie Revue,4,Portland,false,Portland Playhouse,2637,false,,50,196,114,0.5816,119.44,31,0,16075.16,3494.61,0.25,1064,72,0.0677,0.4306
2006,2025-12-01,2025-12-01,weeknight,theater,theater & comedy,The Understudy,6,Austin,false,Austin Playhouse,2350,false,,30,107,59,0.5514,94.15,16,0,6492.65,1411.44,0.25,612,42,0.0686,0.381
2007,2025-12-02,2025-12-01,weeknight,basketball,sports,Denver Altitude,1,Denver,false,Denver Arena,19434,false,0.4,174,587,277,0.4719,91.3,80,0,29176.04,6342.66,0.25,2206,174,0.0789,0.4598
2008,2025-12-02,2025-12-01,weeknight,hockey,sports,Phoenix Dust Devils,2,Phoenix,true,Phoenix Arena,19646,false,0.8,224,827,543,0.6566,122.97,148,148,82349.39,20587.46,0.3,4759,369,0.0775,0.4011
2009,2025-12-02,2025-12-01,weeknight,theater,theater & comedy,Northbound,3,Charlotte,false,Charlotte Playhouse,1903,false,,39,152,113,0.7434,147.23,29,0,19494.5,4237.91,0.25,1138,72,0.0633,0.4028
2010,2025-12-02,2025-12-01,weeknight,basketball,sports,Portland Timber Wolves,4,Portland,false,Portland Arena,19339,false,0.4,221,786,393,0.5,117.95,122,0,53273.58,11581.21,0.25,3354,271,0.0808,0.4502
2011,2025-12-02,2025-12-01,weeknight,theater,theater & comedy,The Lighthouse Keeper,5,Nashville,true,Nashville Playhouse,2364,false,,42,136,74,0.5441,89.45,23,23,7778.82,1944.7,0.3,844,61,0.0723,0.377
2012,2025-12-02,2025-12-01,weeknight,concert,concerts,The Wild Gardens,6,Austin,false,Austin Arena,18625,false,,242,811,446,0.5499,132.67,133,0,70535.76,15333.82,0.25,4011,328,0.0818,0.4055
2013,2025-12-02,2025-12-01,weeknight,hockey,sports,Columbus Navigators,7,Columbus,true,Columbus Arena,17956,false,0.6,174,651,423,0.6498,122.25,110,110,63835.91,15958.95,0.3,3167,245,0.0774,0.449
2014,2025-12-02,2025-12-01,weeknight,basketball,sports,Sacramento Monarchs,8,Sacramento,false,Sacramento Arena,19109,false,0.5,193,664,313,0.4714,98.54,99,0,35887.1,7801.52,0.25,2811,229,0.0815,0.4323
2015,2025-12-03,2025-12-01,weeknight,concert,concerts,Priya Lindqvist,2,Phoenix,true,Phoenix Arena,19646,false,,240,811,271,0.3342,64.96,84,84,21782.64,5445.66,0.3,2437,198,0.0812,0.4242
2016,2025-12-03,2025-12-01,weeknight,theater,theater & comedy,Harbor Lights,4,Portland,false,Portland Playhouse,2637,false,,40,149,95,0.6376,135.67,27,0,14398.73,3130.17,0.25,881,64,0.0726,0.4219
2017,2025-12-03,2025-12-01,weeknight,theater,theater & comedy,Glass Menagerie Revue,6,Austin,false,Austin Playhouse,2350,false,,33,100,54,0.54,116.86,19,0,6397.88,1390.83,0.25,674,42,0.0623,0.4524
2018,2025-12-04,2025-12-01,weeknight,hockey,sports,Austin Longhorns HC,6,Austin,false,Austin Arena,18625,false,0.7,234,828,536,0.6473,118.14,149,0,72703.57,15805.11,0.25,3954,313,0.0792,0.476
2019,2025-12-04,2025-12-01,weeknight,hockey,sports,Columbus Navigators,7,Columbus,true,Columbus Arena,17956,false,0.5,196,681,409,0.6006,136.18,119,119,66965.37,16741.3,0.3,3884,304,0.0783,0.3914
2020,2025-12-04,2025-12-01,weeknight,theater,theater & comedy,Harbor Lights,8,Sacramento,false,Sacramento Playhouse,2242,false,,43,152,110,0.7237,147.82,29,0,18220.67,3961.04,0.25,1123,69,0.0614,0.4203
2021,2025-12-05,2025-12-01,weekend,concert,concerts,Ben Whitaker,2,Phoenix,true,Phoenix Arena,19646,false,,248,876,403,0.46,65.46,112,112,30555.32,7638.82,0.3,3408,276,0.081,0.4058
2022,2025-12-05,2025-12-01,weekend,basketball,sports,Charlotte Hornbills,3,Charlotte,false,Charlotte Arena,18003,false,0.6,216,800,498,0.6225,141.26,132,0,83000.83,18043.62,0.25,4115,325,0.079,0.4062
2023,2025-12-05,2025-12-01,weekend,theater,theater & comedy,The Clockmaker,6,Austin,false,Austin Playhouse,2350,false,,66,214,157,0.7336,150.28,47,0,30225.6,6570.77,0.25,1647,115,0.0698,0.4087
2024,2025-12-05,2025-12-01,weekend,concert,concerts,The Neon Rivers,7,Columbus,true,Columbus Arena,17956,false,,303,1082,635,0.5869,130.72,176,176,96900.28,24225.13,0.3,5069,412,0.0813,0.4272
2025,2025-12-06,2025-12-01,weekend,comedy,theater & comedy,Hana Reyes,2,Phoenix,true,Phoenix Playhouse,1894,false,,48,179,115,0.6425,69.98,31,31,9151.59,2287.9,0.3,1133,70,0.0618,0.4429
2026,2025-12-06,2025-12-01,weekend,hockey,sports,Austin Longhorns HC,6,Austin,false,Austin Arena,18625,false,0.6,265,984,762,0.7744,126.11,204,0,119689.49,26019.47,0.25,5813,456,0.0784,0.4474
2027,2025-12-07,2025-12-01,weekend,theater,theater & comedy,Northbound,1,Denver,false,Denver Playhouse,2520,false,,55,203,130,0.6404,177.3,36,0,27731.96,6028.67,0.25,1335,82,0.0614,0.439
2028,2025-12-07,2025-12-01,weekend,football,sports,Denver Summit,1,Denver,false,Denver Stadium,67072,false,0.3,504,1708,1039,0.6083,174.88,300,0,209946.5,45640.52,0.25,8605,704,0.0818,0.4261
2029,2025-12-07,2025-12-01,weekend,comedy,theater & comedy,Maya Adler,3,Charlotte,false,Charlotte Playhouse,1903,false,,42,137,87,0.635,70.97,30,0,6473.86,1407.35,0.25,981,59,0.0601,0.5085
2030,2025-12-07,2025-12-01,weekend,football,sports,Charlotte Ironclads,3,Charlotte,false,Charlotte Stadium,67685,false,0.5,490,1666,1042,0.6255,163.47,305,0,201318.33,43764.87,0.25,8309,689,0.0829,0.4427
2031,2025-12-07,2025-12-01,weekend,football,sports,Nashville Outlaws,5,Nashville,true,Nashville Stadium,64896,false,0.4,482,1637,868,0.5302,184.09,265,265,194949.72,48737.48,0.3,7833,637,0.0813,0.416
2032,2025-12-07,2025-12-01,weekend,hockey,sports,Columbus Navigators,7,Columbus,true,Columbus Arena,17956,false,0.6,264,897,631,0.7035,138.61,182,182,104790.0,26197.52,0.3,5182,425,0.082,0.4282
2033,2025-12-08,2025-12-01,weeknight,hockey,sports,Phoenix Dust Devils,2,Phoenix,true,Phoenix Arena,19646,false,0.9,243,851,565,0.6639,115.03,166,166,83164.53,20791.06,0.3,4837,399,0.0825,0.416
2034,2025-12-09,2025-12-01,weeknight,comedy,theater & comedy,Maya Adler,3,Charlotte,false,Charlotte Playhouse,1903,false,,43,127,84,0.6614,49.83,29,0,6064.7,1318.41,0.25,933,65,0.0697,0.4462
2035,2025-12-09,2025-12-01,weeknight,theater,theater & comedy,Paper Moons,4,Portland,false,Portland Playhouse,2637,false,,40,123,51,0.4146,94.68,17,0,5667.75,1232.11,0.25,437,29,0.0664,0.5862
2036,2025-12-09,2025-12-01,weeknight,hockey,sports,Columbus Navigators,7,Columbus,true,Columbus Arena,17956,false,0.6,217,753,421,0.5591,132.55,128,128,62745.23,15686.29,0.3,3987,310,0.0778,0.4129
2037,2025-12-10,2025-12-01,weeknight,theater,theater & comedy,The Understudy,2,Phoenix,true,Phoenix Playhouse,1894,false,,37,132,70,0.5303,91.58,20,20,7642.63,1910.66,0.3,789,53,0.0672,0.3774
2038,2025-12-10,2025-12-01,weeknight,hockey,sports,Nashville Steel,5,Nashville,true,Nashville Arena,19465,false,0.6,178,658,305,0.4635,84.31,84,84,34319.3,8579.82,0.3,2821,225,0.0798,0.3733
2039,2025-12-11,2025-12-01,weeknight,basketball,sports,Denver Altitude,1,Denver,false,Denver Arena,19434,false,0.3,182,615,285,0.4634,73.95,83,0,25096.98,5455.86,0.25,2275,183,0.0804,0.4536
2040,2025-12-11,2025-12-01,weeknight,theater,theater & comedy,The Lighthouse Keeper,2,Phoenix,true,Phoenix Playhouse,1894,false,,44,127,73,0.5748,94.37,27,27,8288.45,2072.1,0.3,1056,67,0.0634,0.403
2041,2025-12-11,2025-12-01,weeknight,theater,theater & comedy,Harbor Lights,4,Portland,false,Portland Playhouse,2637,false,,31,102,75,0.7353,144.7,21,0,15505.27,3370.71,0.25,660,36,0.0545,0.5833
2042,2025-12-12,2025-12-01,weekend,concert,concerts,Marcus Moreno,2,Phoenix,true,Phoenix Arena,19646,false,,345,1154,777,0.6733,211.7,228,228,217537.07,54384.33,0.3,6440,508,0.0789,0.4488
2043,2025-12-12,2025-12-01,weekend,theater,theater & comedy,The Lighthouse Keeper,2,Phoenix,true,Phoenix Playhouse,1894,false,,31,117,86,0.735,109.34,20,20,13829.27,3457.31,0.3,894,57,0.0638,0.3509
2044,2025-12-12,2025-12-01,weekend,theater,theater & comedy,The Understudy,3,Charlotte,false,Charlotte Playhouse,1903,false,,37,110,66,0.6,94.59,22,0,7566.17,1644.83,0.25,638,42,0.0658,0.5238
2045,2025-12-12,2025-12-01,weekend,concert,concerts,The Lucky Tides,5,Nashville,true,Nashville Arena,19465,false,,241,832,453,0.5445,81.14,119,119,48159.76,12039.93,0.3,3477,284,0.0817,0.419
2046,2025-12-12,2025-12-01,weekend,hockey,sports,Columbus Navigators,7,Columbus,true,Columbus Arena,17956,false,0.5,248,871,583,0.6693,139.29,161,161,103516.7,25879.15,0.3,4813,387,0.0804,0.416
2047,2025-12-13,2025-12-01,weekend,basketball,sports,Denver Altitude,1,Denver,false,Denver Arena,19434,false,0.2,205,720,340,0.4722,82.2,97,0,33918.24,7373.51,0.25,2899,237,0.0818,0.4093
2048,2025-12-13,2025-12-01,weekend,theater,theater & comedy,The Last Ferry,1,Denver,false,Denver Playhouse,2520,false,,36,127,75,0.5906,105.09,19,0,8544.46,1857.49,0.25,674,37,0.0549,0.5135
2049,2025-12-13,2025-12-01,weekend,concert,concerts,The Crimson Harbors,2,Phoenix,true,Phoenix Arena,19646,false,,342,1114,755,0.6777,157.32,233,233,147030.55,36757.68,0.3,6821,543,0.0796,0.4291
2050,2025-12-13,2025-12-01,weekend,comedy,theater & comedy,Omar Okafor,3,Charlotte,false,Charlotte Playhouse,1903,false,,43,125,60,0.48,58.46,20,0,3291.06,715.45,0.25,688,43,0.0625,0.4651
2051,2025-12-13,2025-12-01,weekend,theater,theater & comedy,The Clockmaker,6,Austin,false,Austin Playhouse,2350,false,,42,150,90,0.6,129.62,26,0,13742.42,2987.46,0.25,842,50,0.0594,0.52
2052,2025-12-13,2025-12-01,weekend,concert,concerts,The Paper Machines,7,Columbus,true,Columbus Arena,17956,false,,301,1058,693,0.655,154.99,197,197,131538.69,32884.67,0.3,5713,463,0.081,0.4255
2053,2025-12-13,2025-12-01,weekend,comedy,theater & comedy,Luis Moreno,8,Sacramento,false,Sacramento Playhouse,2242,false,,43,143,91,0.6364,58.11,26,0,5519.99,1199.97,0.25,889,60,0.0675,0.4333
2054,2025-12-14,2025-12-01,weekend,comedy,theater & comedy,Omar Okafor,2,Phoenix,true,Phoenix Playhouse,1894,false,,38,146,86,0.589,44.11,20,20,4388.1,1097.01,0.3,662,46,0.0695,0.4348
2055,2025-12-14,2025-12-01,weekend,basketball,sports,Charlotte Hornbills,3,Charlotte,false,Charlotte Arena,18003,false,0.4,250,864,589,0.6817,117.44,171,0,84650.23,18402.27,0.25,4576,357,0.078,0.479
2056,2025-12-14,2025-12-01,weekend,concert,concerts,The Lucky Gardens,6,Austin,false,Austin Arena,18625,false,,227,762,395,0.5184,95.28,125,0,46020.65,10004.49,0.25,3525,287,0.0814,0.4355
2057,2025-12-14,2025-12-01,weekend,basketball,sports,Sacramento Monarchs,8,Sacramento,false,Sacramento Arena,19109,false,0.7,244,872,555,0.6365,111.6,157,0,69362.24,15078.81,0.25,4462,373,0.0836,0.4209
2058,2025-12-15,2025-12-01,weeknight,concert,concerts,Jordan Mensah,1,Denver,false,Denver Arena,19434,false,,239,811,442,0.545,104.54,128,0,55126.93,11984.06,0.25,3537,294,0.0831,0.4354
2059,2025-12-15,2025-12-01,weeknight,theater,theater & comedy,Dust Bowl Ballads,3,Charlotte,false,Charlotte Playhouse,1903,false,,34,115,79,0.687,110.09,24,0,10142.16,2204.81,0.25,801,51,0.0637,0.4706
2060,2025-12-15,2025-12-01,weeknight,hockey,sports,Austin Longhorns HC,6,Austin,false,Austin Arena,18625,false,0.6,187,622,396,0.6367,91.48,109,0,42374.29,9211.79,0.25,3198,253,0.0791,0.4308
2061,2025-12-16,2025-12-01,weeknight,comedy,theater & comedy,Kofi Moreno,1,Denver,false,Denver Playhouse,2520,false,,49,166,94,0.5663,50.46,26,0,5561.85,1209.09,0.25,932,70,0.0751,0.3714
2062,2025-12-16,2025-12-01,weeknight,comedy,theater & comedy,Luis Sato,2,Phoenix,true,Phoenix Playhouse,1894,false,,36,124,58,0.4677,73.81,16,16,5578.29,1394.58,0.3,655,40,0.0611,0.4
2063,2025-12-16,2025-12-01,weeknight,theater,theater & comedy,The Last Ferry,3,Charlotte,false,Charlotte Playhouse,1903,false,,29,114,77,0.6754,89.79,17,0,7602.05,1652.61,0.25,648,45,0.0694,0.3778
2064,2025-12-16,2025-12-01,weeknight,theater,theater & comedy,The Lighthouse Keeper,6,Austin,false,Austin Playhouse,2350,false,,30,94,47,0.5,96.27,15,0,5548.8,1206.27,0.25,492,35,0.0711,0.4286
2065,2025-12-16,2025-12-01,weeknight,hockey,sports,Columbus Navigators,7,Columbus,true,Columbus Arena,17956,false,0.4,185,618,307,0.4968,110.66,97,97,41440.32,10360.03,0.3,3368,264,0.0784,0.3674
2066,2025-12-17,2025-12-01,weeknight,hockey,sports,Columbus Navigators,7,Columbus,true,Columbus Arena,17956,false,0.4,197,701,425,0.6063,111.77,118,118,59482.86,14870.59,0.3,3879,306,0.0789,0.3856
2067,2025-12-17,2025-12-01,weeknight,concert,concerts,Iris Ibarra,8,Sacramento,false,Sacramento Arena,19109,false,,221,764,460,0.6021,128.61,131,0,63817.34,13873.35,0.25,3781,299,0.0791,0.4381
2068,2025-12-18,2025-12-01,weeknight,hockey,sports,Phoenix Dust Devils,2,Phoenix,true,Phoenix Arena,19646,false,0.9,223,762,447,0.5866,124.42,134,134,64817.28,16204.42,0.3,4152,320,0.0771,0.4188
2069,2025-12-18,2025-12-01,weeknight,basketball,sports,Portland Timber Wolves,4,Portland,false,Portland Arena,19339,false,0.5,205,684,461,0.674,106.16,137,0,60775.4,13212.05,0.25,3646,290,0.0795,0.4724
2070,2025-12-18,2025-12-01,weeknight,hockey,sports,Nashville Steel,5,Nashville,true,Nashville Arena,19465,false,0.5,207,736,401,0.5448,90.79,110,110,46256.39,11564.08,0.3,3590,281,0.0783,0.3915
2071,2025-12-18,2025-12-01,weeknight,concert,concerts,The Silver Ghosts,8,Sacramento,false,Sacramento Arena,19109,false,,311,1079,790,0.7322,234.7,228,0,218020.59,47395.77,0.25,6353,498,0.0784,0.4578
2072,2025-12-18,2025-12-01,weeknight,theater,theater & comedy,The Last Ferry,8,Sacramento,false,Sacramento Playhouse,2242,false,,40,140,80,0.5714,103.24,23,0,9698.68,2108.41,0.25,789,54,0.0684,0.4259
2073,2025-12-19,2025-12-01,weekend,concert,concerts,Omar Reyes,1,Denver,false,Denver Arena,19434,false,,361,1295,938,0.7243,231.58,258,0,272601.61,59261.2,0.25,7096,567,0.0799,0.455
2074,2025-12-19,2025-12-01,weekend,comedy,theater & comedy,Jordan Kowalski,1,Denver,false,Denver Playhouse,2520,false,,39,126,47,0.373,45.68,16,0,2972.48,646.19,0.25,502,31,0.0618,0.5161
2075,2025-12-19,2025-12-01,weekend,hockey,sports,Austin Longhorns HC,6,Austin,false,Austin Arena,18625,false,0.7,226,802,544,0.6783,118.67,149,0,74744.3,16248.74,0.25,4476,343,0.0766,0.4344
2076,2025-12-19,2025-12-01,weekend,concert,concerts,The Silver Gardens,7,Columbus,true,Columbus Arena,17956,false,,259,905,610,0.674,154.64,174,174,117564.27,29391.07,0.3,4653,372,0.0799,0.4677
2077,2025-12-19,2025-12-01,weekend,concert,concerts,The Northern Ghosts,8,Sacramento,false,Sacramento Arena,19109,false,,305,1126,739,0.6563,189.34,209,0,169128.68,36767.1,0.25,5883,464,0.0789,0.4504
2078,2025-12-20,2025-12-01,weekend,concert,concerts,Omar Reyes,2,Phoenix,true,Phoenix Arena,19646,false,,489,1617,1258,0.778,298.0,380,380,488518.41,122129.55,0.3,11374,884,0.0777,0.4299
2079,2025-12-20,2025-12-01,weekend,basketball,sports,Charlotte Hornbills,3,Charlotte,false,Charlotte Arena,18003,false,0.3,231,812,510,0.6281,113.77,150,0,68515.11,14894.6,0.25,4252,341,0.0802,0.4399
2080,2025-12-20,2025-12-01,weekend,hockey,sports,Columbus Navigators,7,Columbus,true,Columbus Arena,17956,false,0.4,196,647,395,0.6105,132.17,112,112,61231.33,15307.8,0.3,3637,293,0.0806,0.3823
2081,2025-12-20,2025-12-01,weekend,theater,theater & comedy,Dust Bowl Ballads,8,Sacramento,false,Sacramento Playhouse,2242,false,,39,133,98,0.7368,93.46,30,0,13559.61,2947.73,0.25,1066,68,0.0638,0.4412
2082,2025-12-21,2025-12-01,weekend,football,sports,Denver Summit,1,Denver,false,Denver Stadium,67072,false,0.3,500,1817,1050,0.5779,182.96,298,0,222550.15,48380.5,0.25,8637,709,0.0821,0.4203
2083,2025-12-21,2025-12-01,weekend,football,sports,Charlotte Ironclads,3,Charlotte,false,Charlotte Stadium,67685,false,0.6,499,1766,1107,0.6268,166.2,306,0,211403.37,45957.28,0.25,8228,679,0.0825,0.4507
2084,2025-12-21,2025-12-01,weekend,concert,concerts,Omar Castillo,4,Portland,false,Portland Arena,19339,false,,541,1846,1494,0.8093,363.47,437,0,678891.2,147585.05,0.25,12697,973,0.0766,0.4491
2085,2025-12-21,2025-12-01,weekend,theater,theater & comedy,Dust Bowl Ballads,4,Portland,false,Portland Playhouse,2637,false,,65,205,145,0.7073,124.07,46,0,20026.41,4353.56,0.25,1661,114,0.0686,0.4035
2086,2025-12-21,2025-12-01,weekend,football,sports,Nashville Outlaws,5,Nashville,true,Nashville Stadium,64896,false,0.4,527,1773,1054,0.5945,199.54,322,322,260700.86,65175.21,0.3,8789,745,0.0848,0.4322
2087,2025-12-22,2025-12-01,weeknight,hockey,sports,Phoenix Dust Devils,2,Phoenix,true,Phoenix Arena,19646,false,0.9,218,752,457,0.6077,115.81,133,133,60422.85,15105.79,0.3,4086,326,0.0798,0.408
2088,2025-12-22,2025-12-01,weeknight,basketball,sports,Charlotte Hornbills,3,Charlotte,false,Charlotte Arena,18003,false,0.3,190,659,321,0.4871,99.1,99,0,36982.36,8039.68,0.25,2742,220,0.0802,0.45
2089,2025-12-22,2025-12-01,weeknight,basketball,sports,Portland Timber Wolves,4,Portland,false,Portland Arena,19339,false,0.3,191,669,333,0.4978,87.92,87,0,32839.91,7139.06,0.25,2351,193,0.0821,0.4508
2090,2025-12-22,2025-12-01,weeknight,theater,theater & comedy,Starlight Express Line,4,Portland,false,Portland Playhouse,2637,false,,48,156,87,0.5577,140.31,25,0,14379.28,3125.92,0.25,844,51,0.0604,0.4902
2091,2025-12-23,2025-12-01,weeknight,concert,concerts,Jordan Nguyen,3,Charlotte,false,Charlotte Arena,18003,true,,246,830,427,0.5145,108.2,128,0,0.0,0.0,,3663,294,0.0803,0.4354
2092,2025-12-23,2025-12-01,weeknight,theater,theater & comedy,The Last Ferry,3,Charlotte,false,Charlotte Playhouse,1903,false,,40,156,56,0.359,109.75,14,0,7585.91,1649.11,0.25,376,24,0.0638,0.5833
2093,2025-12-23,2025-12-01,weeknight,concert,concerts,The Hollow Hearts,7,Columbus,true,Columbus Arena,17956,false,,283,925,492,0.5319,184.82,149,149,104222.13,26055.56,0.3,4668,369,0.079,0.4038
2094,2025-12-24,2025-12-01,weeknight,theater,theater & comedy,Starlight Express Line,2,Phoenix,true,Phoenix Playhouse,1894,false,,36,119,59,0.4958,127.97,17,17,9777.53,2444.37,0.3,852,49,0.0575,0.3469
2095,2025-12-24,2025-12-01,weeknight,concert,concerts,Sam Kowalski,3,Charlotte,false,Charlotte Arena,18003,false,,258,936,486,0.5192,126.83,138,0,70866.38,15405.74,0.25,3685,303,0.0822,0.4554
2096,2025-12-24,2025-12-01,weeknight,hockey,sports,Nashville Steel,5,Nashville,true,Nashville Arena,19465,false,0.6,207,730,369,0.5055,89.34,105,105,40176.94,10044.27,0.3,3383,274,0.081,0.3832
2097,2025-12-24,2025-12-01,weeknight,theater,theater & comedy,Dust Bowl Ballads,5,Nashville,true,Nashville Playhouse,2364,false,,32,101,43,0.4257,106.28,12,12,6503.92,1625.98,0.3,496,31,0.0625,0.3871
2098,2025-12-24,2025-12-01,weeknight,basketball,sports,Sacramento Monarchs,8,Sacramento,false,Sacramento Arena,19109,false,0.7,235,780,433,0.5551,112.74,130,0,54151.9,11772.17,0.25,3692,294,0.0796,0.4422
2099,2025-12-24,2025-12-01,weeknight,theater,theater & comedy,Copper & Coal,8,Sacramento,false,Sacramento Playhouse,2242,false,,23,97,43,0.4433,63.94,10,0,3503.91,761.72,0.25,324,17,0.0525,0.5882
2100,2025-12-25,2025-12-01,weeknight,basketball,sports,Denver Altitude,1,Denver,false,Denver Arena,19434,false,0.3,210,776,411,0.5296,93.3,106,0,41420.74,9004.52,0.25,2942,236,0.0802,0.4492
2101,2025-12-25,2025-12-01,weeknight,hockey,sports,Phoenix Dust Devils,2,Phoenix,true,Phoenix Arena,19646,false,0.7,213,715,447,0.6252,112.65,133,133,59461.36,14865.3,0.3,4018,323,0.0804,0.4118
2102,2025-12-25,2025-12-01,weeknight,theater,theater & comedy,Glass Menagerie Revue,7,Columbus,true,Columbus Playhouse,2819,false,,55,182,102,0.5604,120.02,32,32,15733.67,3933.45,0.3,1450,96,0.0662,0.3333
2103,2025-12-26,2025-12-01,weekend,concert,concerts,The Silver Comets,1,Denver,false,Denver Arena,19434,false,,245,854,511,0.5984,112.69,144,0,66194.51,14390.15,0.25,4130,333,0.0806,0.4324
2104,2025-12-26,2025-12-01,weekend,concert,concerts,The Golden Tides,2,Phoenix,true,Phoenix Arena,19646,false,,223,767,472,0.6154,104.48,136,136,56819.38,14204.86,0.3,3938,325,0.0825,0.4185
2105,2025-12-26,2025-12-01,weekend,concert,concerts,The Broken Echoes,4,Portland,false,Portland Arena,19339,false,,212,777,420,0.5405,57.45,110,0,28031.16,6093.69,0.25,2953,249,0.0843,0.4418
2106,2025-12-26,2025-12-01,weekend,theater,theater & comedy,Paper Moons,4,Portland,false,Portland Playhouse,2637,false,,50,171,123,0.7193,109.02,35,0,15772.07,3428.71,0.25,1044,75,0.0718,0.4667
2107,2025-12-26,2025-12-01,weekend,hockey,sports,Nashville Steel,5,Nashville,true,Nashville Arena,19465,false,0.6,251,842,525,0.6235,103.61,162,162,70172.2,17543.03,0.3,4592,363,0.0791,0.4463
2108,2025-12-26,2025-12-01,weekend,theater,theater & comedy,The Clockmaker,5,Nashville,true,Nashville Playhouse,2364,false,,47,169,104,0.6154,144.85,29,29,15858.94,3964.75,0.3,1011,59,0.0584,0.4915
2109,2025-12-26,2025-12-01,weekend,theater,theater & comedy,Glass Menagerie Revue,6,Austin,false,Austin Playhouse,2350,false,,36,118,86,0.7288,137.7,24,0,13330.19,2897.87,0.25,775,47,0.0606,0.5106
2110,2025-12-27,2025-12-01,weekend,basketball,sports,Denver Altitude,1,Denver,false,Denver Arena,19434,false,0.4,240,858,401,0.4674,94.9,119,0,43527.12,9462.45,0.25,3454,275,0.0796,0.4327
2111,2025-12-27,2025-12-01,weekend,comedy,theater & comedy,Luis Mensah,2,Phoenix,true,Phoenix Playhouse,1894,false,,53,186,127,0.6828,65.37,34,34,10964.9,2741.25,0.3,1536,105,0.0684,0.3238
2112,2025-12-27,2025-12-01,weekend,basketball,sports,Portland Timber Wolves,4,Portland,false,Portland Arena,19339,false,0.3,246,883,531,0.6014,104.23,144,0,62333.17,13550.7,0.25,4043,335,0.0829,0.4299
2113,2025-12-27,2025-12-01,weekend,hockey,sports,Austin Longhorns HC,6,Austin,false,Austin Arena,18625,false,0.7,245,828,604,0.7295,120.51,180,0,85846.56,18662.28,0.25,5243,397,0.0757,0.4534
2114,2025-12-27,2025-12-01,weekend,hockey,sports,Columbus Navigators,7,Columbus,true,Columbus Arena,17956,false,0.5,222,816,593,0.7267,143.23,157,157,112717.23,28179.32,0.3,4566,360,0.0788,0.4361
2115,2025-12-28,2025-12-01,weekend,basketball,sports,Denver Altitude,1,Denver,false,Denver Arena,19434,false,0.5,220,800,506,0.6325,107.62,128,0,59465.38,12927.23,0.25,3620,291,0.0804,0.4399
2116,2025-12-28,2025-12-01,weekend,hockey,sports,Phoenix Dust Devils,2,Phoenix,true,Phoenix Arena,19646,false,0.6,199,672,401,0.5967,116.38,119,119,53731.39,13432.9,0.3,3580,280,0.0782,0.425
2117,2025-12-28,2025-12-01,weekend,basketball,sports,Charlotte Hornbills,3,Charlotte,false,Charlotte Arena,18003,false,0.4,240,834,479,0.5743,110.58,138,0,63140.22,13726.06,0.25,3662,297,0.0811,0.4646
2118,2025-12-28,2025-12-01,weekend,comedy,theater & comedy,Kofi Moreno,6,Austin,false,Austin Playhouse,2350,false,,46,132,88,0.6667,67.25,30,0,6844.27,1487.89,0.25,1037,68,0.0656,0.4412
2119,2025-12-28,2025-12-01,weekend,hockey,sports,Columbus Navigators,7,Columbus,true,Columbus Arena,17956,false,0.4,193,653,404,0.6187,121.8,115,115,59473.67,14868.43,0.3,3152,247,0.0784,0.4656
2120,2025-12-29,2025-12-01,weeknight,comedy,theater & comedy,Aisha Lindqvist,3,Charlotte,false,Charlotte Playhouse,1903,false,,37,134,75,0.5597,49.67,22,0,4951.04,1076.32,0.25,703,46,0.0654,0.4783
2121,2025-12-29,2025-12-01,weeknight,comedy,theater & comedy,Sam Okafor,4,Portland,false,Portland Playhouse,2637,false,,70,293,218,0.744,135.0,53,0,32531.27,7072.02,0.25,1890,122,0.0646,0.4344
2122,2025-12-29,2025-12-01,weeknight,hockey,sports,Nashville Steel,5,Nashville,true,Nashville Arena,19465,false,0.5,175,606,310,0.5116,74.62,88,88,31009.96,7752.47,0.3,2843,226,0.0795,0.3894
2123,2025-12-29,2025-12-01,weeknight,hockey,sports,Austin Longhorns HC,6,Austin,false,Austin Arena,18625,false,0.7,207,702,370,0.5271,100.22,114,0,43727.51,9505.99,0.25,3422,269,0.0786,0.4238
2124,2025-12-29,2025-12-01,weeknight,concert,concerts,Priya Adler,8,Sacramento,false,Sacramento Arena,19109,false,,269,975,616,0.6318,124.68,162,0,89427.11,19440.69,0.25,4314,358,0.083,0.4525
2125,2025-12-29,2025-12-01,weeknight,comedy,theater & comedy,Omar Okafor,8,Sacramento,false,Sacramento Playhouse,2242,false,,48,161,61,0.3789,43.5,18,0,2716.59,590.56,0.25,579,46,0.0794,0.3913
2126,2025-12-30,2025-12-01,weeknight,theater,theater & comedy,The Last Ferry,1,Denver,false,Denver Playhouse,2520,false,,40,129,73,0.5659,102.89,22,0,8428.59,1832.32,0.25,638,47,0.0737,0.4681
2127,2025-12-30,2025-12-01,weeknight,comedy,theater & comedy,Ravi Castillo,2,Phoenix,true,Phoenix Playhouse,1894,false,,36,120,58,0.4833,99.06,16,16,7996.88,1999.23,0.3,796,49,0.0616,0.3265
2128,2025-12-30,2025-12-01,weeknight,theater,theater & comedy,Harbor Lights,3,Charlotte,false,Charlotte Playhouse,1903,false,,28,93,49,0.5269,126.37,16,0,5887.9,1279.97,0.25,577,37,0.0641,0.4324
2129,2025-12-30,2025-12-01,weeknight,basketball,sports,Portland Timber Wolves,4,Portland,false,Portland Arena,19339,false,0.4,179,647,306,0.473,92.56,85,0,32014.16,6959.55,0.25,2446,201,0.0822,0.4229
2130,2025-12-30,2025-12-01,weeknight,comedy,theater & comedy,Nina Kowalski,4,Portland,false,Portland Playhouse,2637,false,,55,205,116,0.5659,76.42,30,0,9758.33,2121.37,0.25,922,66,0.0716,0.4545
2131,2025-12-30,2025-12-01,weeknight,theater,theater & comedy,Dust Bowl Ballads,6,Austin,false,Austin Playhouse,2350,false,,39,144,95,0.6597,111.83,25,0,13293.51,2889.9,0.25,867,56,0.0646,0.4464
2132,2025-12-30,2025-12-01,weeknight,theater,theater & comedy,Paper Moons,7,Columbus,true,Columbus Playhouse,2819,false,,42,131,86,0.6565,91.96,25,25,10784.56,2696.11,0.3,943,70,0.0742,0.3571
2133,2025-12-30,2025-12-01,weeknight,theater,theater & comedy,Harbor Lights,8,Sacramento,false,Sacramento Playhouse,2242,false,,23,81,53,0.6543,133.54,14,0,8137.35,1768.99,0.25,558,30,0.0538,0.4667
2134,2025-12-31,2025-12-01,weeknight,concert,concerts,The Wild Lanterns,1,Denver,false,Denver Arena,19434,false,,244,887,484,0.5457,107.14,134,0,58887.41,12801.61,0.25,3800,318,0.0837,0.4214
2135,2025-12-31,2025-12-01,weeknight,concert,concerts,Ben Fontaine,2,Phoenix,true,Phoenix Arena,19646,false,,280,967,466,0.4819,136.3,140,140,79990.28,19997.54,0.3,4269,339,0.0794,0.413
2136,2025-12-31,2025-12-01,weeknight,theater,theater & comedy,The Last Ferry,3,Charlotte,false,Charlotte Playhouse,1903,false,,32,125,85,0.68,84.18,22,0,8932.59,1941.87,0.25,652,43,0.066,0.5116
2137,2025-12-31,2025-12-01,weeknight,concert,concerts,The Northern Hearts,5,Nashville,true,Nashville Arena,19465,false,,225,767,345,0.4498,87.93,101,101,33221.48,8305.36,0.3,3127,262,0.0838,0.3855
2138,2025-12-31,2025-12-01,weeknight,comedy,theater & comedy,Sam Nguyen,5,Nashville,true,Nashville Playhouse,2364,false,,50,176,91,0.517,69.65,25,25,7893.59,1973.38,0.3,908,57,0.0628,0.4386
2139,2025-12-31,2025-12-01,weeknight,comedy,theater & comedy,Maya Adler,6,Austin,false,Austin Playhouse,2350,false,,48,180,109,0.6056,77.02,28,0,7908.43,1719.24,0.25,877,58,0.0661,0.4828
